주성분,복합제구분,복합제성분,약효분류,금기내용,비고,DUR성분영문명,DUR성분코드,병용금기DUR성분코드,병용금기DUR성분명,병용금기DUR성분영문명,병용금기주성분
[M253921]릴피비린염산염,단일,-,기타의화학요법제,위장pH의증가로릴피비린의흡수가저하되어릴피비린의치료효과감소,-,RilpivirineHydrochloride,D000225,D000153,에스오메프라졸마그네슘삼수화물,EsomeprazoleMagnesiumTrihydrate,[M092321]에스오메프라졸마그네슘삼수화물
[M089710]심바스타틴,단일,-,동맥경화용제,근병증|횡문근융해의위험증가,-,Simvastatin,D000027,D000769,케토코나졸,Ketoconazole,[M080618]케토코나졸/[M080618]케토코나졸/[M080618]케토코나졸/[M080618]케토코나졸
[M097492]에제티미브/[M089710]심바스타틴/[M097492]에제티미브/[M089710]심바스타틴,단일,-,동맥경화용제,근병증|횡문근융해의위험증가,-,Simvastatin,D000027,D000769,케토코나졸,Ketoconazole,[M080618]케토코나졸/[M080618]케토코나졸/[M080618]케토코나졸/[M080618]케토코나졸
[M089710]심바스타틴/[M097492]에제티미브,단일,-,동맥경화용제,근병증|횡문근융해의위험증가,-,Simvastatin,D000027,D000769,케토코나졸,Ketoconazole,[M080618]케토코나졸/[M080618]케토코나졸/[M080618]케토코나졸/[M080618]케토코나졸
[M211313]알프라졸람,단일,-,정신신경용제,alprazolam의혈장농도증가|수면및진정작용증강및연장,-,Alprazolam,D000660,D000769,케토코나졸,Ketoconazole,[M080618]케토코나졸/[M080618]케토코나졸/[M080618]케토코나졸/[M080618]케토코나졸
[M051464]케토프로펜,단일,-,해열.진통.소염제,신세뇨관에서Methotrexate배설이지연되어Methotrexate의혈액학적독성증가,methotrexate1週에15mg이상투여시,Ketoprofen,D000672,D000716,메토트렉세이트,Methotrexate,[M040168]메토트렉세이트/[M040168]메토트렉세이트/[M040168]메토트렉세이트
[M081361]케토프로펜리신,단일,-,해열.진통.소염제,신세뇨관에서Methotrexate배설이지연되어Methotrexate의혈액학적독성증가,methotrexate1週에15mg이상투여시,KetoprofenLysin,D000672,D000716,메토트렉세이트,Methotrexate,[M040168]메토트렉세이트/[M040168]메토트렉세이트/[M040168]메토트렉세이트
[M086538]분무건조아시트레틴25%,단일,-,비타민A및D제,간독성,-,SprayDriedAcitretin25%,D000019,D000716,메토트렉세이트,Methotrexate,[M040168]메토트렉세이트/[M040168]메토트렉세이트/[M040168]메토트렉세이트
[M082086]테녹시캄,단일,-,해열.진통.소염제,혈액학적독성,methotrexate(1週에20mg이상투여시),Tenoxicam,D000060,D000716,메토트렉세이트,Methotrexate,[M040168]메토트렉세이트/[M040168]메토트렉세이트/[M040168]메토트렉세이트
[M222961]돔페리돈말레산염,단일,-,기타의소화기관용약,QTc연장효과증대로심각한위험(TorsadedePointes|심각한심실성부정맥포함)가능성,-,DomperidoneMaleate,D000297,D000226,메퀴타진,Mequitazine,[M050446]메퀴타진/[M257079]밸라돈나총알카로이드/[M256386]글리시리진산이칼륨/[M203364]슈도에페드린염산염/[M223183]카페인무수물
[M081091]돔페리돈,단일,-,기타의소화기관용약,QTc연장효과증대로심각한위험(TorsadedePointes|심각한심실성부정맥포함)가능성,-,Domperidone,D000297,D000226,메퀴타진,Mequitazine,[M050446]메퀴타진/[M257079]밸라돈나총알카로이드/[M256386]글리시리진산이칼륨/[M203364]슈도에페드린염산염/[M223183]카페인무수물
[M222961]돔페리돈말레산염/[M222961]돔페리돈말레산염,단일,-,기타의소화기관용약,QTc연장효과증대로심각한위험(TorsadedePointes|심각한심실성부정맥포함)가능성,-,DomperidoneMaleate,D000297,D000226,메퀴타진,Mequitazine,[M050446]메퀴타진/[M257079]밸라돈나총알카로이드/[M256386]글리시리진산이칼륨/[M203364]슈도에페드린염산염/[M223183]카페인무수물
[M081091]돔페리돈/[M081091]돔페리돈,단일,-,기타의소화기관용약,QTc연장효과증대로심각한위험(TorsadedePointes|심각한심실성부정맥포함)가능성,-,Domperidone,D000297,D000226,메퀴타진,Mequitazine,[M050446]메퀴타진/[M257079]밸라돈나총알카로이드/[M256386]글리시리진산이칼륨/[M203364]슈도에페드린염산염/[M223183]카페인무수물
[M222961]돔페리돈말레산염/[M222961]돔페리돈말레산염/[M222961]돔페리돈말레산염,단일,-,기타의소화기관용약,QTc연장효과증대로심각한위험(TorsadedePointes|심각한심실성부정맥포함)가능성,-,DomperidoneMaleate,D000297,D000226,메퀴타진,Mequitazine,[M050446]메퀴타진/[M257079]밸라돈나총알카로이드/[M256386]글리시리진산이칼륨/[M203364]슈도에페드린염산염/[M223183]카페인무수물
[M085595]말레인산돔페리돈,단일,-,기타의소화기관용약,QTc연장효과증대로심각한위험(TorsadedePointes|심각한심실성부정맥포함)가능성,-,DomperidoneMaleate,D000297,D000226,메퀴타진,Mequitazine,[M050446]메퀴타진/[M257079]밸라돈나총알카로이드/[M256386]글리시리진산이칼륨/[M203364]슈도에페드린염산염/[M223183]카페인무수물
[M085595]말레인산돔페리돈/[M222961]돔페리돈말레산염,단일,-,기타의소화기관용약,QTc연장효과증대로심각한위험(TorsadedePointes|심각한심실성부정맥포함)가능성,-,DomperidoneMaleate,D000297,D000226,메퀴타진,Mequitazine,[M050446]메퀴타진/[M257079]밸라돈나총알카로이드/[M256386]글리시리진산이칼륨/[M203364]슈도에페드린염산염/[M223183]카페인무수물
[M222885]케토롤락트로메타민염,단일,-,해열.진통.소염제,중증의위장관계이상반응,-,KetorolacTromethamine,D000274,D000506,디클로페낙디에틸암모늄,DiclofenacDiethylammonium,[M249599]디클로페낙디에틸암모늄/[M249599]디클로페낙디에틸암모늄
[M084703]케토롤락트로메타민,단일,-,해열.진통.소염제,중증의위장관계이상반응,-,KetorolacTromethamine,D000274,D000506,디클로페낙디에틸암모늄,DiclofenacDiethylammonium,[M249599]디클로페낙디에틸암모늄/[M249599]디클로페낙디에틸암모늄
[M222885]케토롤락트로메타민염,단일,-,해열.진통.소염제,중증의위장관계이상반응,-,KetorolacTromethamine,D000274,D000506,디클로페낙에폴아민,DiclofenacEpolamine,[M102665]디클로페낙에폴아민
[M084703]케토롤락트로메타민,단일,-,해열.진통.소염제,중증의위장관계이상반응,-,KetorolacTromethamine,D000274,D000506,디클로페낙에폴아민,DiclofenacEpolamine,[M102665]디클로페낙에폴아민
[M088960]이오헥솔,단일,-,X선조영제,기능적신부전에의해유산산성증촉진,-,Iohexol,D000669,D000718,메트포르민염산염,MetforminHydrochloride,[M223014]메트포르민염산염/[M251489]삭사글립틴수화물
[M088960]이오헥솔,단일,-,X선조영제,기능적신부전에의해유산산성증촉진,-,Iohexol,D000669,D000718,메트포르민염산염,MetforminHydrochloride,[M283330]이나보글리플로진/[M244179]메트포르민염산염
[M086785]이오비트리돌,단일,-,X선조영제,기능적신부전에의해유산산성증촉진,-,Iobitridol,D000760,D000718,메트포르민염산염,MetforminHydrochloride,[M283330]이나보글리플로진/[M244179]메트포르민염산염
[M088268]이오메프롤,단일,-,X선조영제,기능적신부전에의해유산산성증촉진,-,Iomeprol,D000364,D000718,메트포르민염산염,MetforminHydrochloride,[M283330]이나보글리플로진/[M244179]메트포르민염산염
[M222961]돔페리돈말레산염,단일,-,기타의소화기관용약,QTc연장효과증대로심각한위험(TorsadedePointes|심각한심실성부정맥포함)가능성,-,DomperidoneMaleate,D000297,D000078,그라니세트론,Granisetron,[M245313]그라니세트론
[M089710]심바스타틴/[M089710]심바스타틴,단일,-,동맥경화용제,근병증|횡문근융해의위험증가,-,Simvastatin,D000027,D000769,케토코나졸,Ketoconazole,[M080618]케토코나졸/[M080618]케토코나졸/[M080618]케토코나졸/[M080618]케토코나졸
[M097492]에제티미브/[M089710]심바스타틴,단일,-,동맥경화용제,근병증|횡문근융해의위험증가,-,Simvastatin,D000027,D000769,케토코나졸,Ketoconazole,[M080618]케토코나졸/[M080618]케토코나졸/[M080618]케토코나졸/[M080618]케토코나졸
[M084703]케토롤락트로메타민,단일,-,해열.진통.소염제,중증의위장관계이상반응,-,KetorolacTromethamine,D000274,D000544,살살레이트,Salsalate,[M099981]살살레이트
[M223014]메트포르민염산염/[M256664]아토르바스타틴칼슘수화물,복합,[D000718]Metformin(메트포르민),당뇨병용제,근육병증|횡문근융해위험증가가능,-,AtorvastatinCalciumHydrate,D000455,D000769,케토코나졸,Ketoconazole,[M080618]케토코나졸/[M080618]케토코나졸/[M080618]케토코나졸/[M080618]케토코나졸
[M071634]피록시캄/[M071634]피록시캄,단일,-,진통.진양.수렴.소염제,신세뇨관에서Methotrexate배설이지연되어Methotrexate의혈액학적독성증가,methotrexate1週에15mg이상투여시,Piroxicam,D000309,D000716,메토트렉세이트,Methotrexate,[M040168]메토트렉세이트/[M040168]메토트렉세이트/[M040168]메토트렉세이트
[M071634]피록시캄/[M071634]피록시캄/[M071634]피록시캄,단일,-,진통.진양.수렴.소염제,신세뇨관에서Methotrexate배설이지연되어Methotrexate의혈액학적독성증가,methotrexate1週에15mg이상투여시,Piroxicam,D000309,D000716,메토트렉세이트,Methotrexate,[M040168]메토트렉세이트/[M040168]메토트렉세이트/[M040168]메토트렉세이트
[M071634]피록시캄/[M279284]L-멘톨/[M223240]토코페롤아세테이트,단일,-,진통.진양.수렴.소염제,신세뇨관에서Methotrexate배설이지연되어Methotrexate의혈액학적독성증가,methotrexate1週에15mg이상투여시,Piroxicam,D000309,D000716,메토트렉세이트,Methotrexate,[M040168]메토트렉세이트/[M040168]메토트렉세이트/[M040168]메토트렉세이트
[M222885]케토롤락트로메타민염,단일,-,해열.진통.소염제,중증의위장관계이상반응,-,KetorolacTromethamine,D000274,D000363,이부프로펜,Ibuprofen,[M051259]이부프로펜/[M103077]L-아르기닌
[M084703]케토롤락트로메타민,단일,-,해열.진통.소염제,중증의위장관계이상반응,-,KetorolacTromethamine,D000274,D000363,이부프로펜,Ibuprofen,[M051259]이부프로펜/[M103077]L-아르기닌
[M088960]이오헥솔,단일,-,X선조영제,기능적신부전에의해유산산성증촉진,-,Iohexol,D000669,D000718,메트포르민염산염,MetforminHydrochloride,[M221584]빌다글립틴/[M223014]메트포르민염산염
[M086785]이오비트리돌,단일,-,X선조영제,기능적신부전에의해유산산성증촉진,-,Iobitridol,D000760,D000718,메트포르민염산염,MetforminHydrochloride,[M221584]빌다글립틴/[M223014]메트포르민염산염
[M088268]이오메프롤,단일,-,X선조영제,기능적신부전에의해유산산성증촉진,-,Iomeprol,D000364,D000718,메트포르민염산염,MetforminHydrochloride,[M221584]빌다글립틴/[M223014]메트포르민염산염
[M088268]이오메프롤,단일,-,X선조영제,기능적신부전에의해유산산성증촉진,-,Iomeprol,D000364,D000718,메트포르민염산염,MetforminHydrochloride,[M235069]피오글리타존염산염/[M223014]메트포르민염산염
[M257644]에리트로마이신스티노프레이트,단일,-,주로그람양성|음성균|리케치아|비루스에작용하는것,병용을하여도항균작용이증가되지않음,-,ErythromycinStinoprate,D000256,D000713,염산린코마이신,LincomycinHydrochloride,[M020043]염산린코마이신
[M223130]에리트로마이신스테아르산염,단일,-,주로그람양성균|리케치아|비루스에작용하는것,병용을하여도항균작용이증가되지않음,-,ErythromycinStearate,D000256,D000713,염산린코마이신,LincomycinHydrochloride,[M020043]염산린코마이신
[M070676]발프로산나트륨,단일,-,항전간제,간질발작재발,-,SodiumValproate,D000535,D000122,메로페넴수화물,MeropenemHydrate,[M249596]메로페넴수화물/[M254183]무균메로페넴건조탄산나트륨/[M249596]메로페넴수화물/[M249596]메로페넴수화물
[M082087]디발프로엑스나트륨,단일,-,항전간제,간질발작재발,-,DivalproexSodium,D000535,D000122,메로페넴수화물,MeropenemHydrate,[M249596]메로페넴수화물/[M254183]무균메로페넴건조탄산나트륨/[M249596]메로페넴수화물/[M249596]메로페넴수화물
[M070676]발프로산나트륨/[M083547]발프로산,단일,-,항전간제,간질발작재발,-,SodiumValproate,D000535,D000122,메로페넴수화물,MeropenemHydrate,[M249596]메로페넴수화물/[M254183]무균메로페넴건조탄산나트륨/[M249596]메로페넴수화물/[M249596]메로페넴수화물
[M090172]발프로산마그네슘,단일,-,항전간제,간질발작재발,-,MagnesiumValproate,D000535,D000122,메로페넴수화물,MeropenemHydrate,[M249596]메로페넴수화물/[M254183]무균메로페넴건조탄산나트륨/[M249596]메로페넴수화물/[M249596]메로페넴수화물
[M083547]발프로산,단일,-,항전간제,간질발작재발,-,ValproicAcid,D000535,D000122,메로페넴수화물,MeropenemHydrate,[M249596]메로페넴수화물/[M254183]무균메로페넴건조탄산나트륨/[M249596]메로페넴수화물/[M249596]메로페넴수화물
[M222875]암로디핀베실산염/[M090403]발사르탄/[M256664]아토르바스타틴칼슘수화물,복합,[D000152]Amlodipine(암로디핀)/[D000011]Valsartan(발사르탄),기타의순환계용약,근육병증|횡문근융해위험증가가능,-,AtorvastatinCalciumHydrate,D000455,D000769,케토코나졸,Ketoconazole,[M080618]케토코나졸/[M080618]케토코나졸/[M080618]케토코나졸/[M080618]케토코나졸
[M097492]에제티미브/[M215219]아토르바스타틴칼슘삼수화물,복합,[D000350]Ezetimibe(에제티미브),동맥경화용제,근질환위험증가,-,AtorvastatinCalciumTrihydrate,D000455,D000769,케토코나졸,Ketoconazole,[M080618]케토코나졸/[M080618]케토코나졸/[M080618]케토코나졸/[M080618]케토코나졸
[M251687]아토르바스타틴칼슘/[M097492]에제티미브,복합,[D000350]Ezetimibe(에제티미브),동맥경화용제,근질환위험증가,-,AtorvastatinCalcium,D000455,D000769,케토코나졸,Ketoconazole,[M080618]케토코나졸/[M080618]케토코나졸/[M080618]케토코나졸/[M080618]케토코나졸
[M215219]아토르바스타틴칼슘삼수화물/[M097492]에제티미브,복합,[D000350]Ezetimibe(에제티미브),동맥경화용제,근질환위험증가,-,AtorvastatinCalciumTrihydrate,D000455,D000769,케토코나졸,Ketoconazole,[M080618]케토코나졸/[M080618]케토코나졸/[M080618]케토코나졸/[M080618]케토코나졸
[M256664]아토르바스타틴칼슘수화물/[M097492]에제티미브,복합,[D000350]Ezetimibe(에제티미브),동맥경화용제,근질환위험증가,-,AtorvastatinCalciumHydrate,D000455,D000769,케토코나졸,Ketoconazole,[M080618]케토코나졸/[M080618]케토코나졸/[M080618]케토코나졸/[M080618]케토코나졸
[M215219]아토르바스타틴칼슘삼수화물/[M251853]이르베사르탄,복합,[D000046]Irbesartan(이르베사르탄),기타의순환계용약,근육병증|횡문근융해위험증가가능,-,AtorvastatinCalciumTrihydrate,D000455,D000769,케토코나졸,Ketoconazole,[M080618]케토코나졸/[M080618]케토코나졸/[M080618]케토코나졸/[M080618]케토코나졸
[M081091]돔페리돈,단일,-,기타의소화기관용약,QTc연장효과증대로심각한위험(TorsadedePointes|심각한심실성부정맥포함)가능성,-,Domperidone,D000297,D000078,그라니세트론,Granisetron,[M245313]그라니세트론
[M222961]돔페리돈말레산염/[M222961]돔페리돈말레산염,단일,-,기타의소화기관용약,QTc연장효과증대로심각한위험(TorsadedePointes|심각한심실성부정맥포함)가능성,-,DomperidoneMaleate,D000297,D000078,그라니세트론,Granisetron,[M245313]그라니세트론
[M081091]돔페리돈/[M081091]돔페리돈,단일,-,기타의소화기관용약,QTc연장효과증대로심각한위험(TorsadedePointes|심각한심실성부정맥포함)가능성,-,Domperidone,D000297,D000078,그라니세트론,Granisetron,[M245313]그라니세트론
[M222961]돔페리돈말레산염/[M222961]돔페리돈말레산염/[M222961]돔페리돈말레산염,단일,-,기타의소화기관용약,QTc연장효과증대로심각한위험(TorsadedePointes|심각한심실성부정맥포함)가능성,-,DomperidoneMaleate,D000297,D000078,그라니세트론,Granisetron,[M245313]그라니세트론
[M084703]케토롤락트로메타민,단일,-,해열.진통.소염제,중증의위장관계이상반응,-,KetorolacTromethamine,D000274,D000463,에토돌락,Etodolac,[M083240]에토돌락/[M083240]에토돌락
[M088960]이오헥솔,단일,-,X선조영제,기능적신부전에의해유산산성증촉진,-,Iohexol,D000669,D000718,메트포르민염산염,MetforminHydrochloride,[M223014]메트포르민염산염/[M256664]아토르바스타틴칼슘수화물
[M086785]이오비트리돌,단일,-,X선조영제,기능적신부전에의해유산산성증촉진,-,Iobitridol,D000760,D000718,메트포르민염산염,MetforminHydrochloride,[M223014]메트포르민염산염/[M256664]아토르바스타틴칼슘수화물
[M088268]이오메프롤,단일,-,X선조영제,기능적신부전에의해유산산성증촉진,-,Iomeprol,D000364,D000718,메트포르민염산염,MetforminHydrochloride,[M223014]메트포르민염산염/[M256664]아토르바스타틴칼슘수화물
[M251166]아고멜라틴,단일,-,정신신경용제,아고멜라틴혈중농도증가,-,Agomelatine,D000735,D000142,시프로플록사신염산염수화물,CiprofloxacinHydrochlorideHydrate,[M242850]시프로플록사신염산염/[M223091]시프로플록사신염산염수화물
[M213126]덱스케토프로펜트로메타몰,단일,-,해열.진통.소염제,경련발생,-,DexketoprofenTrometamol,D000696,D000142,시프로플록사신염산염수화물,CiprofloxacinHydrochlorideHydrate,[M242850]시프로플록사신염산염/[M223091]시프로플록사신염산염수화물
[M222885]케토롤락트로메타민염,단일,-,해열.진통.소염제,상가적인위장관궤양|출혈의위험,-,KetorolacTromethamine,D000274,D000525,록소프로펜나트륨수화물,LoxoprofenSodiumHydrate,[M222839]록소프로펜나트륨수화물/[M222839]록소프로펜나트륨수화물/[M222839]록소프로펜나트륨수화물/[M222839]록소프로펜나트륨수화물/[M222839]록소프로펜나트륨수화물
[M084703]케토롤락트로메타민,단일,-,해열.진통.소염제,상가적인위장관궤양|출혈의위험,-,KetorolacTromethamine,D000274,D000525,록소프로펜나트륨수화물,LoxoprofenSodiumHydrate,[M222839]록소프로펜나트륨수화물/[M222839]록소프로펜나트륨수화물/[M222839]록소프로펜나트륨수화물/[M222839]록소프로펜나트륨수화물/[M222839]록소프로펜나트륨수화물
[M222885]케토롤락트로메타민염,단일,-,해열.진통.소염제,중증의위장관계이상반응,-,KetorolacTromethamine,D000274,D000363,이부프로펜,Ibuprofen,[M051259]이부프로펜/[M223183]카페인무수물/[M264046]DL-메틸에페드린염산염/[M222957]덱스트로메토르판브롬화수소산염수화물/[M050058]구아이페네신
[M084703]케토롤락트로메타민,단일,-,해열.진통.소염제,중증의위장관계이상반응,-,KetorolacTromethamine,D000274,D000363,이부프로펜,Ibuprofen,[M051259]이부프로펜/[M223183]카페인무수물/[M264046]DL-메틸에페드린염산염/[M222957]덱스트로메토르판브롬화수소산염수화물/[M050058]구아이페네신
[M088960]이오헥솔,단일,-,X선조영제,기능적신부전에의해유산산성증촉진,-,Iohexol,D000669,D000718,메트포르민염산염,MetforminHydrochloride,[M257113]알로글립틴벤조산염/[M223014]메트포르민염산염
[M086785]이오비트리돌,단일,-,X선조영제,기능적신부전에의해유산산성증촉진,-,Iobitridol,D000760,D000718,메트포르민염산염,MetforminHydrochloride,[M257113]알로글립틴벤조산염/[M223014]메트포르민염산염
[M088268]이오메프롤,단일,-,X선조영제,기능적신부전에의해유산산성증촉진,-,Iomeprol,D000364,D000718,메트포르민염산염,MetforminHydrochloride,[M257113]알로글립틴벤조산염/[M223014]메트포르민염산염
[M248019]티자니딘염산염,단일,-,골격근이완제,저혈압에의해졸음|현기증및정신운동능력감소,-,TizanidineHydrochloride,D000187,D000142,시프로플록사신염산염수화물,CiprofloxacinHydrochlorideHydrate,[M223091]시프로플록사신염산염수화물/[M101579]히드로코르티손
[M083714]염산티자니딘,단일,-,진경제,저혈압에의해졸음|현기증및정신운동능력감소,-,TizanidineHydrochloride,D000187,D000142,시프로플록사신염산염수화물,CiprofloxacinHydrochlorideHydrate,[M223091]시프로플록사신염산염수화물/[M101579]히드로코르티손
[M051464]케토프로펜,단일,-,진통.진양.수렴.소염제,경련,-,Ketoprofen,D000672,D000142,시프로플록사신염산염수화물,CiprofloxacinHydrochlorideHydrate,[M223091]시프로플록사신염산염수화물/[M101579]히드로코르티손
[M051464]케토프로펜/[M051464]케토프로펜,단일,-,진통.진양.수렴.소염제,경련,-,Ketoprofen,D000672,D000142,시프로플록사신염산염수화물,CiprofloxacinHydrochlorideHydrate,[M223091]시프로플록사신염산염수화물/[M101579]히드로코르티손
[M081361]케토프로펜리신,단일,-,해열.진통.소염제,경련,-,KetoprofenLysin,D000672,D000142,시프로플록사신염산염수화물,CiprofloxacinHydrochlorideHydrate,[M223091]시프로플록사신염산염수화물/[M101579]히드로코르티손
[M051464]케토프로펜/[M051464]케토프로펜/[M051464]케토프로펜/[M051464]케토프로펜/[M051464]케토프로펜/[M051464]케토프로펜/[M051464]케토프로펜/[M051464]케토프로펜/[M051464]케토프로펜/[M051464]케토프로펜/[M051464]케토프로펜/[M051464]케토프로펜,단일,-,진통.진양.수렴.소염제,경련,-,Ketoprofen,D000672,D000142,시프로플록사신염산염수화물,CiprofloxacinHydrochlorideHydrate,[M223091]시프로플록사신염산염수화물/[M101579]히드로코르티손
[M051464]케토프로펜/[M051464]케토프로펜/[M051464]케토프로펜/[M051464]케토프로펜/[M051464]케토프로펜/[M051464]케토프로펜,단일,-,진통.진양.수렴.소염제,경련,-,Ketoprofen,D000672,D000142,시프로플록사신염산염수화물,CiprofloxacinHydrochlorideHydrate,[M223091]시프로플록사신염산염수화물/[M101579]히드로코르티손
[M051464]케토프로펜/[M051464]케토프로펜/[M051464]케토프로펜,단일,-,진통.진양.수렴.소염제,경련,-,Ketoprofen,D000672,D000142,시프로플록사신염산염수화물,CiprofloxacinHydrochlorideHydrate,[M223091]시프로플록사신염산염수화물/[M101579]히드로코르티손
[M051464]케토프로펜/[M051464]케토프로펜/[M051464]케토프로펜/[M051464]케토프로펜/[M051464]케토프로펜/[M051464]케토프로펜/[M051464]케토프로펜/[M051464]케토프로펜,단일,-,진통.진양.수렴.소염제,경련,-,Ketoprofen,D000672,D000142,시프로플록사신염산염수화물,CiprofloxacinHydrochlorideHydrate,[M223091]시프로플록사신염산염수화물/[M101579]히드로코르티손
[M051464]케토프로펜/[M051464]케토프로펜/[M051464]케토프로펜/[M051464]케토프로펜,단일,-,진통.진양.수렴.소염제,경련,-,Ketoprofen,D000672,D000142,시프로플록사신염산염수화물,CiprofloxacinHydrochlorideHydrate,[M223091]시프로플록사신염산염수화물/[M101579]히드로코르티손
[M222885]케토롤락트로메타민염,단일,-,해열.진통.소염제,중증의위장관계이상반응,-,KetorolacTromethamine,D000274,D000463,에토돌락,Etodolac,[M083240]에토돌락/[M083240]에토돌락
[M084154]플루코나졸/[M084154]플루코나졸/[M084154]플루코나졸,단일,-,기타의화학요법제,맥각독성(혈관경련|말단및기타조직허혈등)위험증가,-,Fluconazole,D000517,D000747,에르고타민타르타르산염,ErgotamineTartrate,[M223126]에르고타민타르타르산염/[M223183]카페인무수물
[M084154]플루코나졸/[M084154]플루코나졸,단일,-,기타의화학요법제,맥각독성(혈관경련|말단및기타조직허혈등)위험증가,-,Fluconazole,D000517,D000747,에르고타민타르타르산염,ErgotamineTartrate,[M223126]에르고타민타르타르산염/[M223183]카페인무수물
[M086785]이오비트리돌,단일,-,X선조영제,기능적신부전에의해유산산성증촉진,-,Iobitridol,D000760,D000718,메트포르민염산염,MetforminHydrochloride,[M223014]메트포르민염산염/[M258339]다파글리플로진프로판디올수화물
[M085595]말레인산돔페리돈,단일,-,기타의소화기관용약,QTc연장효과증대로심각한위험(TorsadedePointes|심각한심실성부정맥포함)가능성,-,DomperidoneMaleate,D000297,D000078,그라니세트론,Granisetron,[M245313]그라니세트론
[M085595]말레인산돔페리돈/[M222961]돔페리돈말레산염,단일,-,기타의소화기관용약,QTc연장효과증대로심각한위험(TorsadedePointes|심각한심실성부정맥포함)가능성,-,DomperidoneMaleate,D000297,D000078,그라니세트론,Granisetron,[M245313]그라니세트론
[M070676]발프로산나트륨,복합,[D000536]SodiumValproate(발프로산나트륨),항전간제,간질발작재발,-,SodiumValproate,D000535,D000757,이미페넴,Imipenem,[M222879]이미페넴수화물/[M095530]실라스타틴나트륨/[M082600]이미페넴/[M095530]실라스타틴나트륨/[M252000]이미페넴수화물ㆍ실라스타틴나트륨
[M070676]발프로산나트륨/[M083547]발프로산,복합,[D000536]SodiumValproate(발프로산나트륨),항전간제,간질발작재발,-,SodiumValproate,D000535,D000757,이미페넴,Imipenem,[M222879]이미페넴수화물/[M095530]실라스타틴나트륨/[M082600]이미페넴/[M095530]실라스타틴나트륨/[M252000]이미페넴수화물ㆍ실라스타틴나트륨
[M082087]디발프로엑스나트륨,단일,-,항전간제,간질발작재발,-,DivalproexSodium,D000535,D000757,이미페넴,Imipenem,[M222879]이미페넴수화물/[M095530]실라스타틴나트륨/[M082600]이미페넴/[M095530]실라스타틴나트륨/[M252000]이미페넴수화물ㆍ실라스타틴나트륨
[M090172]발프로산마그네슘,단일,-,항전간제,간질발작재발,-,MagnesiumValproate,D000535,D000757,이미페넴,Imipenem,[M222879]이미페넴수화물/[M095530]실라스타틴나트륨/[M082600]이미페넴/[M095530]실라스타틴나트륨/[M252000]이미페넴수화물ㆍ실라스타틴나트륨
[M083547]발프로산,단일,-,항전간제,간질발작재발,-,ValproicAcid,D000535,D000757,이미페넴,Imipenem,[M222879]이미페넴수화물/[M095530]실라스타틴나트륨/[M082600]이미페넴/[M095530]실라스타틴나트륨/[M252000]이미페넴수화물ㆍ실라스타틴나트륨
[M086785]이오비트리돌,단일,-,X선조영제,기능적신부전에의해유산산성증촉진,-,Iobitridol,D000760,D000718,메트포르민염산염,MetforminHydrochloride,[M223014]메트포르민염산염/[M251489]삭사글립틴수화물
[M088268]이오메프롤,단일,-,X선조영제,기능적신부전에의해유산산성증촉진,-,Iomeprol,D000364,D000718,메트포르민염산염,MetforminHydrochloride,[M223014]메트포르민염산염/[M251489]삭사글립틴수화물
[M088960]이오헥솔,단일,-,X선조영제,기능적신부전에의해유산산성증촉진,-,Iohexol,D000669,D000718,메트포르민염산염,MetforminHydrochloride,[M223014]메트포르민염산염/[M258339]다파글리플로진프로판디올수화물
[M088268]이오메프롤,단일,-,X선조영제,기능적신부전에의해유산산성증촉진,-,Iomeprol,D000364,D000718,메트포르민염산염,MetforminHydrochloride,[M223014]메트포르민염산염/[M258339]다파글리플로진프로판디올수화물
[M084154]플루코나졸,단일,-,기타의화학요법제,맥각독성(혈관경련|말단및기타조직허혈등)위험증가,-,Fluconazole,D000517,D000747,에르고타민타르타르산염,ErgotamineTartrate,[M223126]에르고타민타르타르산염/[M223183]카페인무수물
[M222836]독시사이클린수화물,단일,-,주로그람양성|음성균|리케치아|비루스에작용하는것,두개내고혈압,-,DoxycyclineHydrate,D000503,D000758,이소트레티노인,Isotretinoin,[M088250]이소트레티노인/[M223129]에리트로마이신
[M020027]독시사이클린하이클레이트,단일,-,주로그람양성|음성균|리케치아|비루스에작용하는것,두개내고혈압,-,DoxycyclineHyclate,D000503,D000758,이소트레티노인,Isotretinoin,[M088250]이소트레티노인/[M223129]에리트로마이신
[M222960]독시사이클린하이클레이트수화물,단일,-,주로그람양성|음성균|리케치아|비루스에작용하는것,두개내고혈압,-,DoxycyclineHyclateHydrate,D000503,D000758,이소트레티노인,Isotretinoin,[M088250]이소트레티노인/[M223129]에리트로마이신
[M222960]독시사이클린하이클레이트수화물/[M222960]독시사이클린하이클레이트수화물,단일,-,주로그람양성|음성균|리케치아|비루스에작용하는것,두개내고혈압,-,DoxycyclineHyclateHydrate,D000503,D000758,이소트레티노인,Isotretinoin,[M088250]이소트레티노인/[M223129]에리트로마이신
[M088774]희석니트로글리세린,단일,-,혈관확장제,맥각독성(말초허혈|감각이상|구역|구토)위험증가,소생등의위급상황제외,DiluteNitroglycerin,D000215,D000747,에르고타민타르타르산염,ErgotamineTartrate,[M223126]에르고타민타르타르산염/[M223183]카페인무수물
[M257143]묽은니트로글리세린,단일,-,혈관확장제,맥각독성(말초허혈|감각이상|구역|구토)위험증가,소생등의위급상황제외,DiluteNitroglycerin,D000215,D000747,에르고타민타르타르산염,ErgotamineTartrate,[M223126]에르고타민타르타르산염/[M223183]카페인무수물
[M104103]희석된니트로글리세린,단일,-,혈관확장제,맥각독성(말초허혈|감각이상|구역|구토)위험증가,소생등의위급상황제외,DiluteNitroglycerin,D000215,D000747,에르고타민타르타르산염,ErgotamineTartrate,[M223126]에르고타민타르타르산염/[M223183]카페인무수물
[M214344]희석한니트로글리세린용액,단일,-,혈관확장제,맥각독성(말초허혈|감각이상|구역|구토)위험증가,소생등의위급상황제외,DiluteNitroglycerinSolution,D000215,D000747,에르고타민타르타르산염,ErgotamineTartrate,[M223126]에르고타민타르타르산염/[M223183]카페인무수물
[M104323]희석된니트로글리세린(니트로글리세린2%유당),단일,-,혈관확장제,맥각독성(말초허혈|감각이상|구역|구토)위험증가,소생등의위급상황제외,DiluteNitroglycerin(Nitroglycerin2%InLactose),D000215,D000747,에르고타민타르타르산염,ErgotamineTartrate,[M223126]에르고타민타르타르산염/[M223183]카페인무수물
[M071634]피록시캄,단일,-,해열.진통.소염제,신세뇨관에서Methotrexate배설이지연되어Methotrexate의혈액학적독성증가,methotrexate1週에15mg이상투여시,Piroxicam,D000309,D000716,메토트렉세이트,Methotrexate,[M040168]메토트렉세이트/[M040168]메토트렉세이트/[M040168]메토트렉세이트
[M213126]덱스케토프로펜트로메타몰,단일,-,해열.진통.소염제,신세뇨관에서Methotrexate배설이지연되어Methotrexate의혈액학적독성증가,methotrexate1週에15mg이상투여시,DexketoprofenTrometamol,D000696,D000716,메토트렉세이트,Methotrexate,[M040168]메토트렉세이트/[M040168]메토트렉세이트/[M040168]메토트렉세이트
[M260064]에토리콕시브,단일,-,해열.진통.소염제,methotrexate≥15mg/주에한해금기,-,Etoricoxib,D001012,D000716,메토트렉세이트,Methotrexate,[M040168]메토트렉세이트/[M040168]메토트렉세이트/[M040168]메토트렉세이트
[M222875]암로디핀베실산염/[M213543]무수아토르바스타틴칼슘,복합,[D000152]Amlodipine(암로디핀),기타의순환계용약,근육통|근육약화|근염|때때로횡문근변성을포함한근육독성촉진가능,-,AnhydrousAtorvastatinCalcium,D000455,D000334,사이클로스포린,Cyclosporine,[M085282]사이클로스포린
[M280472]베클로메타손디프로피오네이트(미분화)/[M258126]포르모테롤푸마르산염수화물(미분화),단일,-,진해거담제,부정맥또는심정지유도,소생등의위급상황제외,FormoterolFumarateHydrateMicronized,D000838,D000560,에피네프린,Epinephrine,[M040421]에피네프린
[M265404]베클로메타손디프로피오네이트무수물(미분화)/[M258126]포르모테롤푸마르산염수화물(미분화),단일,-,진해거담제,부정맥또는심정지유도,소생등의위급상황제외,FormoterolFumarateHydrateMicronized,D000838,D000560,에피네프린,Epinephrine,[M040421]에피네프린
[M257139]베클로메타손디프로피오네이트/[M258126]포르모테롤푸마르산염수화물(미분화),단일,-,진해거담제,부정맥또는심정지유도,소생등의위급상황제외,FormoterolFumarateHydrateMicronized,D000838,D000560,에피네프린,Epinephrine,[M040421]에피네프린
[M239060]베클로메타손디프로피오네이트/[M088695]푸마르산포르모테롤이수화물,단일,-,진해거담제,부정맥또는심정지유도,소생등의위급상황제외,FormoterolFumarateDihydrate,D000838,D000560,에피네프린,Epinephrine,[M040421]에피네프린
[M243509]플루티카손프로피오네이트(미분화)/[M258126]포르모테롤푸마르산염수화물(미분화),단일,-,진해거담제,부정맥또는심정지유도,소생등의위급상황제외,FormoterolFumarateHydrateMicronized,D000838,D000560,에피네프린,Epinephrine,[M040421]에피네프린
[M081683]푸마르산포르모테롤,단일,-,진해거담제,부정맥또는심정지유도,소생등의위급상황제외,FormoterolFumarate,D000838,D000560,에피네프린,Epinephrine,[M040421]에피네프린
[M081835]브롬페리돌,단일,-,정신신경용제,혈압강하,-,Bromperidol,D000238,D000560,에피네프린,Epinephrine,[M040421]에피네프린
[M040766]할로페리돌,단일,-,정신신경용제,혈압강하효과,-,Haloperidol,D000113,D000560,에피네프린,Epinephrine,[M040421]에피네프린
[M089302]할로페리돌데카노에이트,단일,-,정신신경용제,혈압강하효과,-,HaloperidolDecanoate,D000113,D000560,에피네프린,Epinephrine,[M040421]에피네프린
[M070676]발프로산나트륨,단일,-,항전간제,간질발작재발,-,SodiumValproate,D000535,D000122,메로페넴건조탄산나트륨,MeropenemDriedSodiumCarbonate,[M091303]메로페넴건조탄산나트륨
[M082087]디발프로엑스나트륨,단일,-,항전간제,간질발작재발,-,DivalproexSodium,D000535,D000122,메로페넴건조탄산나트륨,MeropenemDriedSodiumCarbonate,[M091303]메로페넴건조탄산나트륨
[M070676]발프로산나트륨/[M083547]발프로산,단일,-,항전간제,간질발작재발,-,SodiumValproate,D000535,D000122,메로페넴건조탄산나트륨,MeropenemDriedSodiumCarbonate,[M091303]메로페넴건조탄산나트륨
[M090172]발프로산마그네슘,단일,-,항전간제,간질발작재발,-,MagnesiumValproate,D000535,D000122,메로페넴건조탄산나트륨,MeropenemDriedSodiumCarbonate,[M091303]메로페넴건조탄산나트륨
[M083547]발프로산,단일,-,항전간제,간질발작재발,-,ValproicAcid,D000535,D000122,메로페넴건조탄산나트륨,MeropenemDriedSodiumCarbonate,[M091303]메로페넴건조탄산나트륨
[M222885]케토롤락트로메타민염,단일,-,해열.진통.소염제,중증의위장관계이상반응,-,KetorolacTromethamine,D000274,D000705,플루르비프로펜,Flurbiprofen,[M089049]플루르비프로펜/[M089049]플루르비프로펜/[M089049]플루르비프로펜/[M089049]플루르비프로펜/[M089049]플루르비프로펜/[M089049]플루르비프로펜/[M089049]플루르비프로펜
[M084703]케토롤락트로메타민,단일,-,해열.진통.소염제,중증의위장관계이상반응,-,KetorolacTromethamine,D000274,D000705,플루르비프로펜,Flurbiprofen,[M089049]플루르비프로펜/[M089049]플루르비프로펜/[M089049]플루르비프로펜/[M089049]플루르비프로펜/[M089049]플루르비프로펜/[M089049]플루르비프로펜/[M089049]플루르비프로펜
[M222885]케토롤락트로메타민염,단일,-,해열.진통.소염제,중증의위장관계이상반응,-,KetorolacTromethamine,D000274,D000705,플루르비프로펜,Flurbiprofen,[M089049]플루르비프로펜/[M089049]플루르비프로펜/[M089049]플루르비프로펜/[M089049]플루르비프로펜
[M084703]케토롤락트로메타민,단일,-,해열.진통.소염제,중증의위장관계이상반응,-,KetorolacTromethamine,D000274,D000705,플루르비프로펜,Flurbiprofen,[M089049]플루르비프로펜/[M089049]플루르비프로펜/[M089049]플루르비프로펜/[M089049]플루르비프로펜
[M213126]덱스케토프로펜트로메타몰,단일,-,해열.진통.소염제,경련발생,-,DexketoprofenTrometamol,D000696,D000142,시프로플록사신염산염수화물,CiprofloxacinHydrochlorideHydrate,[M223091]시프로플록사신염산염수화물/[M040080]덱사메타손
[M222875]암로디핀베실산염/[M090403]발사르탄/[M256664]아토르바스타틴칼슘수화물,복합,[D000152]Amlodipine(암로디핀)/[D000011]Valsartan(발사르탄),기타의순환계용약,근육병증|횡문근융해위험증가가능,-,AtorvastatinCalciumHydrate,D000455,D000334,사이클로스포린,Cyclosporine,[M085282]사이클로스포린
[M215219]아토르바스타틴칼슘삼수화물/[M222875]암로디핀베실산염/[M282749]에제티미브(미분화),복합,[D000152]Amlodipine(암로디핀),기타의순환계용약,근육통|근육약화|근염|때때로횡문근변성을포함한근육독성촉진가능,-,AtorvastatinCalciumTrihydrate,D000455,D000334,사이클로스포린,Cyclosporine,[M085282]사이클로스포린
[M093499]아토르바스타틴칼슘/[M222875]암로디핀베실산염,복합,[D000152]Amlodipine(암로디핀),기타의순환계용약,근육통|근육약화|근염|때때로횡문근변성을포함한근육독성촉진가능,-,AtorvastatinCalcium,D000455,D000334,사이클로스포린,Cyclosporine,[M085282]사이클로스포린
[M223288]포르모테롤푸마르산염수화물,단일,-,진해거담제,부정맥또는심정지유도,소생등의위급상황제외,FormoterolFumarateHydrate,D000838,D000560,에피네프린,Epinephrine,[M040421]에피네프린
[M256708]부데소니드(미분화)/[M257129]포르모테롤푸마르산염수화물,단일,-,진해거담제,부정맥또는심정지유도,소생등의위급상황제외,FormoterolFumarateHydrate,D000838,D000560,에피네프린,Epinephrine,[M040421]에피네프린
[M084482]부데소니드/[M257129]포르모테롤푸마르산염수화물,단일,-,진해거담제,부정맥또는심정지유도,소생등의위급상황제외,FormoterolFumarateHydrate,D000838,D000560,에피네프린,Epinephrine,[M040421]에피네프린
[M085595]말레인산돔페리돈/[M222961]돔페리돈말레산염,단일,-,기타의소화기관용약,QTc연장효과증대로심각한위험(TorsadedePointes|심각한심실성부정맥포함)가능성,-,DomperidoneMaleate,D000297,D000261,옥사토마이드,Oxatomide,[M083726]옥사토마이드
[M081303]알파칼시돌,단일,-,비타민A및D제,고칼슘혈증,-,Alfacalcidol,D000151,D000581,칼시트리올,Calcitriol,[M082905]칼시트리올/[M082905]칼시트리올
[M081303]알파칼시돌/[M081303]알파칼시돌,단일,-,비타민A및D제,고칼슘혈증,-,Alfacalcidol,D000151,D000581,칼시트리올,Calcitriol,[M082905]칼시트리올/[M082905]칼시트리올
[M222885]케토롤락트로메타민염,단일,-,해열.진통.소염제,중증의위장관계이상반응,-,KetorolacTromethamine,D000274,D000363,이부프로펜,Ibuprofen,[M040006]감초/[M050036]육계/[M040523]작약/[M050752]생강/[M051259]이부프로펜
[M084703]케토롤락트로메타민,단일,-,해열.진통.소염제,중증의위장관계이상반응,-,KetorolacTromethamine,D000274,D000363,이부프로펜,Ibuprofen,[M040006]감초/[M050036]육계/[M040523]작약/[M050752]생강/[M051259]이부프로펜
[M222961]돔페리돈말레산염,단일,-,기타의소화기관용약,QTc연장효과증대로심각한위험(TorsadedePointes|심각한심실성부정맥포함)가능성,-,DomperidoneMaleate,D000297,D000261,옥사토마이드,Oxatomide,[M083726]옥사토마이드
[M081091]돔페리돈,단일,-,기타의소화기관용약,QTc연장효과증대로심각한위험(TorsadedePointes|심각한심실성부정맥포함)가능성,-,Domperidone,D000297,D000261,옥사토마이드,Oxatomide,[M083726]옥사토마이드
[M222961]돔페리돈말레산염/[M222961]돔페리돈말레산염,단일,-,기타의소화기관용약,QTc연장효과증대로심각한위험(TorsadedePointes|심각한심실성부정맥포함)가능성,-,DomperidoneMaleate,D000297,D000261,옥사토마이드,Oxatomide,[M083726]옥사토마이드
[M081091]돔페리돈/[M081091]돔페리돈,단일,-,기타의소화기관용약,QTc연장효과증대로심각한위험(TorsadedePointes|심각한심실성부정맥포함)가능성,-,Domperidone,D000297,D000261,옥사토마이드,Oxatomide,[M083726]옥사토마이드
[M222961]돔페리돈말레산염/[M222961]돔페리돈말레산염/[M222961]돔페리돈말레산염,단일,-,기타의소화기관용약,QTc연장효과증대로심각한위험(TorsadedePointes|심각한심실성부정맥포함)가능성,-,DomperidoneMaleate,D000297,D000261,옥사토마이드,Oxatomide,[M083726]옥사토마이드
[M085595]말레인산돔페리돈,단일,-,기타의소화기관용약,QTc연장효과증대로심각한위험(TorsadedePointes|심각한심실성부정맥포함)가능성,-,DomperidoneMaleate,D000297,D000261,옥사토마이드,Oxatomide,[M083726]옥사토마이드
[M222961]돔페리돈말레산염,단일,-,기타의소화기관용약,QTc연장효과증대로심각한위험(TorsadedePointes|심각한심실성부정맥포함)가능성,-,DomperidoneMaleate,D000297,D000226,메퀴타진,Mequitazine,[M050446]메퀴타진
[M256708]부데소니드(미분화)/[M280913]글리코피로니움브롬화물(미분화)/[M258126]포르모테롤푸마르산염수화물(미분화),단일,-,진해거담제,부정맥또는심정지유도,소생등의위급상황제외,FormoterolFumarateHydrateMicronized,D000838,D000560,에피네프린,Epinephrine,[M040421]에피네프린
[M222885]케토롤락트로메타민염,단일,-,해열.진통.소염제,중증의위장관계이상반응,-,KetorolacTromethamine,D000274,D000363,이부프로펜,Ibuprofen,[M051259]이부프로펜/[M095195]아르기닌
[M084703]케토롤락트로메타민,단일,-,해열.진통.소염제,중증의위장관계이상반응,-,KetorolacTromethamine,D000274,D000363,이부프로펜,Ibuprofen,[M051259]이부프로펜/[M095195]아르기닌
[M081091]돔페리돈,단일,-,기타의소화기관용약,QTc연장효과증대로심각한위험(TorsadedePointes|심각한심실성부정맥포함)가능성,-,Domperidone,D000297,D000226,메퀴타진,Mequitazine,[M050446]메퀴타진
[M222961]돔페리돈말레산염/[M222961]돔페리돈말레산염,단일,-,기타의소화기관용약,QTc연장효과증대로심각한위험(TorsadedePointes|심각한심실성부정맥포함)가능성,-,DomperidoneMaleate,D000297,D000226,메퀴타진,Mequitazine,[M050446]메퀴타진
[M081091]돔페리돈/[M081091]돔페리돈,단일,-,기타의소화기관용약,QTc연장효과증대로심각한위험(TorsadedePointes|심각한심실성부정맥포함)가능성,-,Domperidone,D000297,D000226,메퀴타진,Mequitazine,[M050446]메퀴타진
[M222961]돔페리돈말레산염/[M222961]돔페리돈말레산염/[M222961]돔페리돈말레산염,단일,-,기타의소화기관용약,QTc연장효과증대로심각한위험(TorsadedePointes|심각한심실성부정맥포함)가능성,-,DomperidoneMaleate,D000297,D000226,메퀴타진,Mequitazine,[M050446]메퀴타진
[M085595]말레인산돔페리돈,단일,-,기타의소화기관용약,QTc연장효과증대로심각한위험(TorsadedePointes|심각한심실성부정맥포함)가능성,-,DomperidoneMaleate,D000297,D000226,메퀴타진,Mequitazine,[M050446]메퀴타진
[M085595]말레인산돔페리돈/[M222961]돔페리돈말레산염,단일,-,기타의소화기관용약,QTc연장효과증대로심각한위험(TorsadedePointes|심각한심실성부정맥포함)가능성,-,DomperidoneMaleate,D000297,D000226,메퀴타진,Mequitazine,[M050446]메퀴타진
[M256708]부데소니드(미분화)/[M258126]포르모테롤푸마르산염수화물(미분화),단일,-,진해거담제,부정맥또는심정지유도,소생등의위급상황제외,FormoterolFumarateHydrateMicronized,D000838,D000560,에피네프린,Epinephrine,[M040421]에피네프린
[M256664]아토르바스타틴칼슘수화물/[M222875]암로디핀베실산염,복합,[D000152]Amlodipine(암로디핀),기타의순환계용약,근육통|근육약화|근염|때때로횡문근변성을포함한근육독성촉진가능,-,AtorvastatinCalciumHydrate,D000455,D000334,사이클로스포린,Cyclosporine,[M085282]사이클로스포린
[M085529]이오파미돌,단일,-,X선조영제,급성신부전,-,Iopamidol,D000267,D000718,메트포르민염산염,MetforminHydrochloride,[M244179]메트포르민염산염/[M266925]시타글립틴염산염수화물
[M256381]포사코나졸(미분화),단일,-,기타의화학요법제,횡문근융해를비롯한근육병증발생가능성증가,-,PosaconazoleMicronized,D000405,D000455,아토르바스타틴칼슘수화물,AtorvastatinCalciumHydrate,[M256664]아토르바스타틴칼슘수화물/[M261637]오메가3산에틸에스테르90
[M256664]아토르바스타틴칼슘수화물/[M256664]아토르바스타틴칼슘수화물,단일,-,동맥경화용제,혈중농도상승및근육병증/횡문근융해증위험성증가,-,AtorvastatinCalciumHydrate,D000455,D000334,사이클로스포린,Cyclosporine,[M085282]사이클로스포린
[M256664]아토르바스타틴칼슘수화물/[M261637]오메가3산에틸에스테르90,단일,-,동맥경화용제,혈중농도상승및근육병증/횡문근융해증위험성증가,-,AtorvastatinCalciumHydrate,D000455,D000334,사이클로스포린,Cyclosporine,[M085282]사이클로스포린
[M215219]아토르바스타틴칼슘삼수화물/[M256664]아토르바스타틴칼슘수화물,단일,-,동맥경화용제,혈중농도상승및근육병증/횡문근융해증위험성증가,-,AtorvastatinCalciumTrihydrate,D000455,D000334,사이클로스포린,Cyclosporine,[M085282]사이클로스포린
[M256664]아토르바스타틴칼슘수화물/[M097492]에제티미브,단일,-,동맥경화용제,혈중농도상승및근육병증/횡문근융해증위험성증가,-,AtorvastatinCalciumHydrate,D000455,D000334,사이클로스포린,Cyclosporine,[M085282]사이클로스포린
[M282749]에제티미브(미분화)/[M215219]아토르바스타틴칼슘삼수화물,단일,-,동맥경화용제,혈중농도상승및근육병증/횡문근융해증위험성증가,-,AtorvastatinCalciumTrihydrate,D000455,D000334,사이클로스포린,Cyclosporine,[M085282]사이클로스포린
[M222885]케토롤락트로메타민염,단일,-,해열.진통.소염제,중증의위장관계이상반응,-,KetorolacTromethamine,D000274,D000705,플루르비프로펜,Flurbiprofen,[M089049]플루르비프로펜/[M089049]플루르비프로펜/[M089049]플루르비프로펜/[M089049]플루르비프로펜/[M089049]플루르비프로펜
[M084703]케토롤락트로메타민,단일,-,해열.진통.소염제,중증의위장관계이상반응,-,KetorolacTromethamine,D000274,D000705,플루르비프로펜,Flurbiprofen,[M089049]플루르비프로펜/[M089049]플루르비프로펜/[M089049]플루르비프로펜/[M089049]플루르비프로펜/[M089049]플루르비프로펜
[M222885]케토롤락트로메타민염,단일,-,해열.진통.소염제,중증의위장관계이상반응,-,KetorolacTromethamine,D000274,D000672,케토프로펜,Ketoprofen,[M051464]케토프로펜/[M051464]케토프로펜/[M051464]케토프로펜/[M051464]케토프로펜/[M051464]케토프로펜/[M051464]케토프로펜/[M051464]케토프로펜/[M051464]케토프로펜/[M051464]케토프로펜/[M051464]케토프로펜/[M051464]케토프로펜/[M051464]케토프로펜
[M084703]케토롤락트로메타민,단일,-,해열.진통.소염제,중증의위장관계이상반응,-,KetorolacTromethamine,D000274,D000672,케토프로펜,Ketoprofen,[M051464]케토프로펜/[M051464]케토프로펜/[M051464]케토프로펜/[M051464]케토프로펜/[M051464]케토프로펜/[M051464]케토프로펜/[M051464]케토프로펜/[M051464]케토프로펜/[M051464]케토프로펜/[M051464]케토프로펜/[M051464]케토프로펜/[M051464]케토프로펜
[M222885]케토롤락트로메타민염,단일,-,해열.진통.소염제,중증의위장관계이상반응,-,KetorolacTromethamine,D000274,D000705,플루르비프로펜,Flurbiprofen,[M089049]플루르비프로펜/[M089049]플루르비프로펜/[M089049]플루르비프로펜/[M089049]플루르비프로펜/[M089049]플루르비프로펜/[M089049]플루르비프로펜/[M089049]플루르비프로펜/[M089049]플루르비프로펜/[M089049]플루르비프로펜/[M089049]플루르비프로펜/[M089049]플루르비프로펜/[M089049]플루르비프로펜/[M089049]플루르비프로펜/[M089049]플루르비프로펜/[M089049]플루르비프로펜/[M089049]플루르비프로펜/[M089049]플루르비프로펜/[M089049]플루르비프로펜/[M089049]플루르비프로펜/[M089049]플루르비프로펜/[M089049]플루르비프로펜/[M089049]플루르비프로펜/[M089049]플루르비프로펜/[M089049]플루르비프로펜/[M089049]플루르비프로펜/[M089049]플루르비프로펜/[M089049]플루르비프로펜/[M089049]플루르비프로펜
[M084703]케토롤락트로메타민,단일,-,해열.진통.소염제,중증의위장관계이상반응,-,KetorolacTromethamine,D000274,D000705,플루르비프로펜,Flurbiprofen,[M089049]플루르비프로펜/[M089049]플루르비프로펜/[M089049]플루르비프로펜/[M089049]플루르비프로펜/[M089049]플루르비프로펜/[M089049]플루르비프로펜/[M089049]플루르비프로펜/[M089049]플루르비프로펜/[M089049]플루르비프로펜/[M089049]플루르비프로펜/[M089049]플루르비프로펜/[M089049]플루르비프로펜/[M089049]플루르비프로펜/[M089049]플루르비프로펜/[M089049]플루르비프로펜/[M089049]플루르비프로펜/[M089049]플루르비프로펜/[M089049]플루르비프로펜/[M089049]플루르비프로펜/[M089049]플루르비프로펜/[M089049]플루르비프로펜/[M089049]플루르비프로펜/[M089049]플루르비프로펜/[M089049]플루르비프로펜/[M089049]플루르비프로펜/[M089049]플루르비프로펜/[M089049]플루르비프로펜/[M089049]플루르비프로펜
[M222885]케토롤락트로메타민염,단일,-,해열.진통.소염제,중증의위장관계이상반응,-,KetorolacTromethamine,D000274,D000705,플루르비프로펜,Flurbiprofen,[M089049]플루르비프로펜/[M089049]플루르비프로펜/[M089049]플루르비프로펜/[M089049]플루르비프로펜/[M089049]플루르비프로펜/[M089049]플루르비프로펜/[M089049]플루르비프로펜/[M089049]플루르비프로펜/[M089049]플루르비프로펜/[M089049]플루르비프로펜/[M089049]플루르비프로펜/[M089049]플루르비프로펜
[M084703]케토롤락트로메타민,단일,-,해열.진통.소염제,중증의위장관계이상반응,-,KetorolacTromethamine,D000274,D000705,플루르비프로펜,Flurbiprofen,[M089049]플루르비프로펜/[M089049]플루르비프로펜/[M089049]플루르비프로펜/[M089049]플루르비프로펜/[M089049]플루르비프로펜/[M089049]플루르비프로펜/[M089049]플루르비프로펜/[M089049]플루르비프로펜/[M089049]플루르비프로펜/[M089049]플루르비프로펜/[M089049]플루르비프로펜/[M089049]플루르비프로펜
[M222885]케토롤락트로메타민염,단일,-,해열.진통.소염제,중증의위장관계이상반응,-,KetorolacTromethamine,D000274,D000575,인도메타신,Indometacin,[M040508]인도메타신/[M256450]고추80%에탄올연조엑스/[M223240]토코페롤아세테이트
[M084703]케토롤락트로메타민,단일,-,해열.진통.소염제,중증의위장관계이상반응,-,KetorolacTromethamine,D000274,D000575,인도메타신,Indometacin,[M040508]인도메타신/[M256450]고추80%에탄올연조엑스/[M223240]토코페롤아세테이트
[M088960]이오헥솔,단일,-,X선조영제,기능적신부전에의해유산산성증촉진,-,Iohexol,D000669,D000718,메트포르민염산염,MetforminHydrochloride,[M235069]피오글리타존염산염/[M223014]메트포르민염산염
[M086785]이오비트리돌,단일,-,X선조영제,기능적신부전에의해유산산성증촉진,-,Iobitridol,D000760,D000718,메트포르민염산염,MetforminHydrochloride,[M235069]피오글리타존염산염/[M223014]메트포르민염산염
[M089187]아나스트로졸,단일,-,항악성종양제,anastrozole의혈장농도감소,-,Anastrozole,D000144,D000679,구연산타목시펜,TamoxifenCitrate,[M081968]구연산타목시펜
[M222885]케토롤락트로메타민염,단일,-,해열.진통.소염제,중증의위장관계이상반응,-,KetorolacTromethamine,D000274,D000363,이부프로펜,Ibuprofen,[M051259]이부프로펜/[M082518]작약가루/[M070009]감초가루
[M084703]케토롤락트로메타민,단일,-,해열.진통.소염제,중증의위장관계이상반응,-,KetorolacTromethamine,D000274,D000363,이부프로펜,Ibuprofen,[M051259]이부프로펜/[M082518]작약가루/[M070009]감초가루
[M222885]케토롤락트로메타민염,단일,-,해열.진통.소염제,중증의위장관계이상반응,-,KetorolacTromethamine,D000274,D000230,메페남산,MefenamicAcid,[M050476]메페남산
[M084703]케토롤락트로메타민,단일,-,해열.진통.소염제,중증의위장관계이상반응,-,KetorolacTromethamine,D000274,D000230,메페남산,MefenamicAcid,[M050476]메페남산
[M256381]포사코나졸(미분화),단일,-,기타의화학요법제,횡문근융해를비롯한근육병증발생가능성증가,-,PosaconazoleMicronized,D000405,D000455,아토르바스타틴칼슘수화물,AtorvastatinCalciumHydrate,[M256664]아토르바스타틴칼슘수화물/[M270410]오메가-3-산에틸에스테르90
[M251687]아토르바스타틴칼슘,단일,-,동맥경화용제,혈중농도상승및근육병증/횡문근융해증위험성증가,-,AtorvastatinCalcium,D000455,D000334,사이클로스포린,Cyclosporine,[M085282]사이클로스포린
[M256664]아토르바스타틴칼슘수화물/[M270410]오메가-3-산에틸에스테르90,단일,-,동맥경화용제,혈중농도상승및근육병증/횡문근융해증위험성증가,-,AtorvastatinCalciumHydrate,D000455,D000334,사이클로스포린,Cyclosporine,[M085282]사이클로스포린
[M215219]아토르바스타틴칼슘삼수화물/[M251853]이르베사르탄,복합,[D000046]Irbesartan(이르베사르탄),기타의순환계용약,근육병증|횡문근융해위험증가가능,-,AtorvastatinCalciumTrihydrate,D000455,D000334,사이클로스포린,Cyclosporine,[M085282]사이클로스포린
[M097492]에제티미브/[M222875]암로디핀베실산염/[M215219]아토르바스타틴칼슘삼수화물,복합,[D000152]Amlodipine(암로디핀),기타의순환계용약,근육통|근육약화|근염|때때로횡문근변성을포함한근육독성촉진가능,-,AtorvastatinCalciumTrihydrate,D000455,D000334,사이클로스포린,Cyclosporine,[M085282]사이클로스포린
[M222875]암로디핀베실산염/[M093499]아토르바스타틴칼슘,복합,[D000152]Amlodipine(암로디핀),기타의순환계용약,근육통|근육약화|근염|때때로횡문근변성을포함한근육독성촉진가능,-,AtorvastatinCalcium,D000455,D000334,사이클로스포린,Cyclosporine,[M085282]사이클로스포린
[M222875]암로디핀베실산염/[M215219]아토르바스타틴칼슘삼수화물,복합,[D000152]Amlodipine(암로디핀),기타의순환계용약,근육통|근육약화|근염|때때로횡문근변성을포함한근육독성촉진가능,-,AtorvastatinCalciumTrihydrate,D000455,D000334,사이클로스포린,Cyclosporine,[M085282]사이클로스포린
[M085529]이오파미돌/[M085529]이오파미돌,단일,-,X선조영제,급성신부전,-,Iopamidol,D000267,D000718,메트포르민염산염,MetforminHydrochloride,[M244179]메트포르민염산염/[M266925]시타글립틴염산염수화물
[M089055]칸데사르탄실렉세틸/[M222875]암로디핀베실산염/[M251687]아토르바스타틴칼슘,복합,[D000152]Amlodipine(암로디핀),기타의순환계용약,근육통|근육약화|근염|때때로횡문근변성을포함한근육독성촉진가능,-,AtorvastatinCalcium,D000455,D000334,사이클로스포린,Cyclosporine,[M085282]사이클로스포린
[M213543]무수아토르바스타틴칼슘/[M222875]암로디핀베실산염,복합,[D000152]Amlodipine(암로디핀),기타의순환계용약,근육통|근육약화|근염|때때로횡문근변성을포함한근육독성촉진가능,-,AnhydrousAtorvastatinCalcium,D000455,D000334,사이클로스포린,Cyclosporine,[M085282]사이클로스포린
[M256664]아토르바스타틴칼슘수화물/[M222875]암로디핀베실산염/[M213543]무수아토르바스타틴칼슘/[M222875]암로디핀베실산염,복합,[D000152]Amlodipine(암로디핀),기타의순환계용약,근육통|근육약화|근염|때때로횡문근변성을포함한근육독성촉진가능,-,AnhydrousAtorvastatinCalcium,D000455,D000334,사이클로스포린,Cyclosporine,[M085282]사이클로스포린
[M282749]에제티미브(미분화)/[M222875]암로디핀베실산염/[M215219]아토르바스타틴칼슘삼수화물,복합,[D000152]Amlodipine(암로디핀),기타의순환계용약,근육통|근육약화|근염|때때로횡문근변성을포함한근육독성촉진가능,-,AtorvastatinCalciumTrihydrate,D000455,D000334,사이클로스포린,Cyclosporine,[M085282]사이클로스포린
[M215219]아토르바스타틴칼슘삼수화물/[M222875]암로디핀베실산염,복합,[D000152]Amlodipine(암로디핀),기타의순환계용약,근육통|근육약화|근염|때때로횡문근변성을포함한근육독성촉진가능,-,AtorvastatinCalciumTrihydrate,D000455,D000334,사이클로스포린,Cyclosporine,[M085282]사이클로스포린
[M215219]아토르바스타틴칼슘삼수화물/[M083437]베실산암로디핀,복합,[D000152]Amlodipine(암로디핀),기타의순환계용약,근육통|근육약화|근염|때때로횡문근변성을포함한근육독성촉진가능,-,AtorvastatinCalciumTrihydrate,D000455,D000334,사이클로스포린,Cyclosporine,[M085282]사이클로스포린
[M244179]메트포르민염산염/[M256664]아토르바스타틴칼슘수화물,복합,[D000718]Metformin(메트포르민),당뇨병용제,근육병증|횡문근융해위험증가가능,-,AtorvastatinCalciumHydrate,D000455,D000334,사이클로스포린,Cyclosporine,[M085282]사이클로스포린
[M215219]아토르바스타틴칼슘삼수화물/[M261637]오메가3산에틸에스테르90,단일,-,동맥경화용제,혈중농도상승및근육병증/횡문근융해증위험성증가,-,AtorvastatinCalciumTrihydrate,D000455,D000334,사이클로스포린,Cyclosporine,[M085282]사이클로스포린
[M097492]에제티미브/[M215219]아토르바스타틴칼슘삼수화물,복합,[D000350]Ezetimibe(에제티미브),동맥경화용제,근육통|근육약화|근염|때때로횡문근변성을포함한근육독성촉진가능,-,AtorvastatinCalciumTrihydrate,D000455,D000334,사이클로스포린,Cyclosporine,[M085282]사이클로스포린
[M251687]아토르바스타틴칼슘/[M097492]에제티미브,복합,[D000350]Ezetimibe(에제티미브),동맥경화용제,근육통|근육약화|근염|때때로횡문근변성을포함한근육독성촉진가능,-,AtorvastatinCalcium,D000455,D000334,사이클로스포린,Cyclosporine,[M085282]사이클로스포린
[M215219]아토르바스타틴칼슘삼수화물/[M097492]에제티미브,복합,[D000350]Ezetimibe(에제티미브),동맥경화용제,근육통|근육약화|근염|때때로횡문근변성을포함한근육독성촉진가능,-,AtorvastatinCalciumTrihydrate,D000455,D000334,사이클로스포린,Cyclosporine,[M085282]사이클로스포린
[M215219]아토르바스타틴칼슘삼수화물,단일,-,동맥경화용제,혈중농도상승및근육병증/횡문근융해증위험성증가,-,AtorvastatinCalciumTrihydrate,D000455,D000334,사이클로스포린,Cyclosporine,[M085282]사이클로스포린
[M256664]아토르바스타틴칼슘수화물,단일,-,동맥경화용제,혈중농도상승및근육병증/횡문근융해증위험성증가,-,AtorvastatinCalciumHydrate,D000455,D000334,사이클로스포린,Cyclosporine,[M085282]사이클로스포린
[M248019]티자니딘염산염,단일,-,골격근이완제,저혈압에의해졸음|현기증및정신운동능력감소,-,TizanidineHydrochloride,D000187,D000142,시프로플록사신염산염수화물,CiprofloxacinHydrochlorideHydrate,[M223091]시프로플록사신염산염수화물/[M040080]덱사메타손
[M083714]염산티자니딘,단일,-,진경제,저혈압에의해졸음|현기증및정신운동능력감소,-,TizanidineHydrochloride,D000187,D000142,시프로플록사신염산염수화물,CiprofloxacinHydrochlorideHydrate,[M223091]시프로플록사신염산염수화물/[M040080]덱사메타손
[M051464]케토프로펜,단일,-,진통.진양.수렴.소염제,경련,-,Ketoprofen,D000672,D000142,시프로플록사신염산염수화물,CiprofloxacinHydrochlorideHydrate,[M223091]시프로플록사신염산염수화물/[M040080]덱사메타손
[M040170]메트로니다졸/[M020072]스피라마이신,복합,[D000338]Spiramycin(스피라마이신),기타의항생물질제제(복합항생물질제제를포함),심실부정맥(Torsadedepointes),-,Metronidazole,D000426,D000719,미졸라스틴,Mizolastine,[M089840]미졸라스틴
[M259362]리토나비르,단일,-,기타의화학요법제,신경학적또는기타독성의빈도및강도가증가,-,Ritonavir,D000712,D000020,블로난세린,Blonanserin,[M247117]블로난세린/[M247117]블로난세린
[M281904]니르마트렐비르/[M259362]리토나비르,단일,-,기타의화학요법제,신경학적또는기타독성의빈도및강도가증가,-,Ritonavir,D000712,D000020,블로난세린,Blonanserin,[M247117]블로난세린/[M247117]블로난세린
[M215219]아토르바스타틴칼슘삼수화물/[M261637]오메가3산에틸에스테르90,단일,-,동맥경화용제,근육병증,-,AtorvastatinCalciumTrihydrate,D000455,D000769,케토코나졸,Ketoconazole,[M080618]케토코나졸/[M080618]케토코나졸/[M080618]케토코나졸/[M080618]케토코나졸
[M093499]아토르바스타틴칼슘,단일,-,동맥경화용제,근육병증,-,AtorvastatinCalcium,D000455,D000769,케토코나졸,Ketoconazole,[M080618]케토코나졸/[M080618]케토코나졸/[M080618]케토코나졸/[M080618]케토코나졸
[M256664]아토르바스타틴칼슘수화물/[M270410]오메가-3-산에틸에스테르90,단일,-,동맥경화용제,근육병증,-,AtorvastatinCalciumHydrate,D000455,D000769,케토코나졸,Ketoconazole,[M080618]케토코나졸/[M080618]케토코나졸/[M080618]케토코나졸/[M080618]케토코나졸
[M256664]아토르바스타틴칼슘수화물/[M256664]아토르바스타틴칼슘수화물,단일,-,동맥경화용제,근육병증,-,AtorvastatinCalciumHydrate,D000455,D000769,케토코나졸,Ketoconazole,[M080618]케토코나졸/[M080618]케토코나졸/[M080618]케토코나졸/[M080618]케토코나졸
[M256664]아토르바스타틴칼슘수화물/[M261637]오메가3산에틸에스테르90,단일,-,동맥경화용제,근육병증,-,AtorvastatinCalciumHydrate,D000455,D000769,케토코나졸,Ketoconazole,[M080618]케토코나졸/[M080618]케토코나졸/[M080618]케토코나졸/[M080618]케토코나졸
[M215219]아토르바스타틴칼슘삼수화물/[M256664]아토르바스타틴칼슘수화물,단일,-,동맥경화용제,근육병증,-,AtorvastatinCalciumTrihydrate,D000455,D000769,케토코나졸,Ketoconazole,[M080618]케토코나졸/[M080618]케토코나졸/[M080618]케토코나졸/[M080618]케토코나졸
[M282749]에제티미브(미분화)/[M215219]아토르바스타틴칼슘삼수화물,단일,-,동맥경화용제,근육병증,-,AtorvastatinCalciumTrihydrate,D000455,D000769,케토코나졸,Ketoconazole,[M080618]케토코나졸/[M080618]케토코나졸/[M080618]케토코나졸/[M080618]케토코나졸
[M259362]리토나비르,단일,-,기타의화학요법제,횡문근융해증/근육병증및이에수반되는급격한신기능악화,-,Ritonavir,D000712,D000419,로바스타틴,Lovastatin,[M083392]로바스타틴
[M281904]니르마트렐비르/[M259362]리토나비르,단일,-,기타의화학요법제,횡문근융해증/근육병증및이에수반되는급격한신기능악화,-,Ritonavir,D000712,D000419,로바스타틴,Lovastatin,[M083392]로바스타틴
[M222961]돔페리돈말레산염,단일,-,기타의소화기관용약,QTc연장효과증대로심각한위험(TorsadedePointes|심각한심실성부정맥포함)가능성,-,DomperidoneMaleate,D000297,D000719,미졸라스틴,Mizolastine,[M089840]미졸라스틴
[M081091]돔페리돈,단일,-,기타의소화기관용약,QTc연장효과증대로심각한위험(TorsadedePointes|심각한심실성부정맥포함)가능성,-,Domperidone,D000297,D000719,미졸라스틴,Mizolastine,[M089840]미졸라스틴
[M222961]돔페리돈말레산염/[M222961]돔페리돈말레산염,단일,-,기타의소화기관용약,QTc연장효과증대로심각한위험(TorsadedePointes|심각한심실성부정맥포함)가능성,-,DomperidoneMaleate,D000297,D000719,미졸라스틴,Mizolastine,[M089840]미졸라스틴
[M081091]돔페리돈/[M081091]돔페리돈,단일,-,기타의소화기관용약,QTc연장효과증대로심각한위험(TorsadedePointes|심각한심실성부정맥포함)가능성,-,Domperidone,D000297,D000719,미졸라스틴,Mizolastine,[M089840]미졸라스틴
[M222961]돔페리돈말레산염/[M222961]돔페리돈말레산염/[M222961]돔페리돈말레산염,단일,-,기타의소화기관용약,QTc연장효과증대로심각한위험(TorsadedePointes|심각한심실성부정맥포함)가능성,-,DomperidoneMaleate,D000297,D000719,미졸라스틴,Mizolastine,[M089840]미졸라스틴
[M085595]말레인산돔페리돈,단일,-,기타의소화기관용약,QTc연장효과증대로심각한위험(TorsadedePointes|심각한심실성부정맥포함)가능성,-,DomperidoneMaleate,D000297,D000719,미졸라스틴,Mizolastine,[M089840]미졸라스틴
[M085595]말레인산돔페리돈/[M222961]돔페리돈말레산염,단일,-,기타의소화기관용약,QTc연장효과증대로심각한위험(TorsadedePointes|심각한심실성부정맥포함)가능성,-,DomperidoneMaleate,D000297,D000719,미졸라스틴,Mizolastine,[M089840]미졸라스틴
[M251493]지프라시돈염산염일수화물,단일,-,정신신경용제,QT간격연장,-,ZiprasidoneHydrochlorideMonohydrate,D000173,D000719,미졸라스틴,Mizolastine,[M089840]미졸라스틴
[M258880]아만타딘황산염,단일,-,기타의중추신경용약,QT간격연장,-,AmantadineSulfate,D000343,D000719,미졸라스틴,Mizolastine,[M089840]미졸라스틴
[M256664]아토르바스타틴칼슘수화물,단일,-,동맥경화용제,근육병증,-,AtorvastatinCalciumHydrate,D000455,D000769,케토코나졸,Ketoconazole,[M080618]케토코나졸/[M080618]케토코나졸/[M080618]케토코나졸/[M080618]케토코나졸
[M253921]릴피비린염산염,단일,-,기타의화학요법제,위장pH의증가로릴피비린의흡수가저하되어릴피비린의치료효과감소,-,RilpivirineHydrochloride,D000225,D000153,에스오메프라졸마그네슘삼수화물,EsomeprazoleMagnesiumTrihydrate,[M092321]에스오메프라졸마그네슘삼수화물/[M207094]탄산수소나트륨
[M084703]케토롤락트로메타민,단일,-,해열.진통.소염제,중증의위장관계이상반응,-,KetorolacTromethamine,D000274,D000081,나부메톤,Nabumetone,[M084590]나부메톤/[M084590]나부메톤
[M085529]이오파미돌,단일,-,X선조영제,급성신부전,-,Iopamidol,D000267,D000718,메트포르민염산염,MetforminHydrochloride,[M235069]피오글리타존염산염/[M223014]메트포르민염산염
[M085529]이오파미돌/[M085529]이오파미돌,단일,-,X선조영제,급성신부전,-,Iopamidol,D000267,D000718,메트포르민염산염,MetforminHydrochloride,[M235069]피오글리타존염산염/[M223014]메트포르민염산염
[M089055]칸데사르탄실렉세틸/[M222875]암로디핀베실산염/[M251687]아토르바스타틴칼슘,복합,[D000152]Amlodipine(암로디핀)/[D000273]Candesartancilexetil(칸데사르탄실렉세틸),기타의순환계용약,근육병증|횡문근융해위험증가가능,-,AtorvastatinCalcium,D000455,D000769,케토코나졸,Ketoconazole,[M080618]케토코나졸/[M080618]케토코나졸/[M080618]케토코나졸/[M080618]케토코나졸
[M215219]아토르바스타틴칼슘삼수화물/[M222875]암로디핀베실산염/[M282749]에제티미브(미분화),복합,[D000152]Amlodipine(암로디핀),기타의순환계용약,근질환위험증가,-,AtorvastatinCalciumTrihydrate,D000455,D000769,케토코나졸,Ketoconazole,[M080618]케토코나졸/[M080618]케토코나졸/[M080618]케토코나졸/[M080618]케토코나졸
[M282749]에제티미브(미분화)/[M222875]암로디핀베실산염/[M215219]아토르바스타틴칼슘삼수화물,복합,[D000152]Amlodipine(암로디핀),기타의순환계용약,근질환위험증가,-,AtorvastatinCalciumTrihydrate,D000455,D000769,케토코나졸,Ketoconazole,[M080618]케토코나졸/[M080618]케토코나졸/[M080618]케토코나졸/[M080618]케토코나졸
[M093499]아토르바스타틴칼슘/[M222875]암로디핀베실산염,복합,[D000152]Amlodipine(암로디핀),기타의순환계용약,근질환위험증가,-,AtorvastatinCalcium,D000455,D000769,케토코나졸,Ketoconazole,[M080618]케토코나졸/[M080618]케토코나졸/[M080618]케토코나졸/[M080618]케토코나졸
[M256664]아토르바스타틴칼슘수화물/[M222875]암로디핀베실산염,복합,[D000152]Amlodipine(암로디핀),기타의순환계용약,근질환위험증가,-,AtorvastatinCalciumHydrate,D000455,D000769,케토코나졸,Ketoconazole,[M080618]케토코나졸/[M080618]케토코나졸/[M080618]케토코나졸/[M080618]케토코나졸
[M215219]아토르바스타틴칼슘삼수화물,단일,-,동맥경화용제,근육병증,-,AtorvastatinCalciumTrihydrate,D000455,D000769,케토코나졸,Ketoconazole,[M080618]케토코나졸/[M080618]케토코나졸/[M080618]케토코나졸/[M080618]케토코나졸
[M222875]암로디핀베실산염/[M213543]무수아토르바스타틴칼슘,복합,[D000152]Amlodipine(암로디핀),기타의순환계용약,근질환위험증가,-,AnhydrousAtorvastatinCalcium,D000455,D000769,케토코나졸,Ketoconazole,[M080618]케토코나졸/[M080618]케토코나졸/[M080618]케토코나졸/[M080618]케토코나졸
[M097492]에제티미브/[M222875]암로디핀베실산염/[M215219]아토르바스타틴칼슘삼수화물,복합,[D000152]Amlodipine(암로디핀),기타의순환계용약,근질환위험증가,-,AtorvastatinCalciumTrihydrate,D000455,D000769,케토코나졸,Ketoconazole,[M080618]케토코나졸/[M080618]케토코나졸/[M080618]케토코나졸/[M080618]케토코나졸
[M222875]암로디핀베실산염/[M093499]아토르바스타틴칼슘,복합,[D000152]Amlodipine(암로디핀),기타의순환계용약,근질환위험증가,-,AtorvastatinCalcium,D000455,D000769,케토코나졸,Ketoconazole,[M080618]케토코나졸/[M080618]케토코나졸/[M080618]케토코나졸/[M080618]케토코나졸
[M222875]암로디핀베실산염/[M215219]아토르바스타틴칼슘삼수화물,복합,[D000152]Amlodipine(암로디핀),기타의순환계용약,근질환위험증가,-,AtorvastatinCalciumTrihydrate,D000455,D000769,케토코나졸,Ketoconazole,[M080618]케토코나졸/[M080618]케토코나졸/[M080618]케토코나졸/[M080618]케토코나졸
[M213543]무수아토르바스타틴칼슘/[M222875]암로디핀베실산염,복합,[D000152]Amlodipine(암로디핀),기타의순환계용약,근질환위험증가,-,AnhydrousAtorvastatinCalcium,D000455,D000769,케토코나졸,Ketoconazole,[M080618]케토코나졸/[M080618]케토코나졸/[M080618]케토코나졸/[M080618]케토코나졸
[M256664]아토르바스타틴칼슘수화물/[M222875]암로디핀베실산염/[M213543]무수아토르바스타틴칼슘/[M222875]암로디핀베실산염,복합,[D000152]Amlodipine(암로디핀),기타의순환계용약,근질환위험증가,-,AnhydrousAtorvastatinCalcium,D000455,D000769,케토코나졸,Ketoconazole,[M080618]케토코나졸/[M080618]케토코나졸/[M080618]케토코나졸/[M080618]케토코나졸
[M215219]아토르바스타틴칼슘삼수화물/[M222875]암로디핀베실산염,복합,[D000152]Amlodipine(암로디핀),기타의순환계용약,근질환위험증가,-,AtorvastatinCalciumTrihydrate,D000455,D000769,케토코나졸,Ketoconazole,[M080618]케토코나졸/[M080618]케토코나졸/[M080618]케토코나졸/[M080618]케토코나졸
[M215219]아토르바스타틴칼슘삼수화물/[M083437]베실산암로디핀,복합,[D000152]Amlodipine(암로디핀),기타의순환계용약,근질환위험증가,-,AtorvastatinCalciumTrihydrate,D000455,D000769,케토코나졸,Ketoconazole,[M080618]케토코나졸/[M080618]케토코나졸/[M080618]케토코나졸/[M080618]케토코나졸
[M020072]스피라마이신/[M040170]메트로니다졸,복합,[D000338]Spiramycin(스피라마이신),기타의항생물질제제(복합항생물질제제를포함),심실부정맥(Torsadedepointes),-,Metronidazole,D000426,D000719,미졸라스틴,Mizolastine,[M089840]미졸라스틴
[M222961]돔페리돈말레산염,단일,-,기타의소화기관용약,QTc연장효과증대로심각한위험(TorsadedePointes|심각한심실성부정맥포함)가능성,-,DomperidoneMaleate,D000297,D000519,핀골리모드염산염,FingolimodHydrochloride,[M252321]핀골리모드염산염
[M257939]라사길린메실산염,단일,-,기타의중추신경용약,고혈압위기|세로토닌증후군발생위험증가,-,RasagilineMesylate,D000698,D000773,트라마돌염산염,TramadolHydrochloride,[M040353]아세트아미노펜/[M255410]트라마돌염산염/[M040353]아세트아미노펜/[M255410]트라마돌염산염
[M081091]돔페리돈,단일,-,기타의소화기관용약,QTc연장효과증대로심각한위험(TorsadedePointes|심각한심실성부정맥포함)가능성,-,Domperidone,D000297,D000519,핀골리모드염산염,FingolimodHydrochloride,[M252321]핀골리모드염산염
[M252241]알모트립탄말산염,단일,-,해열.진통.소염제,상가적인혈관수축반응|혈압상승,-,AlmotriptanMalate,D000745,D000747,에르고타민타르타르산염,ErgotamineTartrate,[M223126]에르고타민타르타르산염/[M223183]카페인무수물
[M256381]포사코나졸(미분화),단일,-,기타의화학요법제,맥각독성(혈관경련|말단및기타조직허혈등)위험증가,-,PosaconazoleMicronized,D000405,D000747,에르고타민타르타르산염,ErgotamineTartrate,[M223126]에르고타민타르타르산염/[M223183]카페인무수물
[M258751]다루나비르에탄올레이트/[M115484]코비시스타트이산화규소,단일,-,기타의화학요법제,맥각독성(혈관경련|말단및기타조직허혈등)위험증가,-,DarunavirEthanolate,D000395,D000747,에르고타민타르타르산염,ErgotamineTartrate,[M223126]에르고타민타르타르산염/[M223183]카페인무수물
[M258751]다루나비르에탄올레이트,단일,-,기타의화학요법제,맥각독성(혈관경련|말단및기타조직허혈등)위험증가,-,DarunavirEthanolate,D000395,D000747,에르고타민타르타르산염,ErgotamineTartrate,[M223126]에르고타민타르타르산염/[M223183]카페인무수물
[M246956]수마트립탄숙신산염,단일,-,해열.진통.소염제,상가적인혈관경련,-,SumatriptanSuccinate,D000650,D000747,에르고타민타르타르산염,ErgotamineTartrate,[M223126]에르고타민타르타르산염/[M223183]카페인무수물
[M246956]수마트립탄숙신산염/[M070724]나프록센나트륨,단일,-,해열.진통.소염제,상가적인혈관경련,-,SumatriptanSuccinate,D000650,D000747,에르고타민타르타르산염,ErgotamineTartrate,[M223126]에르고타민타르타르산염/[M223183]카페인무수물
[M222961]돔페리돈말레산염,단일,-,기타의소화기관용약,QTc연장효과증대로심각한위험(TorsadedePointes|심각한심실성부정맥포함)가능성,-,DomperidoneMaleate,D000297,D000142,시프로플록사신염산염수화물,CiprofloxacinHydrochlorideHydrate,[M242850]시프로플록사신염산염/[M223091]시프로플록사신염산염수화물
[M081091]돔페리돈,단일,-,기타의소화기관용약,QTc연장효과증대로심각한위험(TorsadedePointes|심각한심실성부정맥포함)가능성,-,Domperidone,D000297,D000142,시프로플록사신염산염수화물,CiprofloxacinHydrochlorideHydrate,[M242850]시프로플록사신염산염/[M223091]시프로플록사신염산염수화물
[M222961]돔페리돈말레산염/[M222961]돔페리돈말레산염,단일,-,기타의소화기관용약,QTc연장효과증대로심각한위험(TorsadedePointes|심각한심실성부정맥포함)가능성,-,DomperidoneMaleate,D000297,D000142,시프로플록사신염산염수화물,CiprofloxacinHydrochlorideHydrate,[M242850]시프로플록사신염산염/[M223091]시프로플록사신염산염수화물
[M081091]돔페리돈/[M081091]돔페리돈,단일,-,기타의소화기관용약,QTc연장효과증대로심각한위험(TorsadedePointes|심각한심실성부정맥포함)가능성,-,Domperidone,D000297,D000142,시프로플록사신염산염수화물,CiprofloxacinHydrochlorideHydrate,[M242850]시프로플록사신염산염/[M223091]시프로플록사신염산염수화물
[M222961]돔페리돈말레산염/[M222961]돔페리돈말레산염/[M222961]돔페리돈말레산염,단일,-,기타의소화기관용약,QTc연장효과증대로심각한위험(TorsadedePointes|심각한심실성부정맥포함)가능성,-,DomperidoneMaleate,D000297,D000142,시프로플록사신염산염수화물,CiprofloxacinHydrochlorideHydrate,[M242850]시프로플록사신염산염/[M223091]시프로플록사신염산염수화물
[M085595]말레인산돔페리돈,단일,-,기타의소화기관용약,QTc연장효과증대로심각한위험(TorsadedePointes|심각한심실성부정맥포함)가능성,-,DomperidoneMaleate,D000297,D000142,시프로플록사신염산염수화물,CiprofloxacinHydrochlorideHydrate,[M242850]시프로플록사신염산염/[M223091]시프로플록사신염산염수화물
[M085595]말레인산돔페리돈/[M222961]돔페리돈말레산염,단일,-,기타의소화기관용약,QTc연장효과증대로심각한위험(TorsadedePointes|심각한심실성부정맥포함)가능성,-,DomperidoneMaleate,D000297,D000142,시프로플록사신염산염수화물,CiprofloxacinHydrochlorideHydrate,[M242850]시프로플록사신염산염/[M223091]시프로플록사신염산염수화물
[M248019]티자니딘염산염,단일,-,골격근이완제,저혈압에의해졸음|현기증및정신운동능력감소,-,TizanidineHydrochloride,D000187,D000142,시프로플록사신염산염수화물,CiprofloxacinHydrochlorideHydrate,[M242850]시프로플록사신염산염/[M223091]시프로플록사신염산염수화물
[M083714]염산티자니딘,단일,-,진경제,저혈압에의해졸음|현기증및정신운동능력감소,-,TizanidineHydrochloride,D000187,D000142,시프로플록사신염산염수화물,CiprofloxacinHydrochlorideHydrate,[M242850]시프로플록사신염산염/[M223091]시프로플록사신염산염수화물
[M051464]케토프로펜,단일,-,진통.진양.수렴.소염제,경련,-,Ketoprofen,D000672,D000142,시프로플록사신염산염수화물,CiprofloxacinHydrochlorideHydrate,[M242850]시프로플록사신염산염/[M223091]시프로플록사신염산염수화물
[M051464]케토프로펜/[M051464]케토프로펜,단일,-,진통.진양.수렴.소염제,경련,-,Ketoprofen,D000672,D000142,시프로플록사신염산염수화물,CiprofloxacinHydrochlorideHydrate,[M242850]시프로플록사신염산염/[M223091]시프로플록사신염산염수화물
[M081361]케토프로펜리신,단일,-,해열.진통.소염제,경련,-,KetoprofenLysin,D000672,D000142,시프로플록사신염산염수화물,CiprofloxacinHydrochlorideHydrate,[M242850]시프로플록사신염산염/[M223091]시프로플록사신염산염수화물
[M051464]케토프로펜/[M051464]케토프로펜/[M051464]케토프로펜/[M051464]케토프로펜/[M051464]케토프로펜/[M051464]케토프로펜/[M051464]케토프로펜/[M051464]케토프로펜/[M051464]케토프로펜/[M051464]케토프로펜/[M051464]케토프로펜/[M051464]케토프로펜,단일,-,진통.진양.수렴.소염제,경련,-,Ketoprofen,D000672,D000142,시프로플록사신염산염수화물,CiprofloxacinHydrochlorideHydrate,[M242850]시프로플록사신염산염/[M223091]시프로플록사신염산염수화물
[M051464]케토프로펜/[M051464]케토프로펜/[M051464]케토프로펜/[M051464]케토프로펜/[M051464]케토프로펜/[M051464]케토프로펜,단일,-,진통.진양.수렴.소염제,경련,-,Ketoprofen,D000672,D000142,시프로플록사신염산염수화물,CiprofloxacinHydrochlorideHydrate,[M242850]시프로플록사신염산염/[M223091]시프로플록사신염산염수화물
[M051464]케토프로펜/[M051464]케토프로펜/[M051464]케토프로펜,단일,-,진통.진양.수렴.소염제,경련,-,Ketoprofen,D000672,D000142,시프로플록사신염산염수화물,CiprofloxacinHydrochlorideHydrate,[M242850]시프로플록사신염산염/[M223091]시프로플록사신염산염수화물
[M051464]케토프로펜/[M051464]케토프로펜/[M051464]케토프로펜/[M051464]케토프로펜/[M051464]케토프로펜/[M051464]케토프로펜/[M051464]케토프로펜/[M051464]케토프로펜,단일,-,진통.진양.수렴.소염제,경련,-,Ketoprofen,D000672,D000142,시프로플록사신염산염수화물,CiprofloxacinHydrochlorideHydrate,[M242850]시프로플록사신염산염/[M223091]시프로플록사신염산염수화물
[M051464]케토프로펜/[M051464]케토프로펜/[M051464]케토프로펜/[M051464]케토프로펜,단일,-,진통.진양.수렴.소염제,경련,-,Ketoprofen,D000672,D000142,시프로플록사신염산염수화물,CiprofloxacinHydrochlorideHydrate,[M242850]시프로플록사신염산염/[M223091]시프로플록사신염산염수화물
[M222871]아지트로마이신,단일,-,주로그람양성균|리케치아|비루스에작용하는것,맥각독성(혈관경련|말단및기타조직허혈등)위험증가,-,Azithromycin,D000742,D000747,에르고타민타르타르산염,ErgotamineTartrate,[M223126]에르고타민타르타르산염/[M223183]카페인무수물
[M250781]아지트로마이신수화물,단일,-,주로그람양성균|리케치아|비루스에작용하는것,맥각독성(혈관경련|말단및기타조직허혈등)위험증가,-,AzithromycinHydrate,D000742,D000747,에르고타민타르타르산염,ErgotamineTartrate,[M223126]에르고타민타르타르산염/[M223183]카페인무수물
[M223155]에페드린염산염,단일,-,진해거담제,혈관수축및혈압상승효과를증가시킴,-,EphedrineHydrochloride,D000155,D000747,에르고타민타르타르산염,ErgotamineTartrate,[M223126]에르고타민타르타르산염/[M223183]카페인무수물
[M222831]글리클라지드,단일,-,당뇨병용제,저혈당또는혼수,-,Gliclazide,D000600,D000324,미코나졸질산염,MiconazoleNitrate,[M223037]미코나졸질산염/[M040131]리도카인/[M051499]크로타미톤/[M256386]글리시리진산이칼륨
[M222961]돔페리돈말레산염/[M222961]돔페리돈말레산염,단일,-,기타의소화기관용약,QTc연장효과증대로심각한위험(TorsadedePointes|심각한심실성부정맥포함)가능성,-,DomperidoneMaleate,D000297,D000519,핀골리모드염산염,FingolimodHydrochloride,[M252321]핀골리모드염산염
[M081091]돔페리돈/[M081091]돔페리돈,단일,-,기타의소화기관용약,QTc연장효과증대로심각한위험(TorsadedePointes|심각한심실성부정맥포함)가능성,-,Domperidone,D000297,D000519,핀골리모드염산염,FingolimodHydrochloride,[M252321]핀골리모드염산염
[M222961]돔페리돈말레산염/[M222961]돔페리돈말레산염/[M222961]돔페리돈말레산염,단일,-,기타의소화기관용약,QTc연장효과증대로심각한위험(TorsadedePointes|심각한심실성부정맥포함)가능성,-,DomperidoneMaleate,D000297,D000519,핀골리모드염산염,FingolimodHydrochloride,[M252321]핀골리모드염산염
[M085595]말레인산돔페리돈,단일,-,기타의소화기관용약,QTc연장효과증대로심각한위험(TorsadedePointes|심각한심실성부정맥포함)가능성,-,DomperidoneMaleate,D000297,D000519,핀골리모드염산염,FingolimodHydrochloride,[M252321]핀골리모드염산염
[M085595]말레인산돔페리돈/[M222961]돔페리돈말레산염,단일,-,기타의소화기관용약,QTc연장효과증대로심각한위험(TorsadedePointes|심각한심실성부정맥포함)가능성,-,DomperidoneMaleate,D000297,D000519,핀골리모드염산염,FingolimodHydrochloride,[M252321]핀골리모드염산염
[M253921]릴피비린염산염,단일,-,기타의화학요법제,위장pH의증가로릴피비린의흡수가저하되어릴피비린의치료효과감소,-,RilpivirineHydrochloride,D000225,D000204,라베프라졸나트륨,RabeprazoleSodium,[M089852]라베프라졸나트륨/[M040634]침강탄산칼슘/[M040634]침강탄산칼슘
[M263856]팔보시클립,단일,-,항악성종양제,팔보시클립의혈장농도증가,-,Palbociclib,D001149,D001079,엔잘루타마이드,Enzalutamide,[M257255]엔잘루타마이드
[M089187]아나스트로졸,단일,-,항악성종양제,anastrozole의혈장농도감소,-,Anastrozole,D000144,D000679,타목시펜시트르산염,TamoxifenCitrate,[M222891]타목시펜시트르산염
[M256618]글리피지드,단일,-,당뇨병용제,저혈당또는혼수,-,Glipizide,D000079,D000324,미코나졸질산염,MiconazoleNitrate,[M223037]미코나졸질산염/[M040131]리도카인/[M051499]크로타미톤/[M256386]글리시리진산이칼륨
[M099438]글리클라짓,단일,-,당뇨병용제,저혈당또는혼수,-,Gliclazide,D000600,D000324,미코나졸질산염,MiconazoleNitrate,[M223037]미코나졸질산염/[M040131]리도카인/[M051499]크로타미톤/[M256386]글리시리진산이칼륨
[M244179]메트포르민염산염/[M222831]글리클라지드,단일,-,당뇨병용제,저혈당또는혼수,-,Gliclazide,D000600,D000324,미코나졸질산염,MiconazoleNitrate,[M223037]미코나졸질산염/[M040131]리도카인/[M051499]크로타미톤/[M256386]글리시리진산이칼륨
[M085529]이오파미돌/[M085529]이오파미돌,단일,-,X선조영제,급성신부전,-,Iopamidol,D000267,D000718,메트포르민염산염,MetforminHydrochloride,[M244179]메트포르민염산염/[M256664]아토르바스타틴칼슘수화물
[M258015]글리크라짓/[M258015]글리크라짓,단일,-,당뇨병용제,저혈당또는혼수,-,Gliclazide,D000600,D000324,미코나졸질산염,MiconazoleNitrate,[M223037]미코나졸질산염/[M040131]리도카인/[M051499]크로타미톤/[M256386]글리시리진산이칼륨
[M222831]글리클라지드/[M222831]글리클라지드,단일,-,당뇨병용제,저혈당또는혼수,-,Gliclazide,D000600,D000324,미코나졸질산염,MiconazoleNitrate,[M223037]미코나졸질산염/[M040131]리도카인/[M051499]크로타미톤/[M256386]글리시리진산이칼륨
[M099438]글리클라짓/[M099438]글리클라짓,단일,-,당뇨병용제,저혈당또는혼수,-,Gliclazide,D000600,D000324,미코나졸질산염,MiconazoleNitrate,[M223037]미코나졸질산염/[M040131]리도카인/[M051499]크로타미톤/[M256386]글리시리진산이칼륨
[M085529]이오파미돌,단일,-,X선조영제,급성신부전,-,Iopamidol,D000267,D000718,메트포르민염산염,MetforminHydrochloride,[M223014]메트포르민염산염/[M251489]삭사글립틴수화물
[M085529]이오파미돌/[M085529]이오파미돌,단일,-,X선조영제,급성신부전,-,Iopamidol,D000267,D000718,메트포르민염산염,MetforminHydrochloride,[M223014]메트포르민염산염/[M251489]삭사글립틴수화물
[M085529]이오파미돌,단일,-,X선조영제,급성신부전,-,Iopamidol,D000267,D000718,메트포르민염산염,MetforminHydrochloride,[M223014]메트포르민염산염/[M258339]다파글리플로진프로판디올수화물
[M085529]이오파미돌/[M085529]이오파미돌,단일,-,X선조영제,급성신부전,-,Iopamidol,D000267,D000718,메트포르민염산염,MetforminHydrochloride,[M223014]메트포르민염산염/[M258339]다파글리플로진프로판디올수화물
[M085529]이오파미돌,단일,-,X선조영제,급성신부전,-,Iopamidol,D000267,D000718,메트포르민염산염,MetforminHydrochloride,[M283330]이나보글리플로진/[M244179]메트포르민염산염
[M085529]이오파미돌/[M085529]이오파미돌,단일,-,X선조영제,급성신부전,-,Iopamidol,D000267,D000718,메트포르민염산염,MetforminHydrochloride,[M283330]이나보글리플로진/[M244179]메트포르민염산염
[M085529]이오파미돌,단일,-,X선조영제,급성신부전,-,Iopamidol,D000267,D000718,메트포르민염산염,MetforminHydrochloride,[M244179]메트포르민염산염/[M256664]아토르바스타틴칼슘수화물
[M222885]케토롤락트로메타민염,단일,-,해열.진통.소염제,중증의위장관계이상반응,-,KetorolacTromethamine,D000274,D000081,나부메톤,Nabumetone,[M084590]나부메톤/[M084590]나부메톤
[M040353]아세트아미노펜/[M040355]아스피린/[M040580]무수카페인,단일,-,해열.진통.소염제,혈액학적독성,methotrexate(1週에15mg이상투여시),Aspirin,D000452,D000716,메토트렉세이트,Methotrexate,[M040168]메토트렉세이트/[M040168]메토트렉세이트/[M040168]메토트렉세이트
[M051464]케토프로펜/[M051464]케토프로펜,단일,-,진통.진양.수렴.소염제,경련,-,Ketoprofen,D000672,D000142,시프로플록사신염산염수화물,CiprofloxacinHydrochlorideHydrate,[M223091]시프로플록사신염산염수화물/[M040080]덱사메타손
[M085529]이오파미돌/[M085529]이오파미돌,단일,-,X선조영제,급성신부전,-,Iopamidol,D000267,D000718,메트포르민염산염,MetforminHydrochloride,[M221584]빌다글립틴/[M223014]메트포르민염산염
[M222885]케토롤락트로메타민염,단일,-,해열.진통.소염제,중증의위장관계이상반응,-,KetorolacTromethamine,D000274,D000363,이부프로펜,Ibuprofen,[M051259]이부프로펜/[M223183]카페인무수물/[M203364]슈도에페드린염산염/[M264046]DL-메틸에페드린염산염/[M223211]클로르페니라민말레산염/[M222957]덱스트로메토르판브롬화수소산염수화물/[M050058]구아이페네신
[M084703]케토롤락트로메타민,단일,-,해열.진통.소염제,중증의위장관계이상반응,-,KetorolacTromethamine,D000274,D000363,이부프로펜,Ibuprofen,[M051259]이부프로펜/[M223183]카페인무수물/[M203364]슈도에페드린염산염/[M264046]DL-메틸에페드린염산염/[M223211]클로르페니라민말레산염/[M222957]덱스트로메토르판브롬화수소산염수화물/[M050058]구아이페네신
[M251493]지프라시돈염산염일수화물,단일,-,정신신경용제,QT간격연장,-,ZiprasidoneHydrochlorideMonohydrate,D000173,D000213,피모짓,Pimozide,[M071691]피모짓
[M222961]돔페리돈말레산염,단일,-,기타의소화기관용약,QTc연장효과증대로심각한위험(TorsadedePointes|심각한심실성부정맥포함)가능성,-,DomperidoneMaleate,D000297,D000425,염산메토클로프라미드,MetoclopramideHydrochlorideHydrate,[M050466]염산메토클로프라미드/[M050855]시메치콘/[M095620]다이제트100
[M081091]돔페리돈,단일,-,기타의소화기관용약,QTc연장효과증대로심각한위험(TorsadedePointes|심각한심실성부정맥포함)가능성,-,Domperidone,D000297,D000425,염산메토클로프라미드,MetoclopramideHydrochlorideHydrate,[M050466]염산메토클로프라미드/[M050855]시메치콘/[M095620]다이제트100
[M222961]돔페리돈말레산염/[M222961]돔페리돈말레산염,단일,-,기타의소화기관용약,QTc연장효과증대로심각한위험(TorsadedePointes|심각한심실성부정맥포함)가능성,-,DomperidoneMaleate,D000297,D000425,염산메토클로프라미드,MetoclopramideHydrochlorideHydrate,[M050466]염산메토클로프라미드/[M050855]시메치콘/[M095620]다이제트100
[M081091]돔페리돈/[M081091]돔페리돈,단일,-,기타의소화기관용약,QTc연장효과증대로심각한위험(TorsadedePointes|심각한심실성부정맥포함)가능성,-,Domperidone,D000297,D000425,염산메토클로프라미드,MetoclopramideHydrochlorideHydrate,[M050466]염산메토클로프라미드/[M050855]시메치콘/[M095620]다이제트100
[M222961]돔페리돈말레산염/[M222961]돔페리돈말레산염/[M222961]돔페리돈말레산염,단일,-,기타의소화기관용약,QTc연장효과증대로심각한위험(TorsadedePointes|심각한심실성부정맥포함)가능성,-,DomperidoneMaleate,D000297,D000425,염산메토클로프라미드,MetoclopramideHydrochlorideHydrate,[M050466]염산메토클로프라미드/[M050855]시메치콘/[M095620]다이제트100
[M085595]말레인산돔페리돈,단일,-,기타의소화기관용약,QTc연장효과증대로심각한위험(TorsadedePointes|심각한심실성부정맥포함)가능성,-,DomperidoneMaleate,D000297,D000425,염산메토클로프라미드,MetoclopramideHydrochlorideHydrate,[M050466]염산메토클로프라미드/[M050855]시메치콘/[M095620]다이제트100
[M085595]말레인산돔페리돈/[M222961]돔페리돈말레산염,단일,-,기타의소화기관용약,QTc연장효과증대로심각한위험(TorsadedePointes|심각한심실성부정맥포함)가능성,-,DomperidoneMaleate,D000297,D000425,염산메토클로프라미드,MetoclopramideHydrochlorideHydrate,[M050466]염산메토클로프라미드/[M050855]시메치콘/[M095620]다이제트100
[M258880]아만타딘황산염,단일,-,기타의중추신경용약,QT간격연장,-,AmantadineSulfate,D000343,D000213,피모짓,Pimozide,[M071691]피모짓
[M222994]록시트로마이신,단일,-,주로그람양성균|리케치아|비루스에작용하는것,심실부정맥(Torsadesdepointes포함)등의심혈관계이상반응,-,Roxithromycin,D000628,D000213,피모짓,Pimozide,[M071691]피모짓
[M222994]록시트로마이신/[M222994]록시트로마이신,단일,-,주로그람양성균|리케치아|비루스에작용하는것,심실부정맥(Torsadesdepointes포함)등의심혈관계이상반응,-,Roxithromycin,D000628,D000213,피모짓,Pimozide,[M071691]피모짓
[M082720]록시스로마이신,단일,-,주로그람양성균|리케치아|비루스에작용하는것,심실부정맥(Torsadesdepointes포함)등의심혈관계이상반응,-,Roxithromycin,D000628,D000213,피모짓,Pimozide,[M071691]피모짓
[M222994]록시트로마이신/[M222994]록시트로마이신/[M222994]록시트로마이신,단일,-,주로그람양성균|리케치아|비루스에작용하는것,심실부정맥(Torsadesdepointes포함)등의심혈관계이상반응,-,Roxithromycin,D000628,D000213,피모짓,Pimozide,[M071691]피모짓
[M257644]에리트로마이신스티노프레이트,단일,-,주로그람양성|음성균|리케치아|비루스에작용하는것,QT연장등,-,ErythromycinStinoprate,D000256,D000213,피모짓,Pimozide,[M071691]피모짓
[M223130]에리트로마이신스테아르산염,단일,-,주로그람양성균|리케치아|비루스에작용하는것,QT연장등,-,ErythromycinStearate,D000256,D000213,피모짓,Pimozide,[M071691]피모짓
[M262752]소포스부비르/[M262910]레디파스비르,복합,[D001071]Sofosbuvir(소포스부비르),기타의화학요법제,로수바스타틴농도를현저하게증가시킬수있으며|이는횡문근융해증을포함하여근육병증의위험증가,-,Ledipasvir,D001072,D000219,로수바스타틴칼슘,RosuvastatinCalcium,[M095744]로수바스타틴칼슘/[M282749]에제티미브(미분화)
[M222885]케토롤락트로메타민염,단일,-,해열.진통.소염제,중증의위장관계이상반응,-,KetorolacTromethamine,D000274,D000739,아세클로페낙,Aceclofenac,[M040359]아세클로페낙/[M040359]아세클로페낙/[M040359]아세클로페낙/[M040359]아세클로페낙
[M084703]케토롤락트로메타민,단일,-,해열.진통.소염제,중증의위장관계이상반응,-,KetorolacTromethamine,D000274,D000739,아세클로페낙,Aceclofenac,[M040359]아세클로페낙/[M040359]아세클로페낙/[M040359]아세클로페낙/[M040359]아세클로페낙
[M086439]멜록시캄,단일,-,해열.진통.소염제,신세뇨관에서Methotrexate배설이지연되어Methotrexate의혈액학적독성증가,methotrexate1週에15mg이상투여시,Meloxicam,D000427,D000716,메토트렉세이트,Methotrexate,[M040168]메토트렉세이트/[M040168]메토트렉세이트/[M040168]메토트렉세이트
[M086439]멜록시캄/[M086439]멜록시캄,단일,-,해열.진통.소염제,신세뇨관에서Methotrexate배설이지연되어Methotrexate의혈액학적독성증가,methotrexate1週에15mg이상투여시,Meloxicam,D000427,D000716,메토트렉세이트,Methotrexate,[M040168]메토트렉세이트/[M040168]메토트렉세이트/[M040168]메토트렉세이트
[M050305]디피리다몰/[M040355]아스피린,복합,[D000452]Aspirin(아스피린),기타의순환계용약,메토트렉세이트의혈액학적독성증가,-,Dipyridamole,D000091,D000716,메토트렉세이트,Methotrexate,[M040168]메토트렉세이트/[M040168]메토트렉세이트/[M040168]메토트렉세이트
[M084703]케토롤락트로메타민,단일,-,해열.진통.소염제,중증의위장관계이상반응,-,KetorolacTromethamine,D000274,D000363,이부프로펜,Ibuprofen,[M051259]이부프로펜/[M223183]카페인무수물/[M203364]슈도에페드린염산염/[M264046]DL-메틸에페드린염산염/[M223211]클로르페니라민말레산염
[M222885]케토롤락트로메타민염,단일,-,해열.진통.소염제,중증의위장관계이상반응,-,KetorolacTromethamine,D000274,D000363,이부프로펜,Ibuprofen,[M051259]이부프로펜/[M223183]카페인무수물/[M203364]슈도에페드린염산염/[M264046]DL-메틸에페드린염산염/[M223211]클로르페니라민말레산염
[M252789]실데나필시트르산염/[M252789]실데나필시트르산염/[M252789]실데나필시트르산염,단일,-,기타의비뇨생식기관및항문용약,혈압강하작용증가,-,SildenafilCitrate,D000246,D000215,희석니트로글리세린,DiluteNitroglycerin,[M088774]희석니트로글리세린
[M222961]돔페리돈말레산염/[M222961]돔페리돈말레산염/[M222961]돔페리돈말레산염,단일,-,기타의소화기관용약,QTc연장효과증대로심각한위험(TorsadedePointes|심각한심실성부정맥포함)가능성,-,DomperidoneMaleate,D000297,D000608,닐로티닙염산염일수화물,NilotinibHydrochrlorideMonohydrate,[M249741]닐로티닙염산염일수화물
[M081361]케토프로펜리신,단일,-,해열.진통.소염제,경련,-,KetoprofenLysin,D000672,D000142,시프로플록사신염산염수화물,CiprofloxacinHydrochlorideHydrate,[M223091]시프로플록사신염산염수화물/[M040080]덱사메타손
[M051464]케토프로펜/[M051464]케토프로펜/[M051464]케토프로펜/[M051464]케토프로펜/[M051464]케토프로펜/[M051464]케토프로펜/[M051464]케토프로펜/[M051464]케토프로펜/[M051464]케토프로펜/[M051464]케토프로펜/[M051464]케토프로펜/[M051464]케토프로펜,단일,-,진통.진양.수렴.소염제,경련,-,Ketoprofen,D000672,D000142,시프로플록사신염산염수화물,CiprofloxacinHydrochlorideHydrate,[M223091]시프로플록사신염산염수화물/[M040080]덱사메타손
[M051464]케토프로펜/[M051464]케토프로펜/[M051464]케토프로펜/[M051464]케토프로펜/[M051464]케토프로펜/[M051464]케토프로펜,단일,-,진통.진양.수렴.소염제,경련,-,Ketoprofen,D000672,D000142,시프로플록사신염산염수화물,CiprofloxacinHydrochlorideHydrate,[M223091]시프로플록사신염산염수화물/[M040080]덱사메타손
[M051464]케토프로펜/[M051464]케토프로펜/[M051464]케토프로펜,단일,-,진통.진양.수렴.소염제,경련,-,Ketoprofen,D000672,D000142,시프로플록사신염산염수화물,CiprofloxacinHydrochlorideHydrate,[M223091]시프로플록사신염산염수화물/[M040080]덱사메타손
[M051464]케토프로펜/[M051464]케토프로펜/[M051464]케토프로펜/[M051464]케토프로펜/[M051464]케토프로펜/[M051464]케토프로펜/[M051464]케토프로펜/[M051464]케토프로펜,단일,-,진통.진양.수렴.소염제,경련,-,Ketoprofen,D000672,D000142,시프로플록사신염산염수화물,CiprofloxacinHydrochlorideHydrate,[M223091]시프로플록사신염산염수화물/[M040080]덱사메타손
[M051464]케토프로펜/[M051464]케토프로펜/[M051464]케토프로펜/[M051464]케토프로펜,단일,-,진통.진양.수렴.소염제,경련,-,Ketoprofen,D000672,D000142,시프로플록사신염산염수화물,CiprofloxacinHydrochlorideHydrate,[M223091]시프로플록사신염산염수화물/[M040080]덱사메타손
[M222961]돔페리돈말레산염,단일,-,기타의소화기관용약,QTc연장효과증대로심각한위험(TorsadedePointes|심각한심실성부정맥포함)가능성,-,DomperidoneMaleate,D000297,D000608,닐로티닙염산염일수화물,NilotinibHydrochrlorideMonohydrate,[M249741]닐로티닙염산염일수화물
[M081091]돔페리돈,단일,-,기타의소화기관용약,QTc연장효과증대로심각한위험(TorsadedePointes|심각한심실성부정맥포함)가능성,-,Domperidone,D000297,D000608,닐로티닙염산염일수화물,NilotinibHydrochrlorideMonohydrate,[M249741]닐로티닙염산염일수화물
[M222961]돔페리돈말레산염/[M222961]돔페리돈말레산염,단일,-,기타의소화기관용약,QTc연장효과증대로심각한위험(TorsadedePointes|심각한심실성부정맥포함)가능성,-,DomperidoneMaleate,D000297,D000608,닐로티닙염산염일수화물,NilotinibHydrochrlorideMonohydrate,[M249741]닐로티닙염산염일수화물
[M081091]돔페리돈/[M081091]돔페리돈,단일,-,기타의소화기관용약,QTc연장효과증대로심각한위험(TorsadedePointes|심각한심실성부정맥포함)가능성,-,Domperidone,D000297,D000608,닐로티닙염산염일수화물,NilotinibHydrochrlorideMonohydrate,[M249741]닐로티닙염산염일수화물
[M085595]말레인산돔페리돈,단일,-,기타의소화기관용약,QTc연장효과증대로심각한위험(TorsadedePointes|심각한심실성부정맥포함)가능성,-,DomperidoneMaleate,D000297,D000608,닐로티닙염산염일수화물,NilotinibHydrochrlorideMonohydrate,[M249741]닐로티닙염산염일수화물
[M223223]클로미프라민염산염/[M252789]실데나필시트르산염,단일,-,기타의비뇨생식기관및항문용약,혈압강하작용증가,-,SildenafilCitrate,D000246,D000215,희석니트로글리세린,DiluteNitroglycerin,[M088774]희석니트로글리세린
[M085595]말레인산돔페리돈/[M222961]돔페리돈말레산염,단일,-,기타의소화기관용약,QTc연장효과증대로심각한위험(TorsadedePointes|심각한심실성부정맥포함)가능성,-,DomperidoneMaleate,D000297,D000608,닐로티닙염산염일수화물,NilotinibHydrochrlorideMonohydrate,[M249741]닐로티닙염산염일수화물
[M264048]피마사르탄칼륨삼수화물과립/[M215219]아토르바스타틴칼슘삼수화물,복합,[D000624]Fimasartan(피마사르탄),기타의순환계용약,근육병증|횡문근융해위험증가가능,-,AtorvastatinCalciumTrihydrate,D000455,D000334,사이클로스포린,Cyclosporine,[M085282]사이클로스포린
[M252789]실데나필시트르산염,단일,-,기타의비뇨생식기관및항문용약,혈압강하작용증가,-,SildenafilCitrate,D000246,D000215,희석니트로글리세린,DiluteNitroglycerin,[M088774]희석니트로글리세린
[M252789]실데나필시트르산염/[M252789]실데나필시트르산염,단일,-,기타의비뇨생식기관및항문용약,혈압강하작용증가,-,SildenafilCitrate,D000246,D000215,희석니트로글리세린,DiluteNitroglycerin,[M088774]희석니트로글리세린
[M253237]실데나필,단일,-,기타의비뇨생식기관및항문용약,혈압강하작용증가,-,Sildenafil,D000246,D000215,희석니트로글리세린,DiluteNitroglycerin,[M088774]희석니트로글리세린
[M253237]실데나필/[M253237]실데나필,단일,-,기타의비뇨생식기관및항문용약,혈압강하작용증가,-,Sildenafil,D000246,D000215,희석니트로글리세린,DiluteNitroglycerin,[M088774]희석니트로글리세린
[M085529]이오파미돌,단일,-,X선조영제,급성신부전,-,Iopamidol,D000267,D000718,메트포르민염산염,MetforminHydrochloride,[M221584]빌다글립틴/[M223014]메트포르민염산염
[M051259]이부프로펜,단일,-,해열.진통.소염제,혈액학적독성,methotrexate(1週에20mg이상투여시),Ibuprofen,D000363,D000716,메토트렉세이트,Methotrexate,[M040168]메토트렉세이트/[M040168]메토트렉세이트/[M040168]메토트렉세이트
[M040355]아스피린/[M223183]카페인무수물,단일,-,해열.진통.소염제,혈액학적독성,methotrexate(1週에15mg이상투여시),Aspirin,D000452,D000716,메토트렉세이트,Methotrexate,[M040168]메토트렉세이트/[M040168]메토트렉세이트/[M040168]메토트렉세이트
[M051259]이부프로펜/[M082487]파마브롬,단일,-,해열.진통.소염제,혈액학적독성,methotrexate(1週에20mg이상투여시),Ibuprofen,D000363,D000716,메토트렉세이트,Methotrexate,[M040168]메토트렉세이트/[M040168]메토트렉세이트/[M040168]메토트렉세이트
[M051259]이부프로펜/[M040262]산화마그네슘,단일,-,해열.진통.소염제,혈액학적독성,methotrexate(1週에20mg이상투여시),Ibuprofen,D000363,D000716,메토트렉세이트,Methotrexate,[M040168]메토트렉세이트/[M040168]메토트렉세이트/[M040168]메토트렉세이트
[M051259]이부프로펜/[M243282]티아민질산염3배산/[M100456]리보플라빈3배산,단일,-,해열.진통.소염제,혈액학적독성,methotrexate(1週에20mg이상투여시),Ibuprofen,D000363,D000716,메토트렉세이트,Methotrexate,[M040168]메토트렉세이트/[M040168]메토트렉세이트/[M040168]메토트렉세이트
[M071015]이부프로펜리신,단일,-,해열.진통.소염제,혈액학적독성,methotrexate(1週에20mg이상투여시),IbuprofenLysine,D000363,D000716,메토트렉세이트,Methotrexate,[M040168]메토트렉세이트/[M040168]메토트렉세이트/[M040168]메토트렉세이트
[M209277]이부프로펜아르기닌,단일,-,해열.진통.소염제,혈액학적독성,methotrexate(1週에20mg이상투여시),IbuprofenArginine,D000363,D000716,메토트렉세이트,Methotrexate,[M040168]메토트렉세이트/[M040168]메토트렉세이트/[M040168]메토트렉세이트
[M051259]이부프로펜/[M040006]감초/[M050036]육계/[M040523]작약/[M050752]생강,단일,-,해열.진통.소염제,혈액학적독성,methotrexate(1週에20mg이상투여시),Ibuprofen,D000363,D000716,메토트렉세이트,Methotrexate,[M040168]메토트렉세이트/[M040168]메토트렉세이트/[M040168]메토트렉세이트
[M051259]이부프로펜/[M223211]클로르페니라민말레산염/[M203364]슈도에페드린염산염/[M050058]구아이페네신,단일,-,해열.진통.소염제,혈액학적독성,methotrexate(1週에20mg이상투여시),Ibuprofen,D000363,D000716,메토트렉세이트,Methotrexate,[M040168]메토트렉세이트/[M040168]메토트렉세이트/[M040168]메토트렉세이트
[M095195]아르기닌/[M051259]이부프로펜,단일,-,해열.진통.소염제,혈액학적독성,methotrexate(1週에20mg이상투여시),Ibuprofen,D000363,D000716,메토트렉세이트,Methotrexate,[M040168]메토트렉세이트/[M040168]메토트렉세이트/[M040168]메토트렉세이트
[M051259]이부프로펜/[M223211]클로르페니라민말레산염/[M264046]DL-메틸에페드린염산염/[M203364]슈도에페드린염산염/[M222957]덱스트로메토르판브롬화수소산염수화물/[M050058]구아이페네신,단일,-,해열.진통.소염제,혈액학적독성,methotrexate(1週에20mg이상투여시),Ibuprofen,D000363,D000716,메토트렉세이트,Methotrexate,[M040168]메토트렉세이트/[M040168]메토트렉세이트/[M040168]메토트렉세이트
[M051259]이부프로펜/[M264046]DL-메틸에페드린염산염/[M222957]덱스트로메토르판브롬화수소산염수화물/[M050058]구아이페네신,단일,-,해열.진통.소염제,혈액학적독성,methotrexate(1週에20mg이상투여시),Ibuprofen,D000363,D000716,메토트렉세이트,Methotrexate,[M040168]메토트렉세이트/[M040168]메토트렉세이트/[M040168]메토트렉세이트
[M040353]아세트아미노펜/[M246943]이부프로펜나트륨이수화물,단일,-,해열.진통.소염제,혈액학적독성,methotrexate(1週에20mg이상투여시),IbuprofenSodiumDihydrate,D000363,D000716,메토트렉세이트,Methotrexate,[M040168]메토트렉세이트/[M040168]메토트렉세이트/[M040168]메토트렉세이트
[M051259]이부프로펜/[M279284]L-멘톨,단일,-,진통.진양.수렴.소염제,혈액학적독성,methotrexate(1週에20mg이상투여시),Ibuprofen,D000363,D000716,메토트렉세이트,Methotrexate,[M040168]메토트렉세이트/[M040168]메토트렉세이트/[M040168]메토트렉세이트
[M051259]이부프로펜/[M051415]푸르설티아민,단일,-,해열.진통.소염제,혈액학적독성,methotrexate(1週에20mg이상투여시),Ibuprofen,D000363,D000716,메토트렉세이트,Methotrexate,[M040168]메토트렉세이트/[M040168]메토트렉세이트/[M040168]메토트렉세이트
[M051259]이부프로펜/[M223183]카페인무수물,단일,-,해열.진통.소염제,혈액학적독성,methotrexate(1週에20mg이상투여시),Ibuprofen,D000363,D000716,메토트렉세이트,Methotrexate,[M040168]메토트렉세이트/[M040168]메토트렉세이트/[M040168]메토트렉세이트
[M040355]아스피린,단일,-,기타의순환계용약,혈액학적독성,methotrexate(1週에15mg이상투여시),Aspirin,D000452,D000716,메토트렉세이트,Methotrexate,[M040168]메토트렉세이트/[M040168]메토트렉세이트/[M040168]메토트렉세이트
[M089852]라베프라졸나트륨/[M040355]아스피린,단일,-,기타의순환계용약,혈액학적독성,methotrexate(1週에15mg이상투여시),Aspirin,D000452,D000716,메토트렉세이트,Methotrexate,[M040168]메토트렉세이트/[M040168]메토트렉세이트/[M040168]메토트렉세이트
[M040355]아스피린/[M040355]아스피린,단일,-,기타의순환계용약,혈액학적독성,methotrexate(1週에15mg이상투여시),Aspirin,D000452,D000716,메토트렉세이트,Methotrexate,[M040168]메토트렉세이트/[M040168]메토트렉세이트/[M040168]메토트렉세이트
[M040353]아세트아미노펜/[M040355]아스피린/[M223183]카페인무수물,단일,-,해열.진통.소염제,혈액학적독성,methotrexate(1週에15mg이상투여시),Aspirin,D000452,D000716,메토트렉세이트,Methotrexate,[M040168]메토트렉세이트/[M040168]메토트렉세이트/[M040168]메토트렉세이트
[M081776]아스피린장용과립,단일,-,기타의순환계용약,혈액학적독성,methotrexate(1週에15mg이상투여시),AspirinEntericGranules,D000452,D000716,메토트렉세이트,Methotrexate,[M040168]메토트렉세이트/[M040168]메토트렉세이트/[M040168]메토트렉세이트
[M040355]아스피린/[M096666]시트르산/[M040631]탄산수소나트륨,단일,-,해열.진통.소염제,혈액학적독성,methotrexate(1週에15mg이상투여시),Aspirin,D000452,D000716,메토트렉세이트,Methotrexate,[M040168]메토트렉세이트/[M040168]메토트렉세이트/[M040168]메토트렉세이트
[M089224]주사용아스피린리신90%,단일,-,해열.진통.소염제,혈액학적독성,methotrexate(1週에15mg이상투여시),AspirinLysineForInjection90%,D000452,D000716,메토트렉세이트,Methotrexate,[M040168]메토트렉세이트/[M040168]메토트렉세이트/[M040168]메토트렉세이트
[M040355]아스피린/[M258994]아스코르브산,단일,-,해열.진통.소염제,혈액학적독성,methotrexate(1週에15mg이상투여시),Aspirin,D000452,D000716,메토트렉세이트,Methotrexate,[M040168]메토트렉세이트/[M040168]메토트렉세이트/[M040168]메토트렉세이트
[M040355]아스피린/[M040133]리보플라빈,단일,-,해열.진통.소염제,혈액학적독성,methotrexate(1週에15mg이상투여시),Aspirin,D000452,D000716,메토트렉세이트,Methotrexate,[M040168]메토트렉세이트/[M040168]메토트렉세이트/[M040168]메토트렉세이트
[M051259]이부프로펜/[M040262]산화마그네슘/[M082487]파마브롬,단일,-,해열.진통.소염제,혈액학적독성,methotrexate(1週에20mg이상투여시),Ibuprofen,D000363,D000716,메토트렉세이트,Methotrexate,[M040168]메토트렉세이트/[M040168]메토트렉세이트/[M040168]메토트렉세이트
[M051259]이부프로펜/[M050058]구아이페네신/[M203364]슈도에페드린염산염/[M222957]덱스트로메토르판브롬화수소산염수화물/[M223211]클로르페니라민말레산염/[M264046]DL-메틸에페드린염산염/[M223062]브롬헥신염산염,단일,-,해열.진통.소염제,혈액학적독성,methotrexate(1週에20mg이상투여시),Ibuprofen,D000363,D000716,메토트렉세이트,Methotrexate,[M040168]메토트렉세이트/[M040168]메토트렉세이트/[M040168]메토트렉세이트
[M051259]이부프로펜/[M203364]슈도에페드린염산염/[M223211]클로르페니라민말레산염,단일,-,해열.진통.소염제,혈액학적독성,methotrexate(1週에20mg이상투여시),Ibuprofen,D000363,D000716,메토트렉세이트,Methotrexate,[M040168]메토트렉세이트/[M040168]메토트렉세이트/[M040168]메토트렉세이트
[M051259]이부프로펜/[M223183]카페인무수물/[M203364]슈도에페드린염산염/[M264046]DL-메틸에페드린염산염/[M223211]클로르페니라민말레산염/[M222957]덱스트로메토르판브롬화수소산염수화물/[M050058]구아이페네신,단일,-,해열.진통.소염제,혈액학적독성,methotrexate(1週에20mg이상투여시),Ibuprofen,D000363,D000716,메토트렉세이트,Methotrexate,[M040168]메토트렉세이트/[M040168]메토트렉세이트/[M040168]메토트렉세이트
[M051259]이부프로펜/[M222973]디펜히드라민염산염,단일,-,해열.진통.소염제,혈액학적독성,methotrexate(1週에20mg이상투여시),Ibuprofen,D000363,D000716,메토트렉세이트,Methotrexate,[M040168]메토트렉세이트/[M040168]메토트렉세이트/[M040168]메토트렉세이트
[M051259]이부프로펜/[M051259]이부프로펜,단일,-,해열.진통.소염제,혈액학적독성,methotrexate(1週에20mg이상투여시),Ibuprofen,D000363,D000716,메토트렉세이트,Methotrexate,[M040168]메토트렉세이트/[M040168]메토트렉세이트/[M040168]메토트렉세이트
[M051259]이부프로펜/[M082487]파마브롬/[M040262]산화마그네슘,단일,-,해열.진통.소염제,혈액학적독성,methotrexate(1週에20mg이상투여시),Ibuprofen,D000363,D000716,메토트렉세이트,Methotrexate,[M040168]메토트렉세이트/[M040168]메토트렉세이트/[M040168]메토트렉세이트
[M051259]이부프로펜/[M082487]파마브롬/[M040133]리보플라빈/[M040262]산화마그네슘,단일,-,해열.진통.소염제,혈액학적독성,methotrexate(1週에20mg이상투여시),Ibuprofen,D000363,D000716,메토트렉세이트,Methotrexate,[M040168]메토트렉세이트/[M040168]메토트렉세이트/[M040168]메토트렉세이트
[M051259]이부프로펜/[M203364]슈도에페드린염산염,단일,-,해열.진통.소염제,혈액학적독성,methotrexate(1週에20mg이상투여시),Ibuprofen,D000363,D000716,메토트렉세이트,Methotrexate,[M040168]메토트렉세이트/[M040168]메토트렉세이트/[M040168]메토트렉세이트
[M051259]이부프로펜/[M090093]작약엑스산/[M082727]감초엑스산,단일,-,해열.진통.소염제,혈액학적독성,methotrexate(1週에20mg이상투여시),Ibuprofen,D000363,D000716,메토트렉세이트,Methotrexate,[M040168]메토트렉세이트/[M040168]메토트렉세이트/[M040168]메토트렉세이트
[M051259]이부프로펜/[M103077]L-아르기닌,단일,-,해열.진통.소염제,혈액학적독성,methotrexate(1週에20mg이상투여시),Ibuprofen,D000363,D000716,메토트렉세이트,Methotrexate,[M040168]메토트렉세이트/[M040168]메토트렉세이트/[M040168]메토트렉세이트
[M051259]이부프로펜/[M082518]작약가루/[M070009]감초가루,단일,-,해열.진통.소염제,혈액학적독성,methotrexate(1週에20mg이상투여시),Ibuprofen,D000363,D000716,메토트렉세이트,Methotrexate,[M040168]메토트렉세이트/[M040168]메토트렉세이트/[M040168]메토트렉세이트
[M051259]이부프로펜/[M095195]아르기닌,단일,-,해열.진통.소염제,혈액학적독성,methotrexate(1週에20mg이상투여시),Ibuprofen,D000363,D000716,메토트렉세이트,Methotrexate,[M040168]메토트렉세이트/[M040168]메토트렉세이트/[M040168]메토트렉세이트
[M279284]L-멘톨/[M051259]이부프로펜,단일,-,진통.진양.수렴.소염제,혈액학적독성,methotrexate(1週에20mg이상투여시),Ibuprofen,D000363,D000716,메토트렉세이트,Methotrexate,[M040168]메토트렉세이트/[M040168]메토트렉세이트/[M040168]메토트렉세이트
[M051259]이부프로펜/[M223183]카페인무수물/[M203364]슈도에페드린염산염/[M264046]DL-메틸에페드린염산염/[M223211]클로르페니라민말레산염,단일,-,해열.진통.소염제,혈액학적독성,methotrexate(1週에20mg이상투여시),Ibuprofen,D000363,D000716,메토트렉세이트,Methotrexate,[M040168]메토트렉세이트/[M040168]메토트렉세이트/[M040168]메토트렉세이트
[M051259]이부프로펜/[M050448]메타규산알루민산마그네슘,단일,-,해열.진통.소염제,혈액학적독성,methotrexate(1週에20mg이상투여시),Ibuprofen,D000363,D000716,메토트렉세이트,Methotrexate,[M040168]메토트렉세이트/[M040168]메토트렉세이트/[M040168]메토트렉세이트
[M051259]이부프로펜/[M223183]카페인무수물/[M264046]DL-메틸에페드린염산염/[M222957]덱스트로메토르판브롬화수소산염수화물/[M050058]구아이페네신,단일,-,해열.진통.소염제,혈액학적독성,methotrexate(1週에20mg이상투여시),Ibuprofen,D000363,D000716,메토트렉세이트,Methotrexate,[M040168]메토트렉세이트/[M040168]메토트렉세이트/[M040168]메토트렉세이트
[M051259]이부프로펜/[M082487]파마브롬/[M050448]메타규산알루민산마그네슘,단일,-,해열.진통.소염제,혈액학적독성,methotrexate(1週에20mg이상투여시),Ibuprofen,D000363,D000716,메토트렉세이트,Methotrexate,[M040168]메토트렉세이트/[M040168]메토트렉세이트/[M040168]메토트렉세이트
[M040006]감초/[M050036]육계/[M040523]작약/[M050752]생강/[M051259]이부프로펜,단일,-,해열.진통.소염제,혈액학적독성,methotrexate(1週에20mg이상투여시),Ibuprofen,D000363,D000716,메토트렉세이트,Methotrexate,[M040168]메토트렉세이트/[M040168]메토트렉세이트/[M040168]메토트렉세이트
[M051259]이부프로펜/[M203364]슈도에페드린염산염/[M223211]클로르페니라민말레산염/[M223062]브롬헥신염산염,단일,-,해열.진통.소염제,혈액학적독성,methotrexate(1週에20mg이상투여시),Ibuprofen,D000363,D000716,메토트렉세이트,Methotrexate,[M040168]메토트렉세이트/[M040168]메토트렉세이트/[M040168]메토트렉세이트
[M051259]이부프로펜/[M050058]구아이페네신/[M203364]슈도에페드린염산염/[M222957]덱스트로메토르판브롬화수소산염수화물/[M223211]클로르페니라민말레산염/[M264046]DL-메틸에페드린염산염,단일,-,해열.진통.소염제,혈액학적독성,methotrexate(1週에20mg이상투여시),Ibuprofen,D000363,D000716,메토트렉세이트,Methotrexate,[M040168]메토트렉세이트/[M040168]메토트렉세이트/[M040168]메토트렉세이트
[M051259]이부프로펜/[M050058]구아이페네신/[M222957]덱스트로메토르판브롬화수소산염수화물/[M264046]DL-메틸에페드린염산염/[M223062]브롬헥신염산염,단일,-,해열.진통.소염제,혈액학적독성,methotrexate(1週에20mg이상투여시),Ibuprofen,D000363,D000716,메토트렉세이트,Methotrexate,[M040168]메토트렉세이트/[M040168]메토트렉세이트/[M040168]메토트렉세이트
[M051259]이부프로펜/[M255360]알릴이소프로필아세틸우레아/[M223183]카페인무수물/[M040262]산화마그네슘,단일,-,해열.진통.소염제,혈액학적독성,methotrexate(1週에20mg이상투여시),Ibuprofen,D000363,D000716,메토트렉세이트,Methotrexate,[M040168]메토트렉세이트/[M040168]메토트렉세이트/[M040168]메토트렉세이트
[M051259]이부프로펜/[M255360]알릴이소프로필아세틸우레아/[M223183]카페인무수물,단일,-,해열.진통.소염제,혈액학적독성,methotrexate(1週에20mg이상투여시),Ibuprofen,D000363,D000716,메토트렉세이트,Methotrexate,[M040168]메토트렉세이트/[M040168]메토트렉세이트/[M040168]메토트렉세이트
[M051259]이부프로펜/[M082487]파마브롬/[M040262]산화마그네슘/[M040133]리보플라빈,단일,-,해열.진통.소염제,혈액학적독성,methotrexate(1週에20mg이상투여시),Ibuprofen,D000363,D000716,메토트렉세이트,Methotrexate,[M040168]메토트렉세이트/[M040168]메토트렉세이트/[M040168]메토트렉세이트
[M051259]이부프로펜/[M222957]덱스트로메토르판브롬화수소산염수화물/[M203364]슈도에페드린염산염/[M050058]구아이페네신/[M223062]브롬헥신염산염/[M223211]클로르페니라민말레산염,단일,-,해열.진통.소염제,혈액학적독성,methotrexate(1週에20mg이상투여시),Ibuprofen,D000363,D000716,메토트렉세이트,Methotrexate,[M040168]메토트렉세이트/[M040168]메토트렉세이트/[M040168]메토트렉세이트
[M200547]멜팔란,단일,-,항악성종양제,출혈성궤양대장염과장괴사,-,Melphalan,D000320,D000783,날리딕스산,NalidixicAcid,[M040054]날리딕스산
[M222885]케토롤락트로메타민염,단일,-,해열.진통.소염제,중증의위장관계이상반응,-,KetorolacTromethamine,D000274,D000544,살살레이트,Salsalate,[M099981]살살레이트
[M084703]케토롤락트로메타민,단일,-,해열.진통.소염제,상가적인위장관궤양|출혈의위험,-,KetorolacTromethamine,D000274,D000525,록소프로펜나트륨수화물,LoxoprofenSodiumHydrate,[M222839]록소프로펜나트륨수화물/[M222839]록소프로펜나트륨수화물/[M222839]록소프로펜나트륨수화물
[M253237]실데나필,단일,-,기타의비뇨생식기관및항문용약,Guanylatecyclase자극제의혈압강하작용증가,-,Sildenafil,D000246,D001073,리오시구앗(미분화),RiociguatMicronized,[M259695]리오시구앗(미분화)
[M223223]클로미프라민염산염/[M252789]실데나필시트르산염,단일,-,기타의비뇨생식기관및항문용약,Guanylatecyclase자극제의혈압강하작용증가,-,SildenafilCitrate,D000246,D001073,리오시구앗(미분화),RiociguatMicronized,[M259695]리오시구앗(미분화)
[M252789]실데나필시트르산염/[M252789]실데나필시트르산염/[M252789]실데나필시트르산염,단일,-,기타의비뇨생식기관및항문용약,Guanylatecyclase자극제의혈압강하작용증가,-,SildenafilCitrate,D000246,D001073,리오시구앗(미분화),RiociguatMicronized,[M259695]리오시구앗(미분화)
[M214384]염산미로데나필,단일,-,기타의비뇨생식기관및항문용약,Guanylatecyclase자극제의혈압강하작용증가,-,MirodenafilHydrochloride,D000128,D001073,리오시구앗(미분화),RiociguatMicronized,[M259695]리오시구앗(미분화)
[M253534]미로데나필,단일,-,기타의비뇨생식기관및항문용약,Guanylatecyclase자극제의혈압강하작용증가,-,Mirodenafil,D000128,D001073,리오시구앗(미분화),RiociguatMicronized,[M259695]리오시구앗(미분화)
[M088774]희석니트로글리세린,단일,-,혈관확장제,혈압강하작용증가,소생등의위급상황제외,DiluteNitroglycerin,D000215,D001073,리오시구앗(미분화),RiociguatMicronized,[M259695]리오시구앗(미분화)
[M257143]묽은니트로글리세린,단일,-,혈관확장제,혈압강하작용증가,소생등의위급상황제외,DiluteNitroglycerin,D000215,D001073,리오시구앗(미분화),RiociguatMicronized,[M259695]리오시구앗(미분화)
[M104103]희석된니트로글리세린,단일,-,혈관확장제,혈압강하작용증가,소생등의위급상황제외,DiluteNitroglycerin,D000215,D001073,리오시구앗(미분화),RiociguatMicronized,[M259695]리오시구앗(미분화)
[M214344]희석한니트로글리세린용액,단일,-,혈관확장제,혈압강하작용증가,소생등의위급상황제외,DiluteNitroglycerinSolution,D000215,D001073,리오시구앗(미분화),RiociguatMicronized,[M259695]리오시구앗(미분화)
[M104323]희석된니트로글리세린(니트로글리세린2%유당),단일,-,혈관확장제,혈압강하작용증가,소생등의위급상황제외,DiluteNitroglycerin(Nitroglycerin2%InLactose),D000215,D001073,리오시구앗(미분화),RiociguatMicronized,[M259695]리오시구앗(미분화)
[M223162]옥시메타졸린염산염/[M223211]클로르페니라민말레산염/[M256386]글리시리진산이칼륨,단일,-,이비과용제,고혈압초래가능혈관수축작용으로혈압상승가능,-,OxymetazolineHydrochloride,D001091,D000362,이미프라민염산염,ImipramineHydrochloride,[M223168]이미프라민염산염
[M223162]옥시메타졸린염산염/[M223211]클로르페니라민말레산염,단일,-,이비과용제,고혈압초래가능혈관수축작용으로혈압상승가능,-,OxymetazolineHydrochloride,D001091,D000362,이미프라민염산염,ImipramineHydrochloride,[M223168]이미프라민염산염
[M223162]옥시메타졸린염산염,단일,-,이비과용제,고혈압초래가능혈관수축작용으로혈압상승가능,-,OxymetazolineHydrochloride,D001091,D000362,이미프라민염산염,ImipramineHydrochloride,[M223168]이미프라민염산염
[M223162]옥시메타졸린염산염/[M223162]옥시메타졸린염산염/[M223162]옥시메타졸린염산염/[M223162]옥시메타졸린염산염,단일,-,이비과용제,고혈압초래가능혈관수축작용으로혈압상승가능,-,OxymetazolineHydrochloride,D001091,D000362,이미프라민염산염,ImipramineHydrochloride,[M223168]이미프라민염산염
[M223162]옥시메타졸린염산염/[M223211]클로르페니라민말레산염/[M256386]글리시리진산이칼륨/[M279321]염화세틸피리디늄,단일,-,이비과용제,고혈압초래가능혈관수축작용으로혈압상승가능,-,OxymetazolineHydrochloride,D001091,D000362,이미프라민염산염,ImipramineHydrochloride,[M223168]이미프라민염산염
[M223162]옥시메타졸린염산염/[M223162]옥시메타졸린염산염/[M223162]옥시메타졸린염산염/[M223162]옥시메타졸린염산염/[M223162]옥시메타졸린염산염,단일,-,이비과용제,고혈압초래가능혈관수축작용으로혈압상승가능,-,OxymetazolineHydrochloride,D001091,D000362,이미프라민염산염,ImipramineHydrochloride,[M223168]이미프라민염산염
[M223162]옥시메타졸린염산염/[M223162]옥시메타졸린염산염,단일,-,이비과용제,고혈압초래가능혈관수축작용으로혈압상승가능,-,OxymetazolineHydrochloride,D001091,D000362,이미프라민염산염,ImipramineHydrochloride,[M223168]이미프라민염산염
[M071691]피모짓,단일,-,정신신경용제,QT연장,-,Pimozide,D000213,D000362,이미프라민염산염,ImipramineHydrochloride,[M223168]이미프라민염산염
[M203207]베라파밀염산염,단일,-,혈관확장제,-,-,VerapamilHydrochloride,D000329,D000571,이바브라딘염산염,IvabradineHydrochloride,[M245775]이바브라딘염산염
[M262752]소포스부비르/[M262910]레디파스비르,복합,[D001071]Sofosbuvir(소포스부비르),기타의화학요법제,레디파스비르및소포스부비르혈장농도를현저히떨어뜨려이약의치료효과를감소시킬수있음,-,Ledipasvir,D001072,D000595,페니토인,Phenytoin,[M051706]페니토인
[M253921]릴피비린염산염,단일,-,기타의화학요법제,릴피비린의혈중농도가감소하여치료효과감소혹은내성발현,-,RilpivirineHydrochloride,D000225,D000595,페니토인,Phenytoin,[M051706]페니토인
[M214384]염산미로데나필,단일,-,기타의비뇨생식기관및항문용약,혈압강하증가,-,MirodenafilHydrochloride,D000128,D000215,묽은니트로글리세린,DiluteNitroglycerin,[M257143]묽은니트로글리세린
[M253534]미로데나필,단일,-,기타의비뇨생식기관및항문용약,혈압강하증가,-,Mirodenafil,D000128,D000215,묽은니트로글리세린,DiluteNitroglycerin,[M257143]묽은니트로글리세린
[M102602]유데나필,단일,-,기타의비뇨생식기관및항문용약,혈압강하작용증가,-,Udenafil,D000569,D000215,묽은니트로글리세린,DiluteNitroglycerin,[M257143]묽은니트로글리세린
[M253237]실데나필/[M253237]실데나필,단일,-,기타의비뇨생식기관및항문용약,Guanylatecyclase자극제의혈압강하작용증가,-,Sildenafil,D000246,D001073,리오시구앗(미분화),RiociguatMicronized,[M259695]리오시구앗(미분화)
[M252789]실데나필시트르산염/[M252789]실데나필시트르산염,단일,-,기타의비뇨생식기관및항문용약,Guanylatecyclase자극제의혈압강하작용증가,-,SildenafilCitrate,D000246,D001073,리오시구앗(미분화),RiociguatMicronized,[M259695]리오시구앗(미분화)
[M085529]이오파미돌/[M085529]이오파미돌,단일,-,X선조영제,급성신부전,-,Iopamidol,D000267,D000718,메트포르민염산염,MetforminHydrochloride,[M223014]메트포르민염산염/[M095744]로수바스타틴칼슘
[M252789]실데나필시트르산염,단일,-,기타의비뇨생식기관및항문용약,Guanylatecyclase자극제의혈압강하작용증가,-,SildenafilCitrate,D000246,D001073,리오시구앗(미분화),RiociguatMicronized,[M259695]리오시구앗(미분화)
[M245961]클래리트로마이신제피과립,단일,-,기타의항생물질제제(복합항생물질제제를포함),-,-,ClarithromycinCoatedGranules,D000373,D000582,콜키신,Colchicine,[M091703]콜키신
[M085595]말레인산돔페리돈/[M222961]돔페리돈말레산염,단일,-,기타의소화기관용약,QTc연장효과증대로심각한위험(TorsadedePointes|심각한심실성부정맥포함)가능성,-,DomperidoneMaleate,D000297,D000425,메토클로프라미드,Metoclopramide,[M050465]메토클로프라미드
[M222887]클래리트로마이신,단일,-,기타의항생물질제제(복합항생물질제제를포함),-,-,Clarithromycin,D000373,D000582,콜키신,Colchicine,[M091703]콜키신
[M223198]클래리트로마이신/[M223198]클래리트로마이신,단일,-,기타의항생물질제제(복합항생물질제제를포함),-,-,Clarithromycin,D000373,D000582,콜키신,Colchicine,[M091703]콜키신
[M085725]클래리스로마이신,단일,-,기타의항생물질제제(복합항생물질제제를포함),-,-,Clarithromycin,D000373,D000582,콜키신,Colchicine,[M091703]콜키신
[M256483]클래리트로마이신제피과립(42%),단일,-,기타의항생물질제제(복합항생물질제제를포함),-,-,ClarithromycinCoatedGranules42%,D000373,D000582,콜키신,Colchicine,[M091703]콜키신
[M259362]리토나비르,단일,-,기타의화학요법제,신경학적또는기타독성의빈도및강도가증가,-,Ritonavir,D000712,D000020,블로난세린,Blonanserin,[M247117]블로난세린
[M281904]니르마트렐비르/[M259362]리토나비르,단일,-,기타의화학요법제,신경학적또는기타독성의빈도및강도가증가,-,Ritonavir,D000712,D000020,블로난세린,Blonanserin,[M247117]블로난세린
[M085529]이오파미돌,단일,-,X선조영제,급성신부전,-,Iopamidol,D000267,D000718,메트포르민염산염,MetforminHydrochloride,[M244179]메트포르민염산염/[M086024]글리메피리드
[M085529]이오파미돌/[M085529]이오파미돌,단일,-,X선조영제,급성신부전,-,Iopamidol,D000267,D000718,메트포르민염산염,MetforminHydrochloride,[M244179]메트포르민염산염/[M086024]글리메피리드
[M249412]드로네다론염산염,단일,-,부정맥용제,Torsadedepointes위험증가,-,DronedaroneHydrochloride,D000201,D000809,아미트리프틸린염산염,AmitriptylineHydrochloride,[M223101]아미트리프틸린염산염
[M222885]케토롤락트로메타민염,단일,-,해열.진통.소염제,중증의위장관계이상반응,-,KetorolacTromethamine,D000274,D000672,케토프로펜리신,KetoprofenLysin,[M081361]케토프로펜리신
[M084703]케토롤락트로메타민,단일,-,해열.진통.소염제,중증의위장관계이상반응,-,KetorolacTromethamine,D000274,D000672,케토프로펜리신,KetoprofenLysin,[M081361]케토프로펜리신
[M222961]돔페리돈말레산염,단일,-,기타의소화기관용약,QTc연장효과증대로심각한위험(TorsadedePointes|심각한심실성부정맥포함)가능성,-,DomperidoneMaleate,D000297,D000470,온단세트론염산염수화물,OndansetronHydrochlorideHydrate,[M222878]온단세트론염산염수화물
[M081091]돔페리돈,단일,-,기타의소화기관용약,QTc연장효과증대로심각한위험(TorsadedePointes|심각한심실성부정맥포함)가능성,-,Domperidone,D000297,D000470,온단세트론염산염수화물,OndansetronHydrochlorideHydrate,[M222878]온단세트론염산염수화물
[M222961]돔페리돈말레산염/[M222961]돔페리돈말레산염,단일,-,기타의소화기관용약,QTc연장효과증대로심각한위험(TorsadedePointes|심각한심실성부정맥포함)가능성,-,DomperidoneMaleate,D000297,D000470,온단세트론염산염수화물,OndansetronHydrochlorideHydrate,[M222878]온단세트론염산염수화물
[M081091]돔페리돈/[M081091]돔페리돈,단일,-,기타의소화기관용약,QTc연장효과증대로심각한위험(TorsadedePointes|심각한심실성부정맥포함)가능성,-,Domperidone,D000297,D000470,온단세트론염산염수화물,OndansetronHydrochlorideHydrate,[M222878]온단세트론염산염수화물
[M222961]돔페리돈말레산염/[M222961]돔페리돈말레산염/[M222961]돔페리돈말레산염,단일,-,기타의소화기관용약,QTc연장효과증대로심각한위험(TorsadedePointes|심각한심실성부정맥포함)가능성,-,DomperidoneMaleate,D000297,D000470,온단세트론염산염수화물,OndansetronHydrochlorideHydrate,[M222878]온단세트론염산염수화물
[M085595]말레인산돔페리돈,단일,-,기타의소화기관용약,QTc연장효과증대로심각한위험(TorsadedePointes|심각한심실성부정맥포함)가능성,-,DomperidoneMaleate,D000297,D000470,온단세트론염산염수화물,OndansetronHydrochlorideHydrate,[M222878]온단세트론염산염수화물
[M085595]말레인산돔페리돈/[M222961]돔페리돈말레산염,단일,-,기타의소화기관용약,QTc연장효과증대로심각한위험(TorsadedePointes|심각한심실성부정맥포함)가능성,-,DomperidoneMaleate,D000297,D000470,온단세트론염산염수화물,OndansetronHydrochlorideHydrate,[M222878]온단세트론염산염수화물
[M088960]이오헥솔,단일,-,X선조영제,기능적신부전에의해유산산성증촉진,-,Iohexol,D000669,D000718,메트포르민염산염,MetforminHydrochloride,[M223014]메트포르민염산염/[M235069]피오글리타존염산염
[M086785]이오비트리돌,단일,-,X선조영제,기능적신부전에의해유산산성증촉진,-,Iobitridol,D000760,D000718,메트포르민염산염,MetforminHydrochloride,[M223014]메트포르민염산염/[M235069]피오글리타존염산염
[M088268]이오메프롤,단일,-,X선조영제,기능적신부전에의해유산산성증촉진,-,Iomeprol,D000364,D000718,메트포르민염산염,MetforminHydrochloride,[M223014]메트포르민염산염/[M235069]피오글리타존염산염
[M095435]타다라필,단일,-,기타의비뇨생식기관및항문용약,혈압강하작용증가,-,Tadalafil,D000181,D000215,묽은니트로글리세린,DiluteNitroglycerin,[M257143]묽은니트로글리세린
[M095435]타다라필/[M095435]타다라필,단일,-,기타의비뇨생식기관및항문용약,혈압강하작용증가,-,Tadalafil,D000181,D000215,묽은니트로글리세린,DiluteNitroglycerin,[M257143]묽은니트로글리세린
[M095435]타다라필/[M243979]탐스로신염산염,단일,-,기타의비뇨생식기관및항문용약,혈압강하작용증가,-,Tadalafil,D000181,D000215,묽은니트로글리세린,DiluteNitroglycerin,[M257143]묽은니트로글리세린
[M222961]돔페리돈말레산염,단일,-,기타의소화기관용약,QTc연장효과증대로심각한위험(TorsadedePointes|심각한심실성부정맥포함)가능성,-,DomperidoneMaleate,D000297,D000584,클로르프로마진염산염,ChlorpromazineHydrochloride,[M223216]클로르프로마진염산염
[M223014]메트포르민염산염/[M050102]글리벤클라미드,복합,[D000690]Glibenclamide(글리벤클라미드),당뇨병용제,기능적신부전에의해유산산성증촉진,48시간이내병용금기,MetforminHydrochloride,D000718,D000364,이오메프롤,Iomeprol,[M088268]이오메프롤
[M201260]염산메트포민/[M050102]글리벤클라미드,복합,[D000690]Glibenclamide(글리벤클라미드),당뇨병용제,기능적신부전에의해유산산성증촉진,48시간이내병용금기,MetforminHydrochloride,D000718,D000364,이오메프롤,Iomeprol,[M088268]이오메프롤
[M222885]케토롤락트로메타민염,단일,-,해열.진통.소염제,중증의위장관계이상반응,-,KetorolacTromethamine,D000274,D000363,이부프로펜,Ibuprofen,[M051259]이부프로펜/[M223183]카페인무수물
[M084703]케토롤락트로메타민,단일,-,해열.진통.소염제,중증의위장관계이상반응,-,KetorolacTromethamine,D000274,D000363,이부프로펜,Ibuprofen,[M051259]이부프로펜/[M223183]카페인무수물
[M222885]케토롤락트로메타민염,단일,-,해열.진통.소염제,중증의위장관계이상반응,-,KetorolacTromethamine,D000274,D000363,이부프로펜,Ibuprofen,[M051259]이부프로펜/[M051415]푸르설티아민
[M084703]케토롤락트로메타민,단일,-,해열.진통.소염제,중증의위장관계이상반응,-,KetorolacTromethamine,D000274,D000363,이부프로펜,Ibuprofen,[M051259]이부프로펜/[M051415]푸르설티아민
[M085529]이오파미돌,단일,-,X선조영제,급성신부전,-,Iopamidol,D000267,D000718,메트포르민염산염,MetforminHydrochloride,[M244179]메트포르민염산염/[M251915]시타글립틴인산염수화물
[M085529]이오파미돌/[M085529]이오파미돌,단일,-,X선조영제,급성신부전,-,Iopamidol,D000267,D000718,메트포르민염산염,MetforminHydrochloride,[M244179]메트포르민염산염/[M251915]시타글립틴인산염수화물
[M222961]돔페리돈말레산염,단일,-,기타의소화기관용약,QTc연장효과증대로심각한위험(TorsadedePointes|심각한심실성부정맥포함)가능성,-,DomperidoneMaleate,D000297,D000328,베다퀼린푸마르산염,BedaquilineFumarate,[M259110]베다퀼린푸마르산염
[M081091]돔페리돈,단일,-,기타의소화기관용약,QTc연장효과증대로심각한위험(TorsadedePointes|심각한심실성부정맥포함)가능성,-,Domperidone,D000297,D000328,베다퀼린푸마르산염,BedaquilineFumarate,[M259110]베다퀼린푸마르산염
[M222961]돔페리돈말레산염/[M222961]돔페리돈말레산염,단일,-,기타의소화기관용약,QTc연장효과증대로심각한위험(TorsadedePointes|심각한심실성부정맥포함)가능성,-,DomperidoneMaleate,D000297,D000328,베다퀼린푸마르산염,BedaquilineFumarate,[M259110]베다퀼린푸마르산염
[M081091]돔페리돈/[M081091]돔페리돈,단일,-,기타의소화기관용약,QTc연장효과증대로심각한위험(TorsadedePointes|심각한심실성부정맥포함)가능성,-,Domperidone,D000297,D000328,베다퀼린푸마르산염,BedaquilineFumarate,[M259110]베다퀼린푸마르산염
[M222961]돔페리돈말레산염/[M222961]돔페리돈말레산염/[M222961]돔페리돈말레산염,단일,-,기타의소화기관용약,QTc연장효과증대로심각한위험(TorsadedePointes|심각한심실성부정맥포함)가능성,-,DomperidoneMaleate,D000297,D000328,베다퀼린푸마르산염,BedaquilineFumarate,[M259110]베다퀼린푸마르산염
[M085595]말레인산돔페리돈,단일,-,기타의소화기관용약,QTc연장효과증대로심각한위험(TorsadedePointes|심각한심실성부정맥포함)가능성,-,DomperidoneMaleate,D000297,D000328,베다퀼린푸마르산염,BedaquilineFumarate,[M259110]베다퀼린푸마르산염
[M085595]말레인산돔페리돈/[M222961]돔페리돈말레산염,단일,-,기타의소화기관용약,QTc연장효과증대로심각한위험(TorsadedePointes|심각한심실성부정맥포함)가능성,-,DomperidoneMaleate,D000297,D000328,베다퀼린푸마르산염,BedaquilineFumarate,[M259110]베다퀼린푸마르산염
[M071691]피모짓,단일,-,정신신경용제,QT연장및심실성부정맥유발가능,-,Pimozide,D000213,D000395,다루나비르에탄올레이트,DarunavirEthanolate,[M258751]다루나비르에탄올레이트
[M097492]에제티미브/[M089710]심바스타틴,단일,-,동맥경화용제,근병증/횡문근융해,-,Simvastatin,D000027,D000395,다루나비르에탄올레이트,DarunavirEthanolate,[M258751]다루나비르에탄올레이트
[M089710]심바스타틴,단일,-,동맥경화용제,근병증/횡문근융해,-,Simvastatin,D000027,D000395,다루나비르에탄올레이트,DarunavirEthanolate,[M258751]다루나비르에탄올레이트
[M244179]메트포르민염산염/[M222831]글리클라지드,복합,[D000600]Gliclazide(글리클라지드),당뇨병용제,기능적신부전에의해유산산성증촉진,48시간이내병용금기,MetforminHydrochloride,D000718,D000364,이오메프롤,Iomeprol,[M088268]이오메프롤
[M262752]소포스부비르/[M262910]레디파스비르,복합,[D001071]Sofosbuvir(소포스부비르),기타의화학요법제,레디파스비르및소포스부비르혈장농도를현저히떨어뜨려이약의치료효과를감소시킬수있음,-,Ledipasvir,D001072,D000263,옥스카르바제핀,Oxcarbazepine,[M086765]옥스카르바제핀
[M085529]이오파미돌,단일,-,X선조영제,급성신부전,-,Iopamidol,D000267,D000718,메트포르민염산염,MetforminHydrochloride,[M260057]엠파글리플로진/[M223014]메트포르민염산염
[M081091]돔페리돈,단일,-,기타의소화기관용약,QTc연장효과증대로심각한위험(TorsadedePointes|심각한심실성부정맥포함)가능성,-,Domperidone,D000297,D000584,클로르프로마진염산염,ChlorpromazineHydrochloride,[M223216]클로르프로마진염산염
[M222961]돔페리돈말레산염/[M222961]돔페리돈말레산염,단일,-,기타의소화기관용약,QTc연장효과증대로심각한위험(TorsadedePointes|심각한심실성부정맥포함)가능성,-,DomperidoneMaleate,D000297,D000584,클로르프로마진염산염,ChlorpromazineHydrochloride,[M223216]클로르프로마진염산염
[M081091]돔페리돈/[M081091]돔페리돈,단일,-,기타의소화기관용약,QTc연장효과증대로심각한위험(TorsadedePointes|심각한심실성부정맥포함)가능성,-,Domperidone,D000297,D000584,클로르프로마진염산염,ChlorpromazineHydrochloride,[M223216]클로르프로마진염산염
[M222961]돔페리돈말레산염/[M222961]돔페리돈말레산염/[M222961]돔페리돈말레산염,단일,-,기타의소화기관용약,QTc연장효과증대로심각한위험(TorsadedePointes|심각한심실성부정맥포함)가능성,-,DomperidoneMaleate,D000297,D000584,클로르프로마진염산염,ChlorpromazineHydrochloride,[M223216]클로르프로마진염산염
[M085529]이오파미돌,단일,-,X선조영제,급성신부전,-,Iopamidol,D000267,D000718,염산메트포르민,MetforminHydrochloride,[M214651]염산메트포르민
[M085595]말레인산돔페리돈,단일,-,기타의소화기관용약,QTc연장효과증대로심각한위험(TorsadedePointes|심각한심실성부정맥포함)가능성,-,DomperidoneMaleate,D000297,D000584,클로르프로마진염산염,ChlorpromazineHydrochloride,[M223216]클로르프로마진염산염
[M085595]말레인산돔페리돈/[M222961]돔페리돈말레산염,단일,-,기타의소화기관용약,QTc연장효과증대로심각한위험(TorsadedePointes|심각한심실성부정맥포함)가능성,-,DomperidoneMaleate,D000297,D000584,클로르프로마진염산염,ChlorpromazineHydrochloride,[M223216]클로르프로마진염산염
[M085529]이오파미돌/[M085529]이오파미돌,단일,-,X선조영제,급성신부전,-,Iopamidol,D000267,D000718,염산메트포르민,MetforminHydrochloride,[M214651]염산메트포르민
[M223358]히드록시진염산염,단일,-,정신신경용제,심부정맥위험증가가능,-,HydroxyzineHydrochloride,D000114,D000035,에스시탈로프람옥살산염,EscitalopramOxalate,[M234885]에스시탈로프람옥살산염/[M234885]에스시탈로프람옥살산염
[M071691]피모짓,단일,-,정신신경용제,QT간격연장,-,Pimozide,D000213,D000035,에스시탈로프람옥살산염,EscitalopramOxalate,[M234885]에스시탈로프람옥살산염/[M234885]에스시탈로프람옥살산염
[M085529]이오파미돌/[M085529]이오파미돌,단일,-,X선조영제,급성신부전,-,Iopamidol,D000267,D000718,메트포르민염산염,MetforminHydrochloride,[M260057]엠파글리플로진/[M223014]메트포르민염산염
[M101851]부프레노르핀,단일,-,진통.진양.수렴.소염제,진통효과감소|금단증상위험,-,Buprenorphine,D000017,D000006,모르핀황산염수화물,MorphineSulfateHydrate,[M223034]모르핀황산염수화물
[M223126]에르고타민타르타르산염/[M223183]카페인무수물,복합,[D001266]AnhydrousCaffeine(카페인무수물),해열.진통.소염제,맥각독성(혈관경련|말단및기타조직허혈),-,ErgotamineTartrate,D000747,D000628,록시트로마이신,Roxithromycin,[M222994]록시트로마이신/[M222994]록시트로마이신/[M222994]록시트로마이신
[M257644]에리트로마이신스티노프레이트,단일,-,주로그람양성|음성균|리케치아|비루스에작용하는것,병용을하여도항균작용이증가되지않음,-,ErythromycinStinoprate,D000256,D000770,클로람페니콜,Chloramphenicol,[M020122]클로람페니콜
[M223130]에리트로마이신스테아르산염,단일,-,주로그람양성균|리케치아|비루스에작용하는것,병용을하여도항균작용이증가되지않음,-,ErythromycinStearate,D000256,D000770,클로람페니콜,Chloramphenicol,[M020122]클로람페니콜
[M222961]돔페리돈말레산염,단일,-,기타의소화기관용약,QTc연장효과증대로심각한위험(TorsadedePointes|심각한심실성부정맥포함)가능성,-,DomperidoneMaleate,D000297,D000143,아나그렐리드염산염,AnagrelideHydrochloride,[M246870]아나그렐리드염산염
[M081091]돔페리돈,단일,-,기타의소화기관용약,QTc연장효과증대로심각한위험(TorsadedePointes|심각한심실성부정맥포함)가능성,-,Domperidone,D000297,D000143,아나그렐리드염산염,AnagrelideHydrochloride,[M246870]아나그렐리드염산염
[M222961]돔페리돈말레산염/[M222961]돔페리돈말레산염,단일,-,기타의소화기관용약,QTc연장효과증대로심각한위험(TorsadedePointes|심각한심실성부정맥포함)가능성,-,DomperidoneMaleate,D000297,D000143,아나그렐리드염산염,AnagrelideHydrochloride,[M246870]아나그렐리드염산염
[M081091]돔페리돈/[M081091]돔페리돈,단일,-,기타의소화기관용약,QTc연장효과증대로심각한위험(TorsadedePointes|심각한심실성부정맥포함)가능성,-,Domperidone,D000297,D000143,아나그렐리드염산염,AnagrelideHydrochloride,[M246870]아나그렐리드염산염
[M222961]돔페리돈말레산염/[M222961]돔페리돈말레산염/[M222961]돔페리돈말레산염,단일,-,기타의소화기관용약,QTc연장효과증대로심각한위험(TorsadedePointes|심각한심실성부정맥포함)가능성,-,DomperidoneMaleate,D000297,D000143,아나그렐리드염산염,AnagrelideHydrochloride,[M246870]아나그렐리드염산염
[M085595]말레인산돔페리돈,단일,-,기타의소화기관용약,QTc연장효과증대로심각한위험(TorsadedePointes|심각한심실성부정맥포함)가능성,-,DomperidoneMaleate,D000297,D000143,아나그렐리드염산염,AnagrelideHydrochloride,[M246870]아나그렐리드염산염
[M085595]말레인산돔페리돈/[M222961]돔페리돈말레산염,단일,-,기타의소화기관용약,QTc연장효과증대로심각한위험(TorsadedePointes|심각한심실성부정맥포함)가능성,-,DomperidoneMaleate,D000297,D000143,아나그렐리드염산염,AnagrelideHydrochloride,[M246870]아나그렐리드염산염
[M085595]말레인산돔페리돈,단일,-,기타의소화기관용약,QTc연장효과증대로심각한위험(TorsadedePointes|심각한심실성부정맥포함)가능성,-,DomperidoneMaleate,D000297,D000425,메토클로프라미드,Metoclopramide,[M050465]메토클로프라미드
[M222961]돔페리돈말레산염/[M222961]돔페리돈말레산염/[M222961]돔페리돈말레산염,단일,-,기타의소화기관용약,QTc연장효과증대로심각한위험(TorsadedePointes|심각한심실성부정맥포함)가능성,-,DomperidoneMaleate,D000297,D000425,메토클로프라미드,Metoclopramide,[M050465]메토클로프라미드
[M081091]돔페리돈,단일,-,기타의소화기관용약,강력한CYP억제제가돔페리돈의대사를감소시켜|돔페리돈의영향(이상반응포함)증대가능성,-,Domperidone,D000297,D000395,다루나비르에탄올레이트,DarunavirEthanolate,[M258751]다루나비르에탄올레이트/[M115484]코비시스타트이산화규소
[M084703]케토롤락트로메타민,단일,-,해열.진통.소염제,중증의위장관계이상반응,-,KetorolacTromethamine,D000274,D000506,디클로페낙나트륨,DiclofenacSodium,[M050288]디클로페낙나트륨/[M050288]디클로페낙나트륨/[M050288]디클로페낙나트륨
[M089187]아나스트로졸,단일,-,항악성종양제,anastrozole의약리작용감소,-,Anastrozole,D000144,D000664,결합형에스트로겐4.29%,ConjugatedEstrogens4.29%,[M259850]결합형에스트로겐4.29%
[M088960]이오헥솔,단일,-,X선조영제,기능적신부전에의해유산산성증촉진,-,Iohexol,D000669,D000718,메트포르민염산염,MetforminHydrochloride,[M244179]메트포르민염산염/[M251915]시타글립틴인산염수화물
[M086785]이오비트리돌,단일,-,X선조영제,기능적신부전에의해유산산성증촉진,-,Iobitridol,D000760,D000718,메트포르민염산염,MetforminHydrochloride,[M244179]메트포르민염산염/[M251915]시타글립틴인산염수화물
[M088268]이오메프롤,단일,-,X선조영제,기능적신부전에의해유산산성증촉진,-,Iomeprol,D000364,D000718,메트포르민염산염,MetforminHydrochloride,[M244179]메트포르민염산염/[M251915]시타글립틴인산염수화물
[M249554]에스오메프라졸/[M050116]나프록센,복합,[D000195]Naproxen(나프록센),해열.진통.소염제,위장pH의증가로릴피비린의흡수가저하되어릴피비린의치료효과감소,-,Esomeprazole,D000153,D000225,릴피비린염산염,RilpivirineHydrochloride,[M253921]릴피비린염산염
[M050116]나프록센/[M092321]에스오메프라졸마그네슘삼수화물,복합,[D000195]Naproxen(나프록센),해열.진통.소염제,위장pH의증가로릴피비린의흡수가저하되어릴피비린의치료효과감소,-,EsomeprazoleMagnesiumTrihydrate,D000153,D000225,릴피비린염산염,RilpivirineHydrochloride,[M253921]릴피비린염산염
[M050116]나프록센/[M259375]에스오메프라졸마그네슘이수화물,복합,[D000195]Naproxen(나프록센),해열.진통.소염제,위장pH의증가로릴피비린의흡수가저하되어릴피비린의치료효과감소,-,EsomeprazoleMagnesiumDihydrate,D000153,D000225,릴피비린염산염,RilpivirineHydrochloride,[M253921]릴피비린염산염
[M050116]나프록센/[M221042]에스오메프라졸스트론튬사수화물,복합,[D000195]Naproxen(나프록센),해열.진통.소염제,위장pH의증가로릴피비린의흡수가저하되어릴피비린의치료효과감소,-,EsomeprazoleStrontiumTetrahydrate,D000153,D000225,릴피비린염산염,RilpivirineHydrochloride,[M253921]릴피비린염산염
[M083698]오메프라졸/[M040631]탄산수소나트륨/[M040631]탄산수소나트륨,복합,[D001148]sodiumbicarbonate(탄산수소나트륨),소화성궤양용제,위장pH의증가로릴피비린의흡수가저하되어릴피비린의치료효과감소,-,Omeprazole,D000469,D000225,릴피비린염산염,RilpivirineHydrochloride,[M253921]릴피비린염산염
[M222961]돔페리돈말레산염,단일,-,기타의소화기관용약,강력한CYP억제제가돔페리돈의대사를감소시켜|돔페리돈의영향(이상반응포함)증대가능성,-,DomperidoneMaleate,D000297,D000395,다루나비르에탄올레이트,DarunavirEthanolate,[M258751]다루나비르에탄올레이트
[M081091]돔페리돈,단일,-,기타의소화기관용약,강력한CYP억제제가돔페리돈의대사를감소시켜|돔페리돈의영향(이상반응포함)증대가능성,-,Domperidone,D000297,D000395,다루나비르에탄올레이트,DarunavirEthanolate,[M258751]다루나비르에탄올레이트
[M222961]돔페리돈말레산염/[M222961]돔페리돈말레산염,단일,-,기타의소화기관용약,강력한CYP억제제가돔페리돈의대사를감소시켜|돔페리돈의영향(이상반응포함)증대가능성,-,DomperidoneMaleate,D000297,D000395,다루나비르에탄올레이트,DarunavirEthanolate,[M258751]다루나비르에탄올레이트
[M081091]돔페리돈/[M081091]돔페리돈,단일,-,기타의소화기관용약,강력한CYP억제제가돔페리돈의대사를감소시켜|돔페리돈의영향(이상반응포함)증대가능성,-,Domperidone,D000297,D000395,다루나비르에탄올레이트,DarunavirEthanolate,[M258751]다루나비르에탄올레이트
[M222961]돔페리돈말레산염/[M222961]돔페리돈말레산염/[M222961]돔페리돈말레산염,단일,-,기타의소화기관용약,강력한CYP억제제가돔페리돈의대사를감소시켜|돔페리돈의영향(이상반응포함)증대가능성,-,DomperidoneMaleate,D000297,D000395,다루나비르에탄올레이트,DarunavirEthanolate,[M258751]다루나비르에탄올레이트
[M085595]말레인산돔페리돈,단일,-,기타의소화기관용약,강력한CYP억제제가돔페리돈의대사를감소시켜|돔페리돈의영향(이상반응포함)증대가능성,-,DomperidoneMaleate,D000297,D000395,다루나비르에탄올레이트,DarunavirEthanolate,[M258751]다루나비르에탄올레이트
[M085595]말레인산돔페리돈/[M222961]돔페리돈말레산염,단일,-,기타의소화기관용약,강력한CYP억제제가돔페리돈의대사를감소시켜|돔페리돈의영향(이상반응포함)증대가능성,-,DomperidoneMaleate,D000297,D000395,다루나비르에탄올레이트,DarunavirEthanolate,[M258751]다루나비르에탄올레이트
[M097492]에제티미브/[M089710]심바스타틴/[M097492]에제티미브/[M089710]심바스타틴,복합,[D000027]Simvastatin(심바스타틴),동맥경화용제,근증/횡문근변성의위험성이증가,-,Ezetimibe,D000350,D000395,다루나비르에탄올레이트,DarunavirEthanolate,[M258751]다루나비르에탄올레이트
[M089710]심바스타틴/[M097492]에제티미브,복합,[D000027]Simvastatin(심바스타틴),동맥경화용제,근증/횡문근변성의위험성이증가,-,Ezetimibe,D000350,D000395,다루나비르에탄올레이트,DarunavirEthanolate,[M258751]다루나비르에탄올레이트
[M083392]로바스타틴/[M083392]로바스타틴/[M083392]로바스타틴,단일,-,동맥경화용제,횡문근융해증/근육병증및이에수반되는급격한신기능악화,-,Lovastatin,D000419,D000395,다루나비르에탄올레이트,DarunavirEthanolate,[M258751]다루나비르에탄올레이트
[M083392]로바스타틴,단일,-,동맥경화용제,횡문근융해증/근육병증및이에수반되는급격한신기능악화,-,Lovastatin,D000419,D000395,다루나비르에탄올레이트,DarunavirEthanolate,[M258751]다루나비르에탄올레이트
[M222760]미다졸람,단일,-,최면진정제,진정작용의증가및연장|호흡저하판막심장병위험,-,Midazolam,D000007,D000395,다루나비르에탄올레이트,DarunavirEthanolate,[M258751]다루나비르에탄올레이트
[M222885]케토롤락트로메타민염,단일,-,해열.진통.소염제,중증의위장관계이상반응,-,KetorolacTromethamine,D000274,D000506,디클로페낙나트륨,DiclofenacSodium,[M050288]디클로페낙나트륨/[M050288]디클로페낙나트륨/[M050288]디클로페낙나트륨
[M084703]케토롤락트로메타민,단일,-,해열.진통.소염제,중증의위장관계이상반응,-,KetorolacTromethamine,D000274,D000506,디클로페낙나트륨,DiclofenacSodium,[M050288]디클로페낙나트륨/[M050288]디클로페낙나트륨/[M050288]디클로페낙나트륨/[M050288]디클로페낙나트륨
[M222885]케토롤락트로메타민염,단일,-,해열.진통.소염제,중증의위장관계이상반응,-,KetorolacTromethamine,D000274,D000506,디클로페낙나트륨,DiclofenacSodium,[M050288]디클로페낙나트륨/[M050288]디클로페낙나트륨/[M050288]디클로페낙나트륨/[M050288]디클로페낙나트륨
[M262752]소포스부비르/[M281345]벨파타스비르,단일,-,기타의화학요법제,소포스부비르혈장농도를현저히떨어트려소포스부비르의치료효과를감소시킬수있음,-,Sofosbuvir,D001071,D000263,옥스카르바제핀,Oxcarbazepine,[M086765]옥스카르바제핀
[M252241]알모트립탄말산염,단일,-,해열.진통.소염제,상가적인혈관수축반응|혈압상승,-,AlmotriptanMalate,D000745,D000287,나라트립탄염산염,NaratriptanHydrochloride,[M249577]나라트립탄염산염
[M088960]이오헥솔,단일,-,X선조영제,기능적신부전에의해유산산성증촉진,-,Iohexol,D000669,D000718,메트포르민염산염,MetforminHydrochloride,[M260057]엠파글리플로진/[M223014]메트포르민염산염
[M086785]이오비트리돌,단일,-,X선조영제,기능적신부전에의해유산산성증촉진,-,Iobitridol,D000760,D000718,메트포르민염산염,MetforminHydrochloride,[M260057]엠파글리플로진/[M223014]메트포르민염산염
[M088268]이오메프롤,단일,-,X선조영제,기능적신부전에의해유산산성증촉진,-,Iomeprol,D000364,D000718,메트포르민염산염,MetforminHydrochloride,[M260057]엠파글리플로진/[M223014]메트포르민염산염
[M089840]미졸라스틴,단일,-,항히스타민제,말초혈관경련|사지허혈|감각이상등,-,Mizolastine,D000719,D000628,록시트로마이신,Roxithromycin,[M222994]록시트로마이신/[M222994]록시트로마이신/[M222994]록시트로마이신
[M253921]릴피비린염산염,단일,-,기타의화학요법제,위장pH의증가로릴피비린의흡수가저하되어릴피비린의치료효과감소,-,RilpivirineHydrochloride,D000225,D000469,오메프라졸장용과립,OmeprazoleEntericCoatedGranules,[M201348]오메프라졸장용과립
[M257939]라사길린메실산염,단일,-,기타의중추신경용약,고혈압위기|세로토닌증후군발생위험증가,-,RasagilineMesylate,D000698,D000700,페티딘염산염,PethidineHydrochloride,[M223282]페티딘염산염
[M262752]소포스부비르,단일,-,기타의화학요법제,소포스부비르혈장농도를현저히떨어트려소포스부비르의치료효과를감소시킬수있음,-,Sofosbuvir,D001071,D000263,옥스카르바제핀,Oxcarbazepine,[M086765]옥스카르바제핀
[M262752]소포스부비르/[M281345]벨파타스비르/[M282286]복실라프레비르,단일,-,기타의화학요법제,소포스부비르혈장농도를현저히떨어트려소포스부비르의치료효과를감소시킬수있음,-,Sofosbuvir,D001071,D000263,옥스카르바제핀,Oxcarbazepine,[M086765]옥스카르바제핀
[M253921]릴피비린염산염,단일,-,기타의화학요법제,릴피비린의혈중농도가감소하여치료효과감소혹은내성발현,-,RilpivirineHydrochloride,D000225,D000263,옥스카르바제핀,Oxcarbazepine,[M086765]옥스카르바제핀
[M230781]디에틸프로피온염산염,단일,-,자율신경제,판막심장병위험,-,DiethylpropionHydrochloride,D000505,D000795,펜터민염산염,PhentermineHydrochloride,[M238557]펜터민염산염/[M087104]토피라메이트
[M070676]발프로산나트륨,복합,[D000536]SodiumValproate(발프로산나트륨),항전간제,간질발작재발,-,SodiumValproate,D000535,D000757,이미페넴수화물,ImipenemHydrate,[M222879]이미페넴수화물/[M095530]실라스타틴나트륨/[M222879]이미페넴수화물/[M095530]실라스타틴나트륨/[M222879]이미페넴수화물/[M095530]실라스타틴나트륨
[M070676]발프로산나트륨/[M083547]발프로산,복합,[D000536]SodiumValproate(발프로산나트륨),항전간제,간질발작재발,-,SodiumValproate,D000535,D000757,이미페넴수화물,ImipenemHydrate,[M222879]이미페넴수화물/[M095530]실라스타틴나트륨/[M222879]이미페넴수화물/[M095530]실라스타틴나트륨/[M222879]이미페넴수화물/[M095530]실라스타틴나트륨
[M082087]디발프로엑스나트륨,단일,-,항전간제,간질발작재발,-,DivalproexSodium,D000535,D000757,이미페넴수화물,ImipenemHydrate,[M222879]이미페넴수화물/[M095530]실라스타틴나트륨/[M222879]이미페넴수화물/[M095530]실라스타틴나트륨/[M222879]이미페넴수화물/[M095530]실라스타틴나트륨
[M090172]발프로산마그네슘,단일,-,항전간제,간질발작재발,-,MagnesiumValproate,D000535,D000757,이미페넴수화물,ImipenemHydrate,[M222879]이미페넴수화물/[M095530]실라스타틴나트륨/[M222879]이미페넴수화물/[M095530]실라스타틴나트륨/[M222879]이미페넴수화물/[M095530]실라스타틴나트륨
[M083547]발프로산,단일,-,항전간제,간질발작재발,-,ValproicAcid,D000535,D000757,이미페넴수화물,ImipenemHydrate,[M222879]이미페넴수화물/[M095530]실라스타틴나트륨/[M222879]이미페넴수화물/[M095530]실라스타틴나트륨/[M222879]이미페넴수화물/[M095530]실라스타틴나트륨
[M070676]발프로산나트륨,복합,[D000536]SodiumValproate(발프로산나트륨),항전간제,간질발작재발,-,SodiumValproate,D000535,D000757,이미페넴수화물,ImipenemHydrate,[M222879]이미페넴수화물/[M095530]실라스타틴나트륨/[M222879]이미페넴수화물/[M095530]실라스타틴나트륨
[M070676]발프로산나트륨/[M083547]발프로산,복합,[D000536]SodiumValproate(발프로산나트륨),항전간제,간질발작재발,-,SodiumValproate,D000535,D000757,이미페넴수화물,ImipenemHydrate,[M222879]이미페넴수화물/[M095530]실라스타틴나트륨/[M222879]이미페넴수화물/[M095530]실라스타틴나트륨
[M082087]디발프로엑스나트륨,단일,-,항전간제,간질발작재발,-,DivalproexSodium,D000535,D000757,이미페넴수화물,ImipenemHydrate,[M222879]이미페넴수화물/[M095530]실라스타틴나트륨/[M222879]이미페넴수화물/[M095530]실라스타틴나트륨
[M090172]발프로산마그네슘,단일,-,항전간제,간질발작재발,-,MagnesiumValproate,D000535,D000757,이미페넴수화물,ImipenemHydrate,[M222879]이미페넴수화물/[M095530]실라스타틴나트륨/[M222879]이미페넴수화물/[M095530]실라스타틴나트륨
[M083547]발프로산,단일,-,항전간제,간질발작재발,-,ValproicAcid,D000535,D000757,이미페넴수화물,ImipenemHydrate,[M222879]이미페넴수화물/[M095530]실라스타틴나트륨/[M222879]이미페넴수화물/[M095530]실라스타틴나트륨
[M222961]돔페리돈말레산염,단일,-,기타의소화기관용약,강력한CYP억제제가돔페리돈의대사를감소시켜|돔페리돈의영향(이상반응포함)증대가능성,-,DomperidoneMaleate,D000297,D000395,다루나비르에탄올레이트,DarunavirEthanolate,[M258751]다루나비르에탄올레이트/[M115484]코비시스타트이산화규소
[M222961]돔페리돈말레산염/[M222961]돔페리돈말레산염,단일,-,기타의소화기관용약,강력한CYP억제제가돔페리돈의대사를감소시켜|돔페리돈의영향(이상반응포함)증대가능성,-,DomperidoneMaleate,D000297,D000395,다루나비르에탄올레이트,DarunavirEthanolate,[M258751]다루나비르에탄올레이트/[M115484]코비시스타트이산화규소
[M081091]돔페리돈/[M081091]돔페리돈,단일,-,기타의소화기관용약,QTc연장효과증대로심각한위험(TorsadedePointes|심각한심실성부정맥포함)가능성,-,Domperidone,D000297,D000425,메토클로프라미드,Metoclopramide,[M050465]메토클로프라미드
[M081091]돔페리돈/[M081091]돔페리돈,단일,-,기타의소화기관용약,강력한CYP억제제가돔페리돈의대사를감소시켜|돔페리돈의영향(이상반응포함)증대가능성,-,Domperidone,D000297,D000395,다루나비르에탄올레이트,DarunavirEthanolate,[M258751]다루나비르에탄올레이트/[M115484]코비시스타트이산화규소
[M222961]돔페리돈말레산염,단일,-,기타의소화기관용약,QTc연장효과증대로심각한위험(TorsadedePointes|심각한심실성부정맥포함)가능성,-,DomperidoneMaleate,D000297,D000491,팔리페리돈팔미테이트,PaliperidonePalmitate,[M250479]팔리페리돈팔미테이트/[M250479]팔리페리돈팔미테이트/[M250479]팔리페리돈팔미테이트/[M250479]팔리페리돈팔미테이트
[M081091]돔페리돈,단일,-,기타의소화기관용약,QTc연장효과증대로심각한위험(TorsadedePointes|심각한심실성부정맥포함)가능성,-,Domperidone,D000297,D000491,팔리페리돈팔미테이트,PaliperidonePalmitate,[M250479]팔리페리돈팔미테이트/[M250479]팔리페리돈팔미테이트/[M250479]팔리페리돈팔미테이트/[M250479]팔리페리돈팔미테이트
[M222961]돔페리돈말레산염/[M222961]돔페리돈말레산염,단일,-,기타의소화기관용약,QTc연장효과증대로심각한위험(TorsadedePointes|심각한심실성부정맥포함)가능성,-,DomperidoneMaleate,D000297,D000491,팔리페리돈팔미테이트,PaliperidonePalmitate,[M250479]팔리페리돈팔미테이트/[M250479]팔리페리돈팔미테이트/[M250479]팔리페리돈팔미테이트/[M250479]팔리페리돈팔미테이트
[M081091]돔페리돈/[M081091]돔페리돈,단일,-,기타의소화기관용약,QTc연장효과증대로심각한위험(TorsadedePointes|심각한심실성부정맥포함)가능성,-,Domperidone,D000297,D000491,팔리페리돈팔미테이트,PaliperidonePalmitate,[M250479]팔리페리돈팔미테이트/[M250479]팔리페리돈팔미테이트/[M250479]팔리페리돈팔미테이트/[M250479]팔리페리돈팔미테이트
[M222961]돔페리돈말레산염/[M222961]돔페리돈말레산염/[M222961]돔페리돈말레산염,단일,-,기타의소화기관용약,QTc연장효과증대로심각한위험(TorsadedePointes|심각한심실성부정맥포함)가능성,-,DomperidoneMaleate,D000297,D000491,팔리페리돈팔미테이트,PaliperidonePalmitate,[M250479]팔리페리돈팔미테이트/[M250479]팔리페리돈팔미테이트/[M250479]팔리페리돈팔미테이트/[M250479]팔리페리돈팔미테이트
[M085595]말레인산돔페리돈,단일,-,기타의소화기관용약,QTc연장효과증대로심각한위험(TorsadedePointes|심각한심실성부정맥포함)가능성,-,DomperidoneMaleate,D000297,D000491,팔리페리돈팔미테이트,PaliperidonePalmitate,[M250479]팔리페리돈팔미테이트/[M250479]팔리페리돈팔미테이트/[M250479]팔리페리돈팔미테이트/[M250479]팔리페리돈팔미테이트
[M085595]말레인산돔페리돈/[M222961]돔페리돈말레산염,단일,-,기타의소화기관용약,QTc연장효과증대로심각한위험(TorsadedePointes|심각한심실성부정맥포함)가능성,-,DomperidoneMaleate,D000297,D000491,팔리페리돈팔미테이트,PaliperidonePalmitate,[M250479]팔리페리돈팔미테이트/[M250479]팔리페리돈팔미테이트/[M250479]팔리페리돈팔미테이트/[M250479]팔리페리돈팔미테이트
[M222961]돔페리돈말레산염,단일,-,기타의소화기관용약,QTc연장효과증대로심각한위험(TorsadedePointes|심각한심실성부정맥포함)가능성,-,DomperidoneMaleate,D000297,D000491,팔리페리돈,Paliperidone,[M220478]팔리페리돈/[M220478]팔리페리돈
[M081091]돔페리돈,단일,-,기타의소화기관용약,QTc연장효과증대로심각한위험(TorsadedePointes|심각한심실성부정맥포함)가능성,-,Domperidone,D000297,D000491,팔리페리돈,Paliperidone,[M220478]팔리페리돈/[M220478]팔리페리돈
[M222961]돔페리돈말레산염/[M222961]돔페리돈말레산염,단일,-,기타의소화기관용약,QTc연장효과증대로심각한위험(TorsadedePointes|심각한심실성부정맥포함)가능성,-,DomperidoneMaleate,D000297,D000491,팔리페리돈,Paliperidone,[M220478]팔리페리돈/[M220478]팔리페리돈
[M081091]돔페리돈/[M081091]돔페리돈,단일,-,기타의소화기관용약,QTc연장효과증대로심각한위험(TorsadedePointes|심각한심실성부정맥포함)가능성,-,Domperidone,D000297,D000491,팔리페리돈,Paliperidone,[M220478]팔리페리돈/[M220478]팔리페리돈
[M222961]돔페리돈말레산염/[M222961]돔페리돈말레산염/[M222961]돔페리돈말레산염,단일,-,기타의소화기관용약,QTc연장효과증대로심각한위험(TorsadedePointes|심각한심실성부정맥포함)가능성,-,DomperidoneMaleate,D000297,D000491,팔리페리돈,Paliperidone,[M220478]팔리페리돈/[M220478]팔리페리돈
[M085595]말레인산돔페리돈,단일,-,기타의소화기관용약,QTc연장효과증대로심각한위험(TorsadedePointes|심각한심실성부정맥포함)가능성,-,DomperidoneMaleate,D000297,D000491,팔리페리돈,Paliperidone,[M220478]팔리페리돈/[M220478]팔리페리돈
[M085595]말레인산돔페리돈/[M222961]돔페리돈말레산염,단일,-,기타의소화기관용약,QTc연장효과증대로심각한위험(TorsadedePointes|심각한심실성부정맥포함)가능성,-,DomperidoneMaleate,D000297,D000491,팔리페리돈,Paliperidone,[M220478]팔리페리돈/[M220478]팔리페리돈
[M088960]이오헥솔,단일,-,X선조영제,기능적신부전에의해유산산성증촉진,-,Iohexol,D000669,D000718,메트포르민염산염,MetforminHydrochloride,[M223014]메트포르민염산염/[M222831]글리클라지드
[M086785]이오비트리돌,단일,-,X선조영제,기능적신부전에의해유산산성증촉진,-,Iobitridol,D000760,D000718,메트포르민염산염,MetforminHydrochloride,[M223014]메트포르민염산염/[M222831]글리클라지드
[M222961]돔페리돈말레산염,단일,-,기타의소화기관용약,QTc연장효과증대로심각한위험(TorsadedePointes|심각한심실성부정맥포함)가능성,-,DomperidoneMaleate,D000297,D000425,메토클로프라미드,Metoclopramide,[M050465]메토클로프라미드
[M081091]돔페리돈,단일,-,기타의소화기관용약,QTc연장효과증대로심각한위험(TorsadedePointes|심각한심실성부정맥포함)가능성,-,Domperidone,D000297,D000425,메토클로프라미드,Metoclopramide,[M050465]메토클로프라미드
[M222961]돔페리돈말레산염/[M222961]돔페리돈말레산염,단일,-,기타의소화기관용약,QTc연장효과증대로심각한위험(TorsadedePointes|심각한심실성부정맥포함)가능성,-,DomperidoneMaleate,D000297,D000425,메토클로프라미드,Metoclopramide,[M050465]메토클로프라미드
[M081091]돔페리돈,단일,-,기타의소화기관용약,QTc연장효과증대로심각한위험(TorsadedePointes|심각한심실성부정맥포함)가능성,-,Domperidone,D000297,D000491,팔리페리돈팔미테이트,PaliperidonePalmitate,[M250479]팔리페리돈팔미테이트/[M250479]팔리페리돈팔미테이트
[M222961]돔페리돈말레산염/[M222961]돔페리돈말레산염/[M222961]돔페리돈말레산염,단일,-,기타의소화기관용약,강력한CYP억제제가돔페리돈의대사를감소시켜|돔페리돈의영향(이상반응포함)증대가능성,-,DomperidoneMaleate,D000297,D000395,다루나비르에탄올레이트,DarunavirEthanolate,[M258751]다루나비르에탄올레이트/[M115484]코비시스타트이산화규소
[M085595]말레인산돔페리돈,단일,-,기타의소화기관용약,강력한CYP억제제가돔페리돈의대사를감소시켜|돔페리돈의영향(이상반응포함)증대가능성,-,DomperidoneMaleate,D000297,D000395,다루나비르에탄올레이트,DarunavirEthanolate,[M258751]다루나비르에탄올레이트/[M115484]코비시스타트이산화규소
[M085595]말레인산돔페리돈/[M222961]돔페리돈말레산염,단일,-,기타의소화기관용약,강력한CYP억제제가돔페리돈의대사를감소시켜|돔페리돈의영향(이상반응포함)증대가능성,-,DomperidoneMaleate,D000297,D000395,다루나비르에탄올레이트,DarunavirEthanolate,[M258751]다루나비르에탄올레이트/[M115484]코비시스타트이산화규소
[M097492]에제티미브/[M089710]심바스타틴,복합,[D000027]Simvastatin(심바스타틴),동맥경화용제,근증/횡문근변성의위험성이증가,-,Ezetimibe,D000350,D000395,다루나비르에탄올레이트,DarunavirEthanolate,[M258751]다루나비르에탄올레이트/[M115484]코비시스타트이산화규소
[M097492]에제티미브/[M089710]심바스타틴/[M097492]에제티미브/[M089710]심바스타틴,복합,[D000027]Simvastatin(심바스타틴),동맥경화용제,근증/횡문근변성의위험성이증가,-,Ezetimibe,D000350,D000395,다루나비르에탄올레이트,DarunavirEthanolate,[M258751]다루나비르에탄올레이트/[M115484]코비시스타트이산화규소
[M089710]심바스타틴/[M097492]에제티미브,복합,[D000027]Simvastatin(심바스타틴),동맥경화용제,근증/횡문근변성의위험성이증가,-,Ezetimibe,D000350,D000395,다루나비르에탄올레이트,DarunavirEthanolate,[M258751]다루나비르에탄올레이트/[M115484]코비시스타트이산화규소
[M083392]로바스타틴/[M083392]로바스타틴/[M083392]로바스타틴,단일,-,동맥경화용제,횡문근융해증/근육병증및이에수반되는급격한신기능악화,-,Lovastatin,D000419,D000395,다루나비르에탄올레이트,DarunavirEthanolate,[M258751]다루나비르에탄올레이트/[M115484]코비시스타트이산화규소
[M083392]로바스타틴,단일,-,동맥경화용제,횡문근융해증/근육병증및이에수반되는급격한신기능악화,-,Lovastatin,D000419,D000395,다루나비르에탄올레이트,DarunavirEthanolate,[M258751]다루나비르에탄올레이트/[M115484]코비시스타트이산화규소
[M222760]미다졸람,단일,-,최면진정제,진정작용의증가및연장|호흡저하판막심장병위험,-,Midazolam,D000007,D000395,다루나비르에탄올레이트,DarunavirEthanolate,[M258751]다루나비르에탄올레이트/[M115484]코비시스타트이산화규소
[M222961]돔페리돈말레산염,단일,-,기타의소화기관용약,QTc연장효과증대로심각한위험(TorsadedePointes|심각한심실성부정맥포함)가능성,-,DomperidoneMaleate,D000297,D000491,팔리페리돈팔미테이트,PaliperidonePalmitate,[M250479]팔리페리돈팔미테이트/[M250479]팔리페리돈팔미테이트
[M222961]돔페리돈말레산염/[M222961]돔페리돈말레산염,단일,-,기타의소화기관용약,QTc연장효과증대로심각한위험(TorsadedePointes|심각한심실성부정맥포함)가능성,-,DomperidoneMaleate,D000297,D000491,팔리페리돈팔미테이트,PaliperidonePalmitate,[M250479]팔리페리돈팔미테이트/[M250479]팔리페리돈팔미테이트
[M085595]말레인산돔페리돈/[M222961]돔페리돈말레산염,단일,-,기타의소화기관용약,QTc연장효과증대로심각한위험(TorsadedePointes|심각한심실성부정맥포함)가능성,-,DomperidoneMaleate,D000297,D000491,팔리페리돈팔미테이트,PaliperidonePalmitate,[M250479]팔리페리돈팔미테이트
[M081091]돔페리돈/[M081091]돔페리돈,단일,-,기타의소화기관용약,QTc연장효과증대로심각한위험(TorsadedePointes|심각한심실성부정맥포함)가능성,-,Domperidone,D000297,D000491,팔리페리돈팔미테이트,PaliperidonePalmitate,[M250479]팔리페리돈팔미테이트/[M250479]팔리페리돈팔미테이트
[M222961]돔페리돈말레산염/[M222961]돔페리돈말레산염/[M222961]돔페리돈말레산염,단일,-,기타의소화기관용약,QTc연장효과증대로심각한위험(TorsadedePointes|심각한심실성부정맥포함)가능성,-,DomperidoneMaleate,D000297,D000491,팔리페리돈팔미테이트,PaliperidonePalmitate,[M250479]팔리페리돈팔미테이트/[M250479]팔리페리돈팔미테이트
[M085595]말레인산돔페리돈,단일,-,기타의소화기관용약,QTc연장효과증대로심각한위험(TorsadedePointes|심각한심실성부정맥포함)가능성,-,DomperidoneMaleate,D000297,D000491,팔리페리돈팔미테이트,PaliperidonePalmitate,[M250479]팔리페리돈팔미테이트/[M250479]팔리페리돈팔미테이트
[M085595]말레인산돔페리돈/[M222961]돔페리돈말레산염,단일,-,기타의소화기관용약,QTc연장효과증대로심각한위험(TorsadedePointes|심각한심실성부정맥포함)가능성,-,DomperidoneMaleate,D000297,D000491,팔리페리돈팔미테이트,PaliperidonePalmitate,[M250479]팔리페리돈팔미테이트/[M250479]팔리페리돈팔미테이트
[M222961]돔페리돈말레산염,단일,-,기타의소화기관용약,QTc연장효과증대로심각한위험(TorsadedePointes|심각한심실성부정맥포함)가능성,-,DomperidoneMaleate,D000297,D000491,팔리페리돈팔미테이트,PaliperidonePalmitate,[M250479]팔리페리돈팔미테이트
[M081091]돔페리돈,단일,-,기타의소화기관용약,QTc연장효과증대로심각한위험(TorsadedePointes|심각한심실성부정맥포함)가능성,-,Domperidone,D000297,D000491,팔리페리돈팔미테이트,PaliperidonePalmitate,[M250479]팔리페리돈팔미테이트
[M222961]돔페리돈말레산염/[M222961]돔페리돈말레산염,단일,-,기타의소화기관용약,QTc연장효과증대로심각한위험(TorsadedePointes|심각한심실성부정맥포함)가능성,-,DomperidoneMaleate,D000297,D000491,팔리페리돈팔미테이트,PaliperidonePalmitate,[M250479]팔리페리돈팔미테이트
[M081091]돔페리돈/[M081091]돔페리돈,단일,-,기타의소화기관용약,QTc연장효과증대로심각한위험(TorsadedePointes|심각한심실성부정맥포함)가능성,-,Domperidone,D000297,D000491,팔리페리돈팔미테이트,PaliperidonePalmitate,[M250479]팔리페리돈팔미테이트
[M222961]돔페리돈말레산염/[M222961]돔페리돈말레산염/[M222961]돔페리돈말레산염,단일,-,기타의소화기관용약,QTc연장효과증대로심각한위험(TorsadedePointes|심각한심실성부정맥포함)가능성,-,DomperidoneMaleate,D000297,D000491,팔리페리돈팔미테이트,PaliperidonePalmitate,[M250479]팔리페리돈팔미테이트
[M085595]말레인산돔페리돈,단일,-,기타의소화기관용약,QTc연장효과증대로심각한위험(TorsadedePointes|심각한심실성부정맥포함)가능성,-,DomperidoneMaleate,D000297,D000491,팔리페리돈팔미테이트,PaliperidonePalmitate,[M250479]팔리페리돈팔미테이트
[M089710]심바스타틴/[M089710]심바스타틴,단일,-,동맥경화용제,근병증/횡문근융해,-,Simvastatin,D000027,D000395,다루나비르에탄올레이트,DarunavirEthanolate,[M258751]다루나비르에탄올레이트
[M084703]케토롤락트로메타민,단일,-,해열.진통.소염제,중증의위장관계이상반응,-,KetorolacTromethamine,D000274,D000506,디클로페낙디에틸암모늄,DiclofenacDiethylammonium,[M249599]디클로페낙디에틸암모늄/[M249599]디클로페낙디에틸암모늄/[M249599]디클로페낙디에틸암모늄/[M249599]디클로페낙디에틸암모늄/[M249599]디클로페낙디에틸암모늄/[M249599]디클로페낙디에틸암모늄
[M222961]돔페리돈말레산염/[M222961]돔페리돈말레산염,단일,-,기타의소화기관용약,QTc연장효과증대로심각한위험(TorsadedePointes|심각한심실성부정맥포함)가능성,-,DomperidoneMaleate,D000297,D000226,메퀴타진,Mequitazine,[M050446]메퀴타진/[M102315]벨라돈나총알카로이드/[M256386]글리시리진산이칼륨/[M203364]슈도에페드린염산염/[M223183]카페인무수물
[M081091]돔페리돈/[M081091]돔페리돈,단일,-,기타의소화기관용약,QTc연장효과증대로심각한위험(TorsadedePointes|심각한심실성부정맥포함)가능성,-,Domperidone,D000297,D000226,메퀴타진,Mequitazine,[M050446]메퀴타진/[M102315]벨라돈나총알카로이드/[M256386]글리시리진산이칼륨/[M203364]슈도에페드린염산염/[M223183]카페인무수물
[M222961]돔페리돈말레산염/[M222961]돔페리돈말레산염/[M222961]돔페리돈말레산염,단일,-,기타의소화기관용약,QTc연장효과증대로심각한위험(TorsadedePointes|심각한심실성부정맥포함)가능성,-,DomperidoneMaleate,D000297,D000226,메퀴타진,Mequitazine,[M050446]메퀴타진/[M102315]벨라돈나총알카로이드/[M256386]글리시리진산이칼륨/[M203364]슈도에페드린염산염/[M223183]카페인무수물
[M085595]말레인산돔페리돈,단일,-,기타의소화기관용약,QTc연장효과증대로심각한위험(TorsadedePointes|심각한심실성부정맥포함)가능성,-,DomperidoneMaleate,D000297,D000226,메퀴타진,Mequitazine,[M050446]메퀴타진/[M102315]벨라돈나총알카로이드/[M256386]글리시리진산이칼륨/[M203364]슈도에페드린염산염/[M223183]카페인무수물
[M085595]말레인산돔페리돈/[M222961]돔페리돈말레산염,단일,-,기타의소화기관용약,QTc연장효과증대로심각한위험(TorsadedePointes|심각한심실성부정맥포함)가능성,-,DomperidoneMaleate,D000297,D000226,메퀴타진,Mequitazine,[M050446]메퀴타진/[M102315]벨라돈나총알카로이드/[M256386]글리시리진산이칼륨/[M203364]슈도에페드린염산염/[M223183]카페인무수물
[M243782]쿠에티아핀푸마르산염,단일,-,정신신경용제,-,-,QuetiapineFumarate,D000583,D000560,에피네프린,Epinephrine,[M040421]에피네프린
[M089222]올란자핀,단일,-,정신신경용제,중증의혈압강하를일으킬수있음,-,Olanzapine,D000357,D000560,에피네프린,Epinephrine,[M040421]에피네프린
[M233301]미세올란자핀,단일,-,정신신경용제,중증의혈압강하를일으킬수있음,-,OlanzapineMicronized,D000357,D000560,에피네프린,Epinephrine,[M040421]에피네프린
[M050302]디프로필린/[M050468]염산메톡시페나민/[M223211]클로르페니라민말레산염/[M040059]노스카핀,단일,-,진해거담제,부정맥또는심정지,소생등의응급상황제외,MethoxyphenamineHydrochloride,D000125,D000560,에피네프린,Epinephrine,[M040421]에피네프린
[M099457]툴로부테롤,단일,-,진해거담제,부정맥또는심정지,소생등의응급상황제외,Tulobuterol,D000185,D000560,에피네프린,Epinephrine,[M040421]에피네프린
[M099457]툴로부테롤/[M099457]툴로부테롤,단일,-,진해거담제,부정맥또는심정지,소생등의응급상황제외,Tulobuterol,D000185,D000560,에피네프린,Epinephrine,[M040421]에피네프린
[M223155]에페드린염산염,단일,-,진해거담제,부정맥또는심정지유도,-,EphedrineHydrochloride,D000155,D000560,에피네프린,Epinephrine,[M040421]에피네프린
[M222898]페노테롤브롬화수소산염,단일,-,진해거담제,부정맥또는심정지유도,-,FenoterolHydrobromide,D000070,D000560,에피네프린,Epinephrine,[M040421]에피네프린
[M223307]프로카테롤염산염수화물,단일,-,진해거담제,부정맥또는심정지유도,소생등의위급상황제외,ProcaterolHydrochlorideHydrate,D000514,D000560,에피네프린,Epinephrine,[M040421]에피네프린
[M233843]암브록솔염산염/[M222889]클렌부테롤염산염,단일,-,진해거담제,부정맥또는심정지,-,ClenbuterolHydrochloride,D000477,D000560,에피네프린,Epinephrine,[M040421]에피네프린
[M222889]클렌부테롤염산염/[M233843]암브록솔염산염,단일,-,진해거담제,부정맥또는심정지,-,ClenbuterolHydrochloride,D000477,D000560,에피네프린,Epinephrine,[M040421]에피네프린
[M223216]클로르프로마진염산염,단일,-,정신신경용제,혈압강하,-,ChlorpromazineHydrochloride,D000584,D000560,에피네프린,Epinephrine,[M040421]에피네프린
[M040618]염산클로르프로마진,단일,-,정신신경용제,혈압강하,-,ChlorpromazineHydrochloride,D000584,D000560,에피네프린,Epinephrine,[M040421]에피네프린
[M223069]살부타몰황산염,단일,-,진해거담제,부정맥또는심정지,-,SalbutamolSulfate,D000137,D000560,에피네프린,Epinephrine,[M040421]에피네프린
[M091367]페르페나진,단일,-,정신신경용제,혈압강하효과,-,Perphenazine,D000781,D000560,에피네프린,Epinephrine,[M040421]에피네프린
[M232514]페르페나진염산염,단일,-,정신신경용제,혈압강하효과,-,PerphenazineHydrochloride,D000781,D000560,에피네프린,Epinephrine,[M040421]에피네프린
[M088960]이오헥솔,단일,-,X선조영제,기능적신부전에의해유산산성증촉진,-,Iohexol,D000669,D000718,메트포르민염산염,MetforminHydrochloride,[M244179]메트포르민염산염/[M266925]시타글립틴염산염수화물
[M081091]돔페리돈,단일,-,기타의소화기관용약,QTc연장효과증대로심각한위험(TorsadedePointes|심각한심실성부정맥포함)가능성,-,Domperidone,D000297,D000226,메퀴타진,Mequitazine,[M050446]메퀴타진/[M102315]벨라돈나총알카로이드/[M256386]글리시리진산이칼륨/[M203364]슈도에페드린염산염/[M223183]카페인무수물
[M222961]돔페리돈말레산염,단일,-,기타의소화기관용약,QTc연장효과증대로심각한위험(TorsadedePointes|심각한심실성부정맥포함)가능성,-,DomperidoneMaleate,D000297,D000226,메퀴타진,Mequitazine,[M050446]메퀴타진/[M102315]벨라돈나총알카로이드/[M256386]글리시리진산이칼륨/[M203364]슈도에페드린염산염/[M223183]카페인무수물
[M086310]리스페리돈,단일,-,정신신경용제,-,-,Risperidone,D000422,D000560,에피네프린,Epinephrine,[M040421]에피네프린
[M223014]메트포르민염산염/[M086024]글리메피리드,복합,[D000392]Glimepiride(글리메피리드),당뇨병용제,기능적신부전에의해유산산성증촉진,48시간이내병용금기,MetforminHydrochloride,D000718,D000364,이오메프롤,Iomeprol,[M088268]이오메프롤
[M266925]시타글립틴염산염수화물/[M266682]메트포르민염산염콜로이드성이산화규소,복합,[D000244]Sitagliptin(시타글립틴),당뇨병용제,기능적신부전에의해유산산성증촉진,48시간이내병용금기,MetforminHydrochloridewithColloidalAnhydrousSilica,D000718,D000364,이오메프롤,Iomeprol,[M088268]이오메프롤
[M251915]시타글립틴인산염수화물/[M244179]메트포르민염산염,복합,[D000244]Sitagliptin(시타글립틴),당뇨병용제,기능적신부전에의해유산산성증촉진,48시간이내병용금기,MetforminHydrochloride,D000718,D000364,이오메프롤,Iomeprol,[M088268]이오메프롤
[M244179]메트포르민염산염/[M266925]시타글립틴염산염수화물,복합,[D000244]Sitagliptin(시타글립틴),당뇨병용제,기능적신부전에의해유산산성증촉진,48시간이내병용금기,MetforminHydrochloride,D000718,D000364,이오메프롤,Iomeprol,[M088268]이오메프롤
[M260057]엠파글리플로진/[M251915]시타글립틴인산염수화물/[M266682]메트포르민염산염콜로이드성이산화규소,복합,[D000244]Sitagliptin(시타글립틴),당뇨병용제,기능적신부전에의해유산산성증촉진,48시간이내병용금기,MetforminHydrochloridewithColloidalAnhydrousSilica,D000718,D000364,이오메프롤,Iomeprol,[M088268]이오메프롤
[M244179]메트포르민염산염/[M255021]로베글리타존황산염/[M251915]시타글립틴인산염수화물,복합,[D000244]Sitagliptin(시타글립틴),당뇨병용제,기능적신부전에의해유산산성증촉진,48시간이내병용금기,MetforminHydrochloride,D000718,D000364,이오메프롤,Iomeprol,[M088268]이오메프롤
[M244179]메트포르민염산염/[M251915]시타글립틴인산염수화물/[M281639]엠파글리플로진L-프롤린,복합,[D000244]Sitagliptin(시타글립틴),당뇨병용제,기능적신부전에의해유산산성증촉진,48시간이내병용금기,MetforminHydrochloride,D000718,D000364,이오메프롤,Iomeprol,[M088268]이오메프롤
[M251915]시타글립틴인산염수화물/[M258339]다파글리플로진프로판디올수화물/[M244179]메트포르민염산염,복합,[D000244]Sitagliptin(시타글립틴),당뇨병용제,기능적신부전에의해유산산성증촉진,48시간이내병용금기,MetforminHydrochloride,D000718,D000364,이오메프롤,Iomeprol,[M088268]이오메프롤
[M086024]글리메피리드/[M223014]메트포르민염산염,복합,[D000392]Glimepiride(글리메피리드),당뇨병용제,기능적신부전에의해유산산성증촉진,48시간이내병용금기,MetforminHydrochloride,D000718,D000364,이오메프롤,Iomeprol,[M088268]이오메프롤
[M085595]말레인산돔페리돈/[M222961]돔페리돈말레산염,단일,-,기타의소화기관용약,QTc연장효과증대로심각한위험(TorsadedePointes|심각한심실성부정맥포함)가능성,-,DomperidoneMaleate,D000297,D000425,메토클로프라미드염산염수화물,MetoclopramideHydrochlorideHydrate,[M223013]메토클로프라미드염산염수화물
[M086024]글리메피리드/[M244179]메트포르민염산염/[M086024]글리메피리드/[M244179]메트포르민염산염,복합,[D000392]Glimepiride(글리메피리드),당뇨병용제,기능적신부전에의해유산산성증촉진,48시간이내병용금기,MetforminHydrochloride,D000718,D000364,이오메프롤,Iomeprol,[M088268]이오메프롤
[M223014]메트포르민염산염/[M086024]글리메피리드/[M223014]메트포르민염산염/[M086024]글리메피리드,복합,[D000392]Glimepiride(글리메피리드),당뇨병용제,기능적신부전에의해유산산성증촉진,48시간이내병용금기,MetforminHydrochloride,D000718,D000364,이오메프롤,Iomeprol,[M088268]이오메프롤
[M222961]돔페리돈말레산염,단일,-,기타의소화기관용약,QTc연장효과증대로심각한위험(TorsadedePointes|심각한심실성부정맥포함)가능성,-,DomperidoneMaleate,D000297,D000425,메토클로프라미드염산염수화물,MetoclopramideHydrochlorideHydrate,[M223013]메토클로프라미드염산염수화물
[M081091]돔페리돈,단일,-,기타의소화기관용약,QTc연장효과증대로심각한위험(TorsadedePointes|심각한심실성부정맥포함)가능성,-,Domperidone,D000297,D000425,메토클로프라미드염산염수화물,MetoclopramideHydrochlorideHydrate,[M223013]메토클로프라미드염산염수화물
[M222961]돔페리돈말레산염/[M222961]돔페리돈말레산염,단일,-,기타의소화기관용약,QTc연장효과증대로심각한위험(TorsadedePointes|심각한심실성부정맥포함)가능성,-,DomperidoneMaleate,D000297,D000425,메토클로프라미드염산염수화물,MetoclopramideHydrochlorideHydrate,[M223013]메토클로프라미드염산염수화물
[M081091]돔페리돈/[M081091]돔페리돈,단일,-,기타의소화기관용약,QTc연장효과증대로심각한위험(TorsadedePointes|심각한심실성부정맥포함)가능성,-,Domperidone,D000297,D000425,메토클로프라미드염산염수화물,MetoclopramideHydrochlorideHydrate,[M223013]메토클로프라미드염산염수화물
[M222961]돔페리돈말레산염/[M222961]돔페리돈말레산염/[M222961]돔페리돈말레산염,단일,-,기타의소화기관용약,QTc연장효과증대로심각한위험(TorsadedePointes|심각한심실성부정맥포함)가능성,-,DomperidoneMaleate,D000297,D000425,메토클로프라미드염산염수화물,MetoclopramideHydrochlorideHydrate,[M223013]메토클로프라미드염산염수화물
[M085595]말레인산돔페리돈,단일,-,기타의소화기관용약,QTc연장효과증대로심각한위험(TorsadedePointes|심각한심실성부정맥포함)가능성,-,DomperidoneMaleate,D000297,D000425,메토클로프라미드염산염수화물,MetoclopramideHydrochlorideHydrate,[M223013]메토클로프라미드염산염수화물
[M222885]케토롤락트로메타민염,단일,-,해열.진통.소염제,중증의위장관계이상반응,-,KetorolacTromethamine,D000274,D000506,디클로페낙디에틸암모늄,DiclofenacDiethylammonium,[M249599]디클로페낙디에틸암모늄/[M249599]디클로페낙디에틸암모늄/[M249599]디클로페낙디에틸암모늄/[M249599]디클로페낙디에틸암모늄/[M249599]디클로페낙디에틸암모늄/[M249599]디클로페낙디에틸암모늄
[M222885]케토롤락트로메타민염,단일,-,해열.진통.소염제,상가적인위장관궤양|출혈의위험,-,KetorolacTromethamine,D000274,D000525,록소프로펜나트륨수화물,LoxoprofenSodiumHydrate,[M222839]록소프로펜나트륨수화물/[M222839]록소프로펜나트륨수화물/[M222839]록소프로펜나트륨수화물/[M222839]록소프로펜나트륨수화물/[M222839]록소프로펜나트륨수화물/[M222839]록소프로펜나트륨수화물/[M222839]록소프로펜나트륨수화물/[M222839]록소프로펜나트륨수화물/[M222839]록소프로펜나트륨수화물/[M222839]록소프로펜나트륨수화물
[M244179]메트포르민염산염/[M258339]다파글리플로진프로판디올수화물/[M266925]시타글립틴염산염수화물,복합,[D000244]Sitagliptin(시타글립틴),당뇨병용제,기능적신부전에의해유산산성증촉진,48시간이내병용금기,MetforminHydrochloride,D000718,D000364,이오메프롤,Iomeprol,[M088268]이오메프롤
[M084703]케토롤락트로메타민,단일,-,해열.진통.소염제,상가적인위장관궤양|출혈의위험,-,KetorolacTromethamine,D000274,D000525,록소프로펜나트륨수화물,LoxoprofenSodiumHydrate,[M222839]록소프로펜나트륨수화물/[M222839]록소프로펜나트륨수화물/[M222839]록소프로펜나트륨수화물/[M222839]록소프로펜나트륨수화물/[M222839]록소프로펜나트륨수화물/[M222839]록소프로펜나트륨수화물/[M222839]록소프로펜나트륨수화물/[M222839]록소프로펜나트륨수화물/[M222839]록소프로펜나트륨수화물/[M222839]록소프로펜나트륨수화물
[M097492]에제티미브/[M089710]심바스타틴,복합,[D000350]Ezetimibe(에제티미브),동맥경화용제,근육병증의위험증가가능,-,Simvastatin,D000027,D000712,리토나비르,Ritonavir,[M281904]니르마트렐비르/[M259362]리토나비르
[M097492]에제티미브/[M089710]심바스타틴/[M097492]에제티미브/[M089710]심바스타틴,복합,[D000350]Ezetimibe(에제티미브),동맥경화용제,근육병증의위험증가가능,-,Simvastatin,D000027,D000712,리토나비르,Ritonavir,[M281904]니르마트렐비르/[M259362]리토나비르
[M089710]심바스타틴/[M097492]에제티미브,복합,[D000350]Ezetimibe(에제티미브),동맥경화용제,근육병증의위험증가가능,-,Simvastatin,D000027,D000712,리토나비르,Ritonavir,[M281904]니르마트렐비르/[M259362]리토나비르
[M252789]실데나필시트르산염,단일,-,기타의비뇨생식기관및항문용약,혈압강하증가,-,SildenafilCitrate,D000246,D000712,리토나비르,Ritonavir,[M281904]니르마트렐비르/[M259362]리토나비르
[M252789]실데나필시트르산염/[M252789]실데나필시트르산염,단일,-,기타의비뇨생식기관및항문용약,혈압강하증가,-,SildenafilCitrate,D000246,D000712,리토나비르,Ritonavir,[M281904]니르마트렐비르/[M259362]리토나비르
[M253237]실데나필,단일,-,기타의비뇨생식기관및항문용약,혈압강하증가,-,Sildenafil,D000246,D000712,리토나비르,Ritonavir,[M281904]니르마트렐비르/[M259362]리토나비르
[M253237]실데나필/[M253237]실데나필,단일,-,기타의비뇨생식기관및항문용약,혈압강하증가,-,Sildenafil,D000246,D000712,리토나비르,Ritonavir,[M281904]니르마트렐비르/[M259362]리토나비르
[M223223]클로미프라민염산염/[M252789]실데나필시트르산염,단일,-,기타의비뇨생식기관및항문용약,혈압강하증가,-,SildenafilCitrate,D000246,D000712,리토나비르,Ritonavir,[M281904]니르마트렐비르/[M259362]리토나비르
[M252789]실데나필시트르산염/[M252789]실데나필시트르산염/[M252789]실데나필시트르산염,단일,-,기타의비뇨생식기관및항문용약,혈압강하증가,-,SildenafilCitrate,D000246,D000712,리토나비르,Ritonavir,[M281904]니르마트렐비르/[M259362]리토나비르
[M223126]에르고타민타르타르산염/[M223183]카페인무수물,복합,[D001266]AnhydrousCaffeine(카페인무수물),해열.진통.소염제,맥각독성(혈관경련|말단및기타조직허혈),-,ErgotamineTartrate,D000747,D000712,리토나비르,Ritonavir,[M281904]니르마트렐비르/[M259362]리토나비르
[M252922]톨밥탄분무건조분말,단일,-,기타의순환계용약,톨밥탄의혈중농도증가,-,TolvaptanSprayDryPowder,D000487,D000712,리토나비르,Ritonavir,[M281904]니르마트렐비르/[M259362]리토나비르
[M245775]이바브라딘염산염,단일,-,기타의순환계용약,이바브라딘의혈중농도증가,-,IvabradineHydrochloride,D000571,D000712,리토나비르,Ritonavir,[M281904]니르마트렐비르/[M259362]리토나비르
[M252585]티카그렐러,단일,-,동맥경화용제,티카그렐러의혈중농도증가,-,Ticagrelor,D000385,D000712,리토나비르,Ritonavir,[M281904]니르마트렐비르/[M259362]리토나비르
[M071691]피모짓,단일,-,정신신경용제,QT연장|심실성빈맥|심실세동및torsadesdepointes등심독성위험증가,-,Pimozide,D000213,D000712,리토나비르,Ritonavir,[M281904]니르마트렐비르/[M259362]리토나비르
[M089710]심바스타틴,단일,-,동맥경화용제,횡문근융해증을비롯한근육질환등중증이상반응,-,Simvastatin,D000027,D000712,리토나비르,Ritonavir,[M281904]니르마트렐비르/[M259362]리토나비르
[M089710]심바스타틴/[M089710]심바스타틴,단일,-,동맥경화용제,횡문근융해증을비롯한근육질환등중증이상반응,-,Simvastatin,D000027,D000712,리토나비르,Ritonavir,[M281904]니르마트렐비르/[M259362]리토나비르
[M257939]라사길린메실산염,단일,-,기타의중추신경용약,고혈압위기|세로토닌증후군발생위험증가,-,RasagilineMesylate,D000698,D000773,트라마돌염산염,TramadolHydrochloride,[M040353]아세트아미노펜/[M040353]아세트아미노펜/[M222893]트라마돌염산염/[M040353]아세트아미노펜/[M040353]아세트아미노펜/[M222893]트라마돌염산염
[M222885]케토롤락트로메타민염,단일,-,해열.진통.소염제,중증의위장관계이상반응,-,KetorolacTromethamine,D000274,D000506,디클로페낙나트륨,DiclofenacSodium,[M050288]디클로페낙나트륨/[M050288]디클로페낙나트륨/[M050288]디클로페낙나트륨/[M050288]디클로페낙나트륨/[M050288]디클로페낙나트륨/[M050288]디클로페낙나트륨/[M050288]디클로페낙나트륨/[M050288]디클로페낙나트륨
[M084703]케토롤락트로메타민,단일,-,해열.진통.소염제,중증의위장관계이상반응,-,KetorolacTromethamine,D000274,D000506,디클로페낙나트륨,DiclofenacSodium,[M050288]디클로페낙나트륨/[M050288]디클로페낙나트륨/[M050288]디클로페낙나트륨/[M050288]디클로페낙나트륨/[M050288]디클로페낙나트륨/[M050288]디클로페낙나트륨/[M050288]디클로페낙나트륨/[M050288]디클로페낙나트륨
[M085529]이오파미돌,단일,-,X선조영제,급성신부전,-,Iopamidol,D000267,D000718,메트포르민염산염,MetforminHydrochloride,[M223014]메트포르민염산염/[M095744]로수바스타틴칼슘
[M085595]말레인산돔페리돈/[M222961]돔페리돈말레산염,단일,-,기타의소화기관용약,QTc연장효과증대로심각한위험(TorsadedePointes|심각한심실성부정맥포함)가능성,-,DomperidoneMaleate,D000297,D000638,벤라팍신염산염서방성과립,VenlafaxineHydrochlorideExtended-ReleaseGranules,[M241640]벤라팍신염산염서방성과립
[M085595]말레인산돔페리돈,단일,-,기타의소화기관용약,QTc연장효과증대로심각한위험(TorsadedePointes|심각한심실성부정맥포함)가능성,-,DomperidoneMaleate,D000297,D000638,벤라팍신염산염서방성과립,VenlafaxineHydrochlorideExtended-ReleaseGranules,[M241640]벤라팍신염산염서방성과립
[M222961]돔페리돈말레산염/[M222961]돔페리돈말레산염/[M222961]돔페리돈말레산염,단일,-,기타의소화기관용약,QTc연장효과증대로심각한위험(TorsadedePointes|심각한심실성부정맥포함)가능성,-,DomperidoneMaleate,D000297,D000638,벤라팍신염산염서방성과립,VenlafaxineHydrochlorideExtended-ReleaseGranules,[M241640]벤라팍신염산염서방성과립
[M083714]염산티자니딘,단일,-,진경제,저혈압에의해졸음|현기증및정신운동능력감소,-,TizanidineHydrochloride,D000187,D000142,시프로플록사신,Ciprofloxacin,[M091139]시프로플록사신/[M091139]시프로플록사신
[M086785]이오비트리돌,단일,-,X선조영제,기능적신부전에의해유산산성증촉진,-,Iobitridol,D000760,D000718,메트포르민염산염,MetforminHydrochloride,[M244179]메트포르민염산염/[M266925]시타글립틴염산염수화물
[M222961]돔페리돈말레산염,단일,-,기타의소화기관용약,QTc연장효과증대로심각한위험(TorsadedePointes|심각한심실성부정맥포함)가능성,-,DomperidoneMaleate,D000297,D000142,시프로플록사신,Ciprofloxacin,[M091139]시프로플록사신/[M091139]시프로플록사신
[M081091]돔페리돈,단일,-,기타의소화기관용약,QTc연장효과증대로심각한위험(TorsadedePointes|심각한심실성부정맥포함)가능성,-,Domperidone,D000297,D000142,시프로플록사신,Ciprofloxacin,[M091139]시프로플록사신/[M091139]시프로플록사신
[M222961]돔페리돈말레산염/[M222961]돔페리돈말레산염,단일,-,기타의소화기관용약,QTc연장효과증대로심각한위험(TorsadedePointes|심각한심실성부정맥포함)가능성,-,DomperidoneMaleate,D000297,D000142,시프로플록사신,Ciprofloxacin,[M091139]시프로플록사신/[M091139]시프로플록사신
[M081091]돔페리돈/[M081091]돔페리돈,단일,-,기타의소화기관용약,QTc연장효과증대로심각한위험(TorsadedePointes|심각한심실성부정맥포함)가능성,-,Domperidone,D000297,D000142,시프로플록사신,Ciprofloxacin,[M091139]시프로플록사신/[M091139]시프로플록사신
[M222961]돔페리돈말레산염/[M222961]돔페리돈말레산염/[M222961]돔페리돈말레산염,단일,-,기타의소화기관용약,QTc연장효과증대로심각한위험(TorsadedePointes|심각한심실성부정맥포함)가능성,-,DomperidoneMaleate,D000297,D000142,시프로플록사신,Ciprofloxacin,[M091139]시프로플록사신/[M091139]시프로플록사신
[M085595]말레인산돔페리돈,단일,-,기타의소화기관용약,QTc연장효과증대로심각한위험(TorsadedePointes|심각한심실성부정맥포함)가능성,-,DomperidoneMaleate,D000297,D000142,시프로플록사신,Ciprofloxacin,[M091139]시프로플록사신/[M091139]시프로플록사신
[M085595]말레인산돔페리돈/[M222961]돔페리돈말레산염,단일,-,기타의소화기관용약,QTc연장효과증대로심각한위험(TorsadedePointes|심각한심실성부정맥포함)가능성,-,DomperidoneMaleate,D000297,D000142,시프로플록사신,Ciprofloxacin,[M091139]시프로플록사신/[M091139]시프로플록사신
[M248019]티자니딘염산염,단일,-,골격근이완제,저혈압에의해졸음|현기증및정신운동능력감소,-,TizanidineHydrochloride,D000187,D000142,시프로플록사신,Ciprofloxacin,[M091139]시프로플록사신/[M091139]시프로플록사신
[M051464]케토프로펜,단일,-,진통.진양.수렴.소염제,경련,-,Ketoprofen,D000672,D000142,시프로플록사신,Ciprofloxacin,[M091139]시프로플록사신/[M091139]시프로플록사신
[M081091]돔페리돈/[M081091]돔페리돈,단일,-,기타의소화기관용약,QTc연장효과증대로심각한위험(TorsadedePointes|심각한심실성부정맥포함)가능성,-,Domperidone,D000297,D000638,벤라팍신염산염서방성과립,VenlafaxineHydrochlorideExtended-ReleaseGranules,[M241640]벤라팍신염산염서방성과립
[M051464]케토프로펜/[M051464]케토프로펜,단일,-,진통.진양.수렴.소염제,경련,-,Ketoprofen,D000672,D000142,시프로플록사신,Ciprofloxacin,[M091139]시프로플록사신/[M091139]시프로플록사신
[M081361]케토프로펜리신,단일,-,해열.진통.소염제,경련,-,KetoprofenLysin,D000672,D000142,시프로플록사신,Ciprofloxacin,[M091139]시프로플록사신/[M091139]시프로플록사신
[M051464]케토프로펜/[M051464]케토프로펜/[M051464]케토프로펜/[M051464]케토프로펜/[M051464]케토프로펜/[M051464]케토프로펜/[M051464]케토프로펜/[M051464]케토프로펜/[M051464]케토프로펜/[M051464]케토프로펜/[M051464]케토프로펜/[M051464]케토프로펜,단일,-,진통.진양.수렴.소염제,경련,-,Ketoprofen,D000672,D000142,시프로플록사신,Ciprofloxacin,[M091139]시프로플록사신/[M091139]시프로플록사신
[M051464]케토프로펜/[M051464]케토프로펜/[M051464]케토프로펜/[M051464]케토프로펜/[M051464]케토프로펜/[M051464]케토프로펜,단일,-,진통.진양.수렴.소염제,경련,-,Ketoprofen,D000672,D000142,시프로플록사신,Ciprofloxacin,[M091139]시프로플록사신/[M091139]시프로플록사신
[M051464]케토프로펜/[M051464]케토프로펜/[M051464]케토프로펜,단일,-,진통.진양.수렴.소염제,경련,-,Ketoprofen,D000672,D000142,시프로플록사신,Ciprofloxacin,[M091139]시프로플록사신/[M091139]시프로플록사신
[M051464]케토프로펜/[M051464]케토프로펜/[M051464]케토프로펜/[M051464]케토프로펜/[M051464]케토프로펜/[M051464]케토프로펜/[M051464]케토프로펜/[M051464]케토프로펜,단일,-,진통.진양.수렴.소염제,경련,-,Ketoprofen,D000672,D000142,시프로플록사신,Ciprofloxacin,[M091139]시프로플록사신/[M091139]시프로플록사신
[M051464]케토프로펜/[M051464]케토프로펜/[M051464]케토프로펜/[M051464]케토프로펜,단일,-,진통.진양.수렴.소염제,경련,-,Ketoprofen,D000672,D000142,시프로플록사신,Ciprofloxacin,[M091139]시프로플록사신/[M091139]시프로플록사신
[M222961]돔페리돈말레산염,단일,-,기타의소화기관용약,QTc연장효과증대로심각한위험(TorsadedePointes|심각한심실성부정맥포함)가능성,-,DomperidoneMaleate,D000297,D000638,벤라팍신염산염서방성과립,VenlafaxineHydrochlorideExtended-ReleaseGranules,[M241640]벤라팍신염산염서방성과립
[M081091]돔페리돈,단일,-,기타의소화기관용약,QTc연장효과증대로심각한위험(TorsadedePointes|심각한심실성부정맥포함)가능성,-,Domperidone,D000297,D000638,벤라팍신염산염서방성과립,VenlafaxineHydrochlorideExtended-ReleaseGranules,[M241640]벤라팍신염산염서방성과립
[M222961]돔페리돈말레산염/[M222961]돔페리돈말레산염,단일,-,기타의소화기관용약,QTc연장효과증대로심각한위험(TorsadedePointes|심각한심실성부정맥포함)가능성,-,DomperidoneMaleate,D000297,D000638,벤라팍신염산염서방성과립,VenlafaxineHydrochlorideExtended-ReleaseGranules,[M241640]벤라팍신염산염서방성과립
[M244179]메트포르민염산염/[M251915]시타글립틴인산염수화물/[M258339]다파글리플로진프로판디올수화물,복합,[D000244]Sitagliptin(시타글립틴),당뇨병용제,기능적신부전에의해유산산성증촉진,48시간이내병용금기,MetforminHydrochloride,D000718,D000364,이오메프롤,Iomeprol,[M088268]이오메프롤
[M266925]시타글립틴염산염수화물/[M244179]메트포르민염산염,복합,[D000244]Sitagliptin(시타글립틴),당뇨병용제,기능적신부전에의해유산산성증촉진,48시간이내병용금기,MetforminHydrochloride,D000718,D000364,이오메프롤,Iomeprol,[M088268]이오메프롤
[M071691]피모짓,단일,-,정신신경용제,QT연장및심실성부정맥유발가능,-,Pimozide,D000213,D000395,다루나비르에탄올레이트,DarunavirEthanolate,[M258751]다루나비르에탄올레이트/[M115484]코비시스타트이산화규소
[M095435]타다라필/[M095435]타다라필,단일,-,기타의비뇨생식기관및항문용약,Guanylatecyclase자극제의혈압강하작용증가,-,Tadalafil,D000181,D001073,리오시구앗(미분화),RiociguatMicronized,[M259695]리오시구앗(미분화)
[M222885]케토롤락트로메타민염,단일,-,해열.진통.소염제,중증의위장관계이상반응,-,KetorolacTromethamine,D000274,D000363,이부프로펜나트륨이수화물,IbuprofenSodiumDihydrate,[M040353]아세트아미노펜/[M246943]이부프로펜나트륨이수화물
[M084703]케토롤락트로메타민,단일,-,해열.진통.소염제,중증의위장관계이상반응,-,KetorolacTromethamine,D000274,D000363,이부프로펜나트륨이수화물,IbuprofenSodiumDihydrate,[M040353]아세트아미노펜/[M246943]이부프로펜나트륨이수화물
[M085595]말레인산돔페리돈,단일,-,기타의소화기관용약,QTc연장효과증대로심각한위험(TorsadedePointes|심각한심실성부정맥포함)가능성,-,DomperidoneMaleate,D000297,D000113,할로페리돌데카노에이트,HaloperidolDecanoate,[M089302]할로페리돌데카노에이트
[M085595]말레인산돔페리돈/[M222961]돔페리돈말레산염,단일,-,기타의소화기관용약,QTc연장효과증대로심각한위험(TorsadedePointes|심각한심실성부정맥포함)가능성,-,DomperidoneMaleate,D000297,D000113,할로페리돌데카노에이트,HaloperidolDecanoate,[M089302]할로페리돌데카노에이트
[M223162]옥시메타졸린염산염/[M223211]클로르페니라민말레산염/[M256386]글리시리진산이칼륨,단일,-,이비과용제,고혈압초래가능혈관수축작용으로혈압상승가능,-,OxymetazolineHydrochloride,D001091,D000809,아미트리프틸린염산염,AmitriptylineHydrochloride,[M223101]아미트리프틸린염산염
[M223162]옥시메타졸린염산염/[M223211]클로르페니라민말레산염,단일,-,이비과용제,고혈압초래가능혈관수축작용으로혈압상승가능,-,OxymetazolineHydrochloride,D001091,D000809,아미트리프틸린염산염,AmitriptylineHydrochloride,[M223101]아미트리프틸린염산염
[M223162]옥시메타졸린염산염,단일,-,이비과용제,고혈압초래가능혈관수축작용으로혈압상승가능,-,OxymetazolineHydrochloride,D001091,D000809,아미트리프틸린염산염,AmitriptylineHydrochloride,[M223101]아미트리프틸린염산염
[M223162]옥시메타졸린염산염/[M223162]옥시메타졸린염산염/[M223162]옥시메타졸린염산염/[M223162]옥시메타졸린염산염,단일,-,이비과용제,고혈압초래가능혈관수축작용으로혈압상승가능,-,OxymetazolineHydrochloride,D001091,D000809,아미트리프틸린염산염,AmitriptylineHydrochloride,[M223101]아미트리프틸린염산염
[M223162]옥시메타졸린염산염/[M223211]클로르페니라민말레산염/[M256386]글리시리진산이칼륨/[M279321]염화세틸피리디늄,단일,-,이비과용제,고혈압초래가능혈관수축작용으로혈압상승가능,-,OxymetazolineHydrochloride,D001091,D000809,아미트리프틸린염산염,AmitriptylineHydrochloride,[M223101]아미트리프틸린염산염
[M223162]옥시메타졸린염산염/[M223162]옥시메타졸린염산염/[M223162]옥시메타졸린염산염/[M223162]옥시메타졸린염산염/[M223162]옥시메타졸린염산염,단일,-,이비과용제,고혈압초래가능혈관수축작용으로혈압상승가능,-,OxymetazolineHydrochloride,D001091,D000809,아미트리프틸린염산염,AmitriptylineHydrochloride,[M223101]아미트리프틸린염산염
[M223162]옥시메타졸린염산염/[M223162]옥시메타졸린염산염,단일,-,이비과용제,고혈압초래가능혈관수축작용으로혈압상승가능,-,OxymetazolineHydrochloride,D001091,D000809,아미트리프틸린염산염,AmitriptylineHydrochloride,[M223101]아미트리프틸린염산염
[M071691]피모짓,단일,-,정신신경용제,QT연장,-,Pimozide,D000213,D000809,아미트리프틸린염산염,AmitriptylineHydrochloride,[M223101]아미트리프틸린염산염
[M222885]케토롤락트로메타민염,단일,-,해열.진통.소염제,중증의위장관계이상반응,-,KetorolacTromethamine,D000274,D000506,디클로페낙디에틸아민염,DiclofenacDiethylamine,[M255472]디클로페낙디에틸아민염
[M084703]케토롤락트로메타민,단일,-,해열.진통.소염제,중증의위장관계이상반응,-,KetorolacTromethamine,D000274,D000506,디클로페낙디에틸아민염,DiclofenacDiethylamine,[M255472]디클로페낙디에틸아민염
[M085529]이오파미돌,단일,-,X선조영제,급성신부전,-,Iopamidol,D000267,D000718,메트포르민염산염,MetforminHydrochloride,[M223014]메트포르민염산염/[M222831]글리클라지드
[M085529]이오파미돌/[M085529]이오파미돌,단일,-,X선조영제,급성신부전,-,Iopamidol,D000267,D000718,메트포르민염산염,MetforminHydrochloride,[M223014]메트포르민염산염/[M222831]글리클라지드
[M222885]케토롤락트로메타민염,단일,-,해열.진통.소염제,중증의위장관계이상반응,-,KetorolacTromethamine,D000274,D000575,인도메타신,Indometacin,[M040508]인도메타신
[M084703]케토롤락트로메타민,단일,-,해열.진통.소염제,중증의위장관계이상반응,-,KetorolacTromethamine,D000274,D000575,인도메타신,Indometacin,[M040508]인도메타신
[M253921]릴피비린염산염,단일,-,기타의화학요법제,위장pH의증가로릴피비린의흡수가저하되어릴피비린의치료효과감소,-,RilpivirineHydrochloride,D000225,D000153,에스오메프라졸마그네슘이수화물,EsomeprazoleMagnesiumDihydrate,[M092321]에스오메프라졸마그네슘삼수화물/[M259375]에스오메프라졸마그네슘이수화물
[M020042]리팜피신,단일,-,주로항산성균에작용하는것,nifedipine의혈장농도저하,-,Rifampicin,D000314,D000197,니페디핀(미분화),NifedipineMicronized,[M260164]니페디핀(미분화)
[M020042]리팜피신/[M223170]이소니아지드/[M040746]피라진아미드/[M223143]에탐부톨염산염,단일,-,주로항산성균에작용하는것,nifedipine의혈장농도저하,-,Rifampicin,D000314,D000197,니페디핀(미분화),NifedipineMicronized,[M260164]니페디핀(미분화)
[M020042]리팜피신/[M020042]리팜피신,단일,-,주로항산성균에작용하는것,nifedipine의혈장농도저하,-,Rifampicin,D000314,D000197,니페디핀(미분화),NifedipineMicronized,[M260164]니페디핀(미분화)
[M020042]리팜피신/[M020042]리팜피신/[M020042]리팜피신/[M020042]리팜피신/[M020042]리팜피신,단일,-,주로항산성균에작용하는것,nifedipine의혈장농도저하,-,Rifampicin,D000314,D000197,니페디핀(미분화),NifedipineMicronized,[M260164]니페디핀(미분화)
[M222961]돔페리돈말레산염/[M222961]돔페리돈말레산염/[M222961]돔페리돈말레산염,단일,-,기타의소화기관용약,QTc연장효과증대로심각한위험(TorsadedePointes|심각한심실성부정맥포함)가능성,-,DomperidoneMaleate,D000297,D000113,할로페리돌데카노에이트,HaloperidolDecanoate,[M089302]할로페리돌데카노에이트
[M081091]돔페리돈/[M081091]돔페리돈,단일,-,기타의소화기관용약,QTc연장효과증대로심각한위험(TorsadedePointes|심각한심실성부정맥포함)가능성,-,Domperidone,D000297,D000113,할로페리돌데카노에이트,HaloperidolDecanoate,[M089302]할로페리돌데카노에이트
[M222961]돔페리돈말레산염/[M222961]돔페리돈말레산염,단일,-,기타의소화기관용약,QTc연장효과증대로심각한위험(TorsadedePointes|심각한심실성부정맥포함)가능성,-,DomperidoneMaleate,D000297,D000113,할로페리돌데카노에이트,HaloperidolDecanoate,[M089302]할로페리돌데카노에이트
[M084703]케토롤락트로메타민,단일,-,해열.진통.소염제,중증의위장관계이상반응,-,KetorolacTromethamine,D000274,D000363,이부프로펜,Ibuprofen,[M051259]이부프로펜/[M264046]DL-메틸에페드린염산염/[M222957]덱스트로메토르판브롬화수소산염수화물/[M050058]구아이페네신
[M089710]심바스타틴,단일,-,동맥경화용제,근병증/횡문근융해,-,Simvastatin,D000027,D000395,다루나비르에탄올레이트,DarunavirEthanolate,[M258751]다루나비르에탄올레이트/[M115484]코비시스타트이산화규소
[M089710]심바스타틴/[M089710]심바스타틴,단일,-,동맥경화용제,근병증/횡문근융해,-,Simvastatin,D000027,D000395,다루나비르에탄올레이트,DarunavirEthanolate,[M258751]다루나비르에탄올레이트/[M115484]코비시스타트이산화규소
[M222885]케토롤락트로메타민염,단일,-,해열.진통.소염제,중증의위장관계이상반응,-,KetorolacTromethamine,D000274,D000363,이부프로펜,Ibuprofen,[M051259]이부프로펜/[M050448]메타규산알루민산마그네슘
[M084703]케토롤락트로메타민,단일,-,해열.진통.소염제,중증의위장관계이상반응,-,KetorolacTromethamine,D000274,D000363,이부프로펜,Ibuprofen,[M051259]이부프로펜/[M050448]메타규산알루민산마그네슘
[M222885]케토롤락트로메타민염,단일,-,해열.진통.소염제,중증의위장관계이상반응,-,KetorolacTromethamine,D000274,D000363,이부프로펜,Ibuprofen,[M051259]이부프로펜/[M223211]클로르페니라민말레산염/[M203364]슈도에페드린염산염/[M050058]구아이페네신
[M084703]케토롤락트로메타민,단일,-,해열.진통.소염제,중증의위장관계이상반응,-,KetorolacTromethamine,D000274,D000363,이부프로펜,Ibuprofen,[M051259]이부프로펜/[M223211]클로르페니라민말레산염/[M203364]슈도에페드린염산염/[M050058]구아이페네신
[M222885]케토롤락트로메타민염,단일,-,해열.진통.소염제,중증의위장관계이상반응,-,KetorolacTromethamine,D000274,D000363,이부프로펜,Ibuprofen,[M051259]이부프로펜/[M264046]DL-메틸에페드린염산염/[M222957]덱스트로메토르판브롬화수소산염수화물/[M050058]구아이페네신
[M222885]케토롤락트로메타민염,단일,-,해열.진통.소염제,중증의위장관계이상반응,-,KetorolacTromethamine,D000274,D000363,이부프로펜,Ibuprofen,[M051259]이부프로펜/[M223211]클로르페니라민말레산염/[M264046]DL-메틸에페드린염산염/[M203364]슈도에페드린염산염/[M222957]덱스트로메토르판브롬화수소산염수화물/[M050058]구아이페네신
[M081091]돔페리돈,단일,-,기타의소화기관용약,QTc연장효과증대로심각한위험(TorsadedePointes|심각한심실성부정맥포함)가능성,-,Domperidone,D000297,D000113,할로페리돌데카노에이트,HaloperidolDecanoate,[M089302]할로페리돌데카노에이트
[M084703]케토롤락트로메타민,단일,-,해열.진통.소염제,중증의위장관계이상반응,-,KetorolacTromethamine,D000274,D000363,이부프로펜,Ibuprofen,[M051259]이부프로펜/[M223211]클로르페니라민말레산염/[M264046]DL-메틸에페드린염산염/[M203364]슈도에페드린염산염/[M222957]덱스트로메토르판브롬화수소산염수화물/[M050058]구아이페네신
[M222885]케토롤락트로메타민염,단일,-,해열.진통.소염제,중증의위장관계이상반응,-,KetorolacTromethamine,D000274,D000363,이부프로펜,Ibuprofen,[M051259]이부프로펜/[M279284]L-멘톨
[M084703]케토롤락트로메타민,단일,-,해열.진통.소염제,중증의위장관계이상반응,-,KetorolacTromethamine,D000274,D000363,이부프로펜,Ibuprofen,[M051259]이부프로펜/[M279284]L-멘톨
[M222885]케토롤락트로메타민염,단일,-,해열.진통.소염제,중증의위장관계이상반응,-,KetorolacTromethamine,D000274,D000309,피록시캄,Piroxicam,[M071634]피록시캄/[M279284]L-멘톨/[M223240]토코페롤아세테이트
[M084703]케토롤락트로메타민,단일,-,해열.진통.소염제,중증의위장관계이상반응,-,KetorolacTromethamine,D000274,D000309,피록시캄,Piroxicam,[M071634]피록시캄/[M279284]L-멘톨/[M223240]토코페롤아세테이트
[M251166]아고멜라틴,단일,-,정신신경용제,아고멜라틴혈중농도증가,-,Agomelatine,D000735,D000142,시프로플록사신,Ciprofloxacin,[M091139]시프로플록사신/[M091139]시프로플록사신
[M213126]덱스케토프로펜트로메타몰,단일,-,해열.진통.소염제,경련발생,-,DexketoprofenTrometamol,D000696,D000142,시프로플록사신,Ciprofloxacin,[M091139]시프로플록사신/[M091139]시프로플록사신
[M089187]아나스트로졸,단일,-,항악성종양제,anastrozole의약리작용감소,-,Anastrozole,D000144,D000664,결합형에스트로겐4.29%,ConjugatedEstrogens4.29%,[M259850]결합형에스트로겐4.29%/[M253432]바제독시펜아세테이트
[M223358]히드록시진염산염,단일,-,정신신경용제,심부정맥위험증가가능,-,HydroxyzineHydrochloride,D000114,D000113,할로페리돌데카노에이트,HaloperidolDecanoate,[M089302]할로페리돌데카노에이트
[M222961]돔페리돈말레산염,단일,-,기타의소화기관용약,QTc연장효과증대로심각한위험(TorsadedePointes|심각한심실성부정맥포함)가능성,-,DomperidoneMaleate,D000297,D000113,할로페리돌데카노에이트,HaloperidolDecanoate,[M089302]할로페리돌데카노에이트
[M095435]타다라필,단일,-,기타의비뇨생식기관및항문용약,Guanylatecyclase자극제의혈압강하작용증가,-,Tadalafil,D000181,D001073,리오시구앗(미분화),RiociguatMicronized,[M259695]리오시구앗(미분화)
[M095435]타다라필/[M243979]탐스로신염산염,단일,-,기타의비뇨생식기관및항문용약,Guanylatecyclase자극제의혈압강하작용증가,-,Tadalafil,D000181,D001073,리오시구앗(미분화),RiociguatMicronized,[M259695]리오시구앗(미분화)
[M262101]시타글립틴인산염/[M223014]메트포르민염산염,복합,[D000244]Sitagliptin(시타글립틴),당뇨병용제,기능적신부전에의해유산산성증촉진,48시간이내병용금기,MetforminHydrochloride,D000718,D000364,이오메프롤,Iomeprol,[M088268]이오메프롤
[M102602]유데나필,단일,-,기타의비뇨생식기관및항문용약,Guanylatecyclase자극제의혈압강하작용증가,-,Udenafil,D000569,D001073,리오시구앗(미분화),RiociguatMicronized,[M259695]리오시구앗(미분화)
[M223162]옥시메타졸린염산염/[M223211]클로르페니라민말레산염/[M256386]글리시리진산이칼륨/[M279321]염화세틸피리디늄,단일,-,이비과용제,고혈압초래가능혈관수축작용으로혈압상승가능,-,OxymetazolineHydrochloride,D001091,D000277,클로미프라민염산염,ClomipramineHydrochloride,[M223223]클로미프라민염산염
[M223162]옥시메타졸린염산염/[M223162]옥시메타졸린염산염/[M223162]옥시메타졸린염산염/[M223162]옥시메타졸린염산염/[M223162]옥시메타졸린염산염,단일,-,이비과용제,고혈압초래가능혈관수축작용으로혈압상승가능,-,OxymetazolineHydrochloride,D001091,D000277,클로미프라민염산염,ClomipramineHydrochloride,[M223223]클로미프라민염산염
[M223162]옥시메타졸린염산염/[M223162]옥시메타졸린염산염,단일,-,이비과용제,고혈압초래가능혈관수축작용으로혈압상승가능,-,OxymetazolineHydrochloride,D001091,D000277,클로미프라민염산염,ClomipramineHydrochloride,[M223223]클로미프라민염산염
[M246956]수마트립탄숙신산염,단일,-,해열.진통.소염제,세로토닌증후군,-,SumatriptanSuccinate,D000650,D000277,클로미프라민염산염,ClomipramineHydrochloride,[M223223]클로미프라민염산염
[M246956]수마트립탄숙신산염/[M070724]나프록센나트륨,단일,-,해열.진통.소염제,세로토닌증후군,-,SumatriptanSuccinate,D000650,D000277,클로미프라민염산염,ClomipramineHydrochloride,[M223223]클로미프라민염산염
[M258880]아만타딘황산염,단일,-,기타의중추신경용약,항콜린작용증가,-,AmantadineSulfate,D000343,D000584,클로르프로마진염산염,ChlorpromazineHydrochloride,[M223216]클로르프로마진염산염
[M222961]돔페리돈말레산염,단일,-,기타의소화기관용약,QTc연장효과증대로심각한위험(TorsadedePointes|심각한심실성부정맥포함)가능성,-,DomperidoneMaleate,D000297,D000035,에스시탈로프람옥살산염,EscitalopramOxalate,[M234885]에스시탈로프람옥살산염/[M234885]에스시탈로프람옥살산염
[M245186]페북소스타트,단일,-,통풍치료제,아자치오프린의혈중농도증가,-,Febuxostat,D000402,D000250,아자티오프린,Azathioprine,[M223108]아자티오프린
[M085529]이오파미돌,단일,-,X선조영제,급성신부전,-,Iopamidol,D000267,D000718,메트포르민염산염,MetforminHydrochloride,[M223014]메트포르민염산염/[M235069]피오글리타존염산염
[M085529]이오파미돌/[M085529]이오파미돌,단일,-,X선조영제,급성신부전,-,Iopamidol,D000267,D000718,메트포르민염산염,MetforminHydrochloride,[M223014]메트포르민염산염/[M235069]피오글리타존염산염
[M088960]이오헥솔,단일,-,X선조영제,기능적신부전에의해유산산성증촉진,-,Iohexol,D000669,D000718,메트포르민염산염,MetforminHydrochloride,[M223014]메트포르민염산염/[M095744]로수바스타틴칼슘
[M086785]이오비트리돌,단일,-,X선조영제,기능적신부전에의해유산산성증촉진,-,Iobitridol,D000760,D000718,메트포르민염산염,MetforminHydrochloride,[M223014]메트포르민염산염/[M095744]로수바스타틴칼슘
[M088268]이오메프롤,단일,-,X선조영제,기능적신부전에의해유산산성증촉진,-,Iomeprol,D000364,D000718,메트포르민염산염,MetforminHydrochloride,[M223014]메트포르민염산염/[M095744]로수바스타틴칼슘
[M256381]포사코나졸(미분화),단일,-,기타의화학요법제,횡문근융해를비롯한근육병증발생가능성증가,-,PosaconazoleMicronized,D000405,D000455,아토르바스타틴칼슘수화물,AtorvastatinCalciumHydrate,[M215219]아토르바스타틴칼슘삼수화물/[M256664]아토르바스타틴칼슘수화물
[M222885]케토롤락트로메타민염,단일,-,해열.진통.소염제,중증의위장관계이상반응,-,KetorolacTromethamine,D000274,D000705,플루르비프로펜,Flurbiprofen,[M089049]플루르비프로펜/[M089049]플루르비프로펜
[M084703]케토롤락트로메타민,단일,-,해열.진통.소염제,중증의위장관계이상반응,-,KetorolacTromethamine,D000274,D000705,플루르비프로펜,Flurbiprofen,[M089049]플루르비프로펜/[M089049]플루르비프로펜
[M244179]메트포르민염산염/[M244179]메트포르민염산염/[M221584]빌다글립틴,복합,[D000445]Vildagliptin(빌다글립틴),당뇨병용제,기능적신부전에의해유산산성증촉진,48시간이내병용금기,MetforminHydrochloride,D000718,D000364,이오메프롤,Iomeprol,[M088268]이오메프롤
[M223162]옥시메타졸린염산염/[M223162]옥시메타졸린염산염/[M223162]옥시메타졸린염산염/[M223162]옥시메타졸린염산염,단일,-,이비과용제,고혈압초래가능혈관수축작용으로혈압상승가능,-,OxymetazolineHydrochloride,D001091,D000277,클로미프라민염산염,ClomipramineHydrochloride,[M223223]클로미프라민염산염
[M223162]옥시메타졸린염산염,단일,-,이비과용제,고혈압초래가능혈관수축작용으로혈압상승가능,-,OxymetazolineHydrochloride,D001091,D000277,클로미프라민염산염,ClomipramineHydrochloride,[M223223]클로미프라민염산염
[M223162]옥시메타졸린염산염/[M223211]클로르페니라민말레산염,단일,-,이비과용제,고혈압초래가능혈관수축작용으로혈압상승가능,-,OxymetazolineHydrochloride,D001091,D000277,클로미프라민염산염,ClomipramineHydrochloride,[M223223]클로미프라민염산염
[M254091]리바록사반(미세화),단일,-,혈액응고저지제,리바록사반의혈중농도가상승하여출혈위험증가,-,RivaroxabanMicronized,D000527,D000712,리토나비르,Ritonavir,[M281904]니르마트렐비르/[M259362]리토나비르
[M249412]드로네다론염산염,단일,-,부정맥용제,Torsadedepointes위험증가,-,DronedaroneHydrochloride,D000201,D000362,이미프라민염산염,ImipramineHydrochloride,[M223168]이미프라민염산염
[M263856]팔보시클립,단일,-,항악성종양제,팔보시클립의혈장농도증가,-,Palbociclib,D001149,D000712,리토나비르,Ritonavir,[M281904]니르마트렐비르/[M259362]리토나비르
[M222961]돔페리돈말레산염,단일,-,기타의소화기관용약,QTc연장효과증대로심각한위험(TorsadedePointes|심각한심실성부정맥포함)가능성강력한CYP억제제가돔페리돈의대사를감소시켜|돔페리돈의영향(이상반응포함)증대가능성,-,DomperidoneMaleate,D000297,D000712,리토나비르,Ritonavir,[M281904]니르마트렐비르/[M259362]리토나비르
[M081091]돔페리돈,단일,-,기타의소화기관용약,QTc연장효과증대로심각한위험(TorsadedePointes|심각한심실성부정맥포함)가능성강력한CYP억제제가돔페리돈의대사를감소시켜|돔페리돈의영향(이상반응포함)증대가능성,-,Domperidone,D000297,D000712,리토나비르,Ritonavir,[M281904]니르마트렐비르/[M259362]리토나비르
[M222961]돔페리돈말레산염/[M222961]돔페리돈말레산염,단일,-,기타의소화기관용약,QTc연장효과증대로심각한위험(TorsadedePointes|심각한심실성부정맥포함)가능성강력한CYP억제제가돔페리돈의대사를감소시켜|돔페리돈의영향(이상반응포함)증대가능성,-,DomperidoneMaleate,D000297,D000712,리토나비르,Ritonavir,[M281904]니르마트렐비르/[M259362]리토나비르
[M081091]돔페리돈/[M081091]돔페리돈,단일,-,기타의소화기관용약,QTc연장효과증대로심각한위험(TorsadedePointes|심각한심실성부정맥포함)가능성강력한CYP억제제가돔페리돈의대사를감소시켜|돔페리돈의영향(이상반응포함)증대가능성,-,Domperidone,D000297,D000712,리토나비르,Ritonavir,[M281904]니르마트렐비르/[M259362]리토나비르
[M222961]돔페리돈말레산염/[M222961]돔페리돈말레산염/[M222961]돔페리돈말레산염,단일,-,기타의소화기관용약,QTc연장효과증대로심각한위험(TorsadedePointes|심각한심실성부정맥포함)가능성강력한CYP억제제가돔페리돈의대사를감소시켜|돔페리돈의영향(이상반응포함)증대가능성,-,DomperidoneMaleate,D000297,D000712,리토나비르,Ritonavir,[M281904]니르마트렐비르/[M259362]리토나비르
[M085595]말레인산돔페리돈,단일,-,기타의소화기관용약,QTc연장효과증대로심각한위험(TorsadedePointes|심각한심실성부정맥포함)가능성강력한CYP억제제가돔페리돈의대사를감소시켜|돔페리돈의영향(이상반응포함)증대가능성,-,DomperidoneMaleate,D000297,D000712,리토나비르,Ritonavir,[M281904]니르마트렐비르/[M259362]리토나비르
[M085595]말레인산돔페리돈/[M222961]돔페리돈말레산염,단일,-,기타의소화기관용약,QTc연장효과증대로심각한위험(TorsadedePointes|심각한심실성부정맥포함)가능성강력한CYP억제제가돔페리돈의대사를감소시켜|돔페리돈의영향(이상반응포함)증대가능성,-,DomperidoneMaleate,D000297,D000712,리토나비르,Ritonavir,[M281904]니르마트렐비르/[M259362]리토나비르
[M264293]리바록사반(미분화),단일,-,혈액응고저지제,리바록사반의혈중농도가상승하여출혈위험증가,-,RivaroxabanMicronized,D000527,D000712,리토나비르,Ritonavir,[M281904]니르마트렐비르/[M259362]리토나비르
[M230909]실로도신,단일,-,기타의비뇨생식기관및항문용약,실로도신의혈중농도증가,-,Silodosin,D000342,D000712,리토나비르,Ritonavir,[M281904]니르마트렐비르/[M259362]리토나비르
[M223162]옥시메타졸린염산염/[M223211]클로르페니라민말레산염/[M256386]글리시리진산이칼륨,단일,-,이비과용제,고혈압초래가능혈관수축작용으로혈압상승가능,-,OxymetazolineHydrochloride,D001091,D000277,클로미프라민염산염,ClomipramineHydrochloride,[M223223]클로미프라민염산염
[M222760]미다졸람,단일,-,최면진정제,진정작용의연장또는증가|호흡저하,-,Midazolam,D000007,D000712,리토나비르,Ritonavir,[M281904]니르마트렐비르/[M259362]리토나비르
[M223020]메틸에르고메트린말레산염,단일,-,자궁수축제,맥각독성(말초혈관경련|사지와기타조직의허혈|감각이상등)위험증가,-,MethylergometrineMaleate,D000228,D000712,리토나비르,Ritonavir,[M281904]니르마트렐비르/[M259362]리토나비르
[M222982]딜티아젬염산염,단일,-,혈관확장제,-,-,DiltiazemHydrochloride,D000818,D000571,이바브라딘염산염,IvabradineHydrochloride,[M245775]이바브라딘염산염
[M081095]딜티아젬아시딕폴리머콤플렉스,단일,-,혈관확장제,-,-,DiltiazemAcidicPolymerComplex,D000818,D000571,이바브라딘염산염,IvabradineHydrochloride,[M245775]이바브라딘염산염
[M263856]팔보시클립,단일,-,항악성종양제,팔보시클립의혈장농도증가,-,Palbociclib,D001149,D000595,페니토인,Phenytoin,[M051706]페니토인
[M262752]소포스부비르/[M281345]벨파타스비르,단일,-,기타의화학요법제,소포스부비르혈장농도를현저히떨어트려소포스부비르의치료효과를감소시킬수있음,-,Sofosbuvir,D001071,D000595,페니토인,Phenytoin,[M051706]페니토인
[M262752]소포스부비르,단일,-,기타의화학요법제,소포스부비르혈장농도를현저히떨어트려소포스부비르의치료효과를감소시킬수있음,-,Sofosbuvir,D001071,D000595,페니토인,Phenytoin,[M051706]페니토인
[M262752]소포스부비르/[M281345]벨파타스비르/[M282286]복실라프레비르,단일,-,기타의화학요법제,소포스부비르혈장농도를현저히떨어트려소포스부비르의치료효과를감소시킬수있음,-,Sofosbuvir,D001071,D000595,페니토인,Phenytoin,[M051706]페니토인
[M236272]에트라비린,단일,-,기타의화학요법제,에트라비린의혈중농도가감소하여치료효과감소혹은내성발현,-,Etravirine,D000036,D000595,페니토인,Phenytoin,[M051706]페니토인
[M080618]케토코나졸,단일,-,항원충제,midazolam의약리학적효과및작용증가,-,Ketoconazole,D000769,D000007,미다졸람,Midazolam,[M222760]미다졸람
[M080618]케토코나졸/[M080618]케토코나졸,단일,-,항원충제,midazolam의약리학적효과및작용증가,-,Ketoconazole,D000769,D000007,미다졸람,Midazolam,[M222760]미다졸람
[M223036]미노사이클린염산염,단일,-,주로그람양성|음성균|리케치아|비루스에작용하는것,두개내고혈압,-,MinocyclineHydrochloride,D000127,D000488,트레티노인,Tretinoin,[M223129]에리트로마이신/[M051617]트레티노인
[M089710]심바스타틴/[M089710]심바스타틴,단일,-,동맥경화용제,근병증|횡문근융해의위험증가,-,Simvastatin,D000027,D000373,클래리트로마이신제피과립(42%),ClarithromycinCoatedGranules42%,[M256483]클래리트로마이신제피과립(42%)
[M089710]심바스타틴/[M097492]에제티미브,단일,-,동맥경화용제,근병증|횡문근융해의위험증가,-,Simvastatin,D000027,D000373,클래리트로마이신제피과립(42%),ClarithromycinCoatedGranules42%,[M256483]클래리트로마이신제피과립(42%)
[M088960]이오헥솔,단일,-,X선조영제,기능적신부전에의해유산산성증촉진,-,Iohexol,D000669,D000718,메트포르민염산염,MetforminHydrochloride,[M088889]레파글리니드/[M223014]메트포르민염산염
[M086785]이오비트리돌,단일,-,X선조영제,기능적신부전에의해유산산성증촉진,-,Iobitridol,D000760,D000718,메트포르민염산염,MetforminHydrochloride,[M088889]레파글리니드/[M223014]메트포르민염산염
[M088268]이오메프롤,단일,-,X선조영제,기능적신부전에의해유산산성증촉진,-,Iomeprol,D000364,D000718,메트포르민염산염,MetforminHydrochloride,[M088889]레파글리니드/[M223014]메트포르민염산염
[M097492]에제티미브/[M215219]아토르바스타틴칼슘삼수화물,복합,[D000350]Ezetimibe(에제티미브),동맥경화용제,근질환위험증가,-,AtorvastatinCalciumTrihydrate,D000455,D000769,케토코나졸,Ketoconazole,[M080618]케토코나졸/[M080618]케토코나졸
[M251687]아토르바스타틴칼슘/[M097492]에제티미브,복합,[D000350]Ezetimibe(에제티미브),동맥경화용제,근질환위험증가,-,AtorvastatinCalcium,D000455,D000769,케토코나졸,Ketoconazole,[M080618]케토코나졸/[M080618]케토코나졸
[M215219]아토르바스타틴칼슘삼수화물/[M097492]에제티미브,복합,[D000350]Ezetimibe(에제티미브),동맥경화용제,근질환위험증가,-,AtorvastatinCalciumTrihydrate,D000455,D000769,케토코나졸,Ketoconazole,[M080618]케토코나졸/[M080618]케토코나졸
[M256664]아토르바스타틴칼슘수화물/[M097492]에제티미브,복합,[D000350]Ezetimibe(에제티미브),동맥경화용제,근질환위험증가,-,AtorvastatinCalciumHydrate,D000455,D000769,케토코나졸,Ketoconazole,[M080618]케토코나졸/[M080618]케토코나졸
[M215219]아토르바스타틴칼슘삼수화물/[M251853]이르베사르탄,복합,[D000046]Irbesartan(이르베사르탄),기타의순환계용약,근육병증|횡문근융해위험증가가능,-,AtorvastatinCalciumTrihydrate,D000455,D000769,케토코나졸,Ketoconazole,[M080618]케토코나졸/[M080618]케토코나졸
[M244179]메트포르민염산염/[M256664]아토르바스타틴칼슘수화물,복합,[D000718]Metformin(메트포르민),당뇨병용제,근육병증|횡문근융해위험증가가능,-,AtorvastatinCalciumHydrate,D000455,D000769,케토코나졸,Ketoconazole,[M080618]케토코나졸/[M080618]케토코나졸
[M263856]팔보시클립,단일,-,항악성종양제,팔보시클립의혈장농도증가,-,Palbociclib,D001149,D000769,케토코나졸,Ketoconazole,[M080618]케토코나졸/[M080618]케토코나졸
[M097492]에제티미브/[M089710]심바스타틴,단일,-,동맥경화용제,근병증|횡문근융해의위험증가,-,Simvastatin,D000027,D000769,케토코나졸,Ketoconazole,[M080618]케토코나졸/[M080618]케토코나졸
[M089710]심바스타틴,단일,-,동맥경화용제,근병증|횡문근융해의위험증가,-,Simvastatin,D000027,D000769,케토코나졸,Ketoconazole,[M080618]케토코나졸/[M080618]케토코나졸
[M211313]알프라졸람,단일,-,정신신경용제,alprazolam의혈장농도증가|수면및진정작용증강및연장,-,Alprazolam,D000660,D000769,케토코나졸,Ketoconazole,[M080618]케토코나졸/[M080618]케토코나졸
[M253921]릴피비린염산염,단일,-,기타의화학요법제,위장pH의증가로릴피비린의흡수가저하되어릴피비린의치료효과감소,-,RilpivirineHydrochloride,D000225,D000204,라베프라졸나트륨,RabeprazoleSodium,[M089852]라베프라졸나트륨/[M040262]산화마그네슘
[M262752]소포스부비르/[M262910]레디파스비르,복합,[D001071]Sofosbuvir(소포스부비르),기타의화학요법제,로수바스타틴농도를현저하게증가시킬수있으며|이는횡문근융해증을포함하여근육병증의위험증가,-,Ledipasvir,D001072,D000219,로수바스타틴칼슘,RosuvastatinCalcium,[M095744]로수바스타틴칼슘/[M095744]로수바스타틴칼슘
[M089187]아나스트로졸,단일,-,항악성종양제,anastrozole의약리작용감소,-,Anastrozole,D000144,D000664,결합형에스트로겐,ConjugatedEstrogens,[M095201]결합형에스트로겐
[M249412]드로네다론염산염,단일,-,부정맥용제,Torsadedepointes위험증가,-,DronedaroneHydrochloride,D000201,D000466,염산노르트립틸린,NortriptylineHydrochloride,[M050132]염산노르트립틸린
[M257939]라사길린메실산염,단일,-,기타의중추신경용약,고혈압위기|세로토닌증후군발생위험증가,-,RasagilineMesylate,D000698,D000773,트라마돌염산염,TramadolHydrochloride,[M040353]아세트아미노펜/[M222893]트라마돌염산염/[M040353]아세트아미노펜/[M222893]트라마돌염산염/[M040353]아세트아미노펜/[M222893]트라마돌염산염
[M245775]이바브라딘염산염,단일,-,기타의순환계용약,이바브라딘의혈중농도증가,-,IvabradineHydrochloride,D000571,D000256,에리트로마이신스티노프레이트,ErythromycinStinoprate,[M257644]에리트로마이신스티노프레이트
[M223126]에르고타민타르타르산염/[M223183]카페인무수물,복합,[D001266]AnhydrousCaffeine(카페인무수물),해열.진통.소염제,맥각독성(혈관경련|말단및기타조직허혈),-,ErgotamineTartrate,D000747,D000256,에리트로마이신스티노프레이트,ErythromycinStinoprate,[M257644]에리트로마이신스티노프레이트
[M097492]에제티미브/[M089710]심바스타틴,복합,[D000027]Simvastatin(심바스타틴),동맥경화용제,근증/횡문근변성의위험성이증가,분류번호:[06140]|[06150]중경구제와주사제등전신제제에한함,Ezetimibe,D000350,D000256,에리트로마이신스티노프레이트,ErythromycinStinoprate,[M257644]에리트로마이신스티노프레이트
[M097492]에제티미브/[M089710]심바스타틴/[M097492]에제티미브/[M089710]심바스타틴,단일,-,동맥경화용제,근병증|횡문근융해의위험증가,-,Simvastatin,D000027,D000373,클래리트로마이신제피과립(42%),ClarithromycinCoatedGranules42%,[M256483]클래리트로마이신제피과립(42%)
[M089710]심바스타틴,단일,-,동맥경화용제,근병증|횡문근융해의위험증가,-,Simvastatin,D000027,D000373,클래리트로마이신제피과립(42%),ClarithromycinCoatedGranules42%,[M256483]클래리트로마이신제피과립(42%)
[M088250]이소트레티노인,단일,-,비타민A및D제,비타민A과잉증,-,Isotretinoin,D000758,D000488,트레티노인,Tretinoin,[M223129]에리트로마이신/[M051617]트레티노인
[M097492]에제티미브/[M089710]심바스타틴,단일,-,동맥경화용제,근병증|횡문근융해의위험증가,-,Simvastatin,D000027,D000373,클래리트로마이신제피과립(42%),ClarithromycinCoatedGranules42%,[M256483]클래리트로마이신제피과립(42%)
[M051464]케토프로펜/[M051464]케토프로펜,단일,-,진통.진양.수렴.소염제,경련,-,Ketoprofen,D000672,D000142,시프로플록사신염산염수화물,CiprofloxacinHydrochlorideHydrate,[M223091]시프로플록사신염산염수화물/[M223091]시프로플록사신염산염수화물/[M223091]시프로플록사신염산염수화물
[M081361]케토프로펜리신,단일,-,해열.진통.소염제,경련,-,KetoprofenLysin,D000672,D000142,시프로플록사신염산염수화물,CiprofloxacinHydrochlorideHydrate,[M223091]시프로플록사신염산염수화물/[M223091]시프로플록사신염산염수화물/[M223091]시프로플록사신염산염수화물
[M051464]케토프로펜/[M051464]케토프로펜/[M051464]케토프로펜/[M051464]케토프로펜/[M051464]케토프로펜/[M051464]케토프로펜/[M051464]케토프로펜/[M051464]케토프로펜/[M051464]케토프로펜/[M051464]케토프로펜/[M051464]케토프로펜/[M051464]케토프로펜,단일,-,진통.진양.수렴.소염제,경련,-,Ketoprofen,D000672,D000142,시프로플록사신염산염수화물,CiprofloxacinHydrochlorideHydrate,[M223091]시프로플록사신염산염수화물/[M223091]시프로플록사신염산염수화물/[M223091]시프로플록사신염산염수화물
[M051464]케토프로펜/[M051464]케토프로펜/[M051464]케토프로펜/[M051464]케토프로펜/[M051464]케토프로펜/[M051464]케토프로펜,단일,-,진통.진양.수렴.소염제,경련,-,Ketoprofen,D000672,D000142,시프로플록사신염산염수화물,CiprofloxacinHydrochlorideHydrate,[M223091]시프로플록사신염산염수화물/[M223091]시프로플록사신염산염수화물/[M223091]시프로플록사신염산염수화물
[M051464]케토프로펜/[M051464]케토프로펜/[M051464]케토프로펜,단일,-,진통.진양.수렴.소염제,경련,-,Ketoprofen,D000672,D000142,시프로플록사신염산염수화물,CiprofloxacinHydrochlorideHydrate,[M223091]시프로플록사신염산염수화물/[M223091]시프로플록사신염산염수화물/[M223091]시프로플록사신염산염수화물
[M051464]케토프로펜/[M051464]케토프로펜/[M051464]케토프로펜/[M051464]케토프로펜/[M051464]케토프로펜/[M051464]케토프로펜/[M051464]케토프로펜/[M051464]케토프로펜,단일,-,진통.진양.수렴.소염제,경련,-,Ketoprofen,D000672,D000142,시프로플록사신염산염수화물,CiprofloxacinHydrochlorideHydrate,[M223091]시프로플록사신염산염수화물/[M223091]시프로플록사신염산염수화물/[M223091]시프로플록사신염산염수화물
[M051464]케토프로펜/[M051464]케토프로펜/[M051464]케토프로펜/[M051464]케토프로펜,단일,-,진통.진양.수렴.소염제,경련,-,Ketoprofen,D000672,D000142,시프로플록사신염산염수화물,CiprofloxacinHydrochlorideHydrate,[M223091]시프로플록사신염산염수화물/[M223091]시프로플록사신염산염수화물/[M223091]시프로플록사신염산염수화물
[M222875]암로디핀베실산염/[M090403]발사르탄/[M256664]아토르바스타틴칼슘수화물,복합,[D000152]Amlodipine(암로디핀)/[D000011]Valsartan(발사르탄),기타의순환계용약,근육병증|횡문근융해위험증가가능,-,AtorvastatinCalciumHydrate,D000455,D000769,케토코나졸,Ketoconazole,[M080618]케토코나졸/[M080618]케토코나졸
[M222885]케토롤락트로메타민염,단일,-,해열.진통.소염제,중증의위장관계이상반응,-,KetorolacTromethamine,D000274,D000644,설린닥,Sulindac,[M050765]설린닥
[M084703]케토롤락트로메타민,단일,-,해열.진통.소염제,중증의위장관계이상반응,-,KetorolacTromethamine,D000274,D000644,설린닥,Sulindac,[M050765]설린닥
[M252922]톨밥탄분무건조분말,단일,-,기타의순환계용약,톨밥탄의혈중농도증가,-,TolvaptanSprayDryPowder,D000487,D000373,클래리트로마이신제피과립(42%),ClarithromycinCoatedGranules42%,[M256483]클래리트로마이신제피과립(42%)
[M222961]돔페리돈말레산염,단일,-,기타의소화기관용약,QTc연장효과증대로심각한위험(TorsadedePointes|심각한심실성부정맥포함)가능성강력한CYP억제제가돔페리돈의대사를감소시켜|돔페리돈의영향(이상반응포함)증대가능성,-,DomperidoneMaleate,D000297,D000373,클래리트로마이신제피과립(42%),ClarithromycinCoatedGranules42%,[M256483]클래리트로마이신제피과립(42%)
[M081091]돔페리돈,단일,-,기타의소화기관용약,QTc연장효과증대로심각한위험(TorsadedePointes|심각한심실성부정맥포함)가능성강력한CYP억제제가돔페리돈의대사를감소시켜|돔페리돈의영향(이상반응포함)증대가능성,-,Domperidone,D000297,D000373,클래리트로마이신제피과립(42%),ClarithromycinCoatedGranules42%,[M256483]클래리트로마이신제피과립(42%)
[M222961]돔페리돈말레산염/[M222961]돔페리돈말레산염,단일,-,기타의소화기관용약,QTc연장효과증대로심각한위험(TorsadedePointes|심각한심실성부정맥포함)가능성강력한CYP억제제가돔페리돈의대사를감소시켜|돔페리돈의영향(이상반응포함)증대가능성,-,DomperidoneMaleate,D000297,D000373,클래리트로마이신제피과립(42%),ClarithromycinCoatedGranules42%,[M256483]클래리트로마이신제피과립(42%)
[M081091]돔페리돈/[M081091]돔페리돈,단일,-,기타의소화기관용약,QTc연장효과증대로심각한위험(TorsadedePointes|심각한심실성부정맥포함)가능성강력한CYP억제제가돔페리돈의대사를감소시켜|돔페리돈의영향(이상반응포함)증대가능성,-,Domperidone,D000297,D000373,클래리트로마이신제피과립(42%),ClarithromycinCoatedGranules42%,[M256483]클래리트로마이신제피과립(42%)
[M222961]돔페리돈말레산염/[M222961]돔페리돈말레산염/[M222961]돔페리돈말레산염,단일,-,기타의소화기관용약,QTc연장효과증대로심각한위험(TorsadedePointes|심각한심실성부정맥포함)가능성강력한CYP억제제가돔페리돈의대사를감소시켜|돔페리돈의영향(이상반응포함)증대가능성,-,DomperidoneMaleate,D000297,D000373,클래리트로마이신제피과립(42%),ClarithromycinCoatedGranules42%,[M256483]클래리트로마이신제피과립(42%)
[M085595]말레인산돔페리돈,단일,-,기타의소화기관용약,QTc연장효과증대로심각한위험(TorsadedePointes|심각한심실성부정맥포함)가능성강력한CYP억제제가돔페리돈의대사를감소시켜|돔페리돈의영향(이상반응포함)증대가능성,-,DomperidoneMaleate,D000297,D000373,클래리트로마이신제피과립(42%),ClarithromycinCoatedGranules42%,[M256483]클래리트로마이신제피과립(42%)
[M085595]말레인산돔페리돈/[M222961]돔페리돈말레산염,단일,-,기타의소화기관용약,QTc연장효과증대로심각한위험(TorsadedePointes|심각한심실성부정맥포함)가능성강력한CYP억제제가돔페리돈의대사를감소시켜|돔페리돈의영향(이상반응포함)증대가능성,-,DomperidoneMaleate,D000297,D000373,클래리트로마이신제피과립(42%),ClarithromycinCoatedGranules42%,[M256483]클래리트로마이신제피과립(42%)
[M252585]티카그렐러,단일,-,동맥경화용제,티카그렐러의혈중농도증가,-,Ticagrelor,D000385,D000373,클래리트로마이신제피과립(42%),ClarithromycinCoatedGranules42%,[M256483]클래리트로마이신제피과립(42%)
[M230909]실로도신,단일,-,기타의비뇨생식기관및항문용약,실로도신의혈중농도증가,-,Silodosin,D000342,D000373,클래리트로마이신제피과립(42%),ClarithromycinCoatedGranules42%,[M256483]클래리트로마이신제피과립(42%)
[M097492]에제티미브/[M089710]심바스타틴/[M097492]에제티미브/[M089710]심바스타틴,복합,[D000027]Simvastatin(심바스타틴),동맥경화용제,근증/횡문근변성의위험성이증가,분류번호:[06140]|[06150]중경구제와주사제등전신제제에한함,Ezetimibe,D000350,D000256,에리트로마이신스티노프레이트,ErythromycinStinoprate,[M257644]에리트로마이신스티노프레이트
[M089710]심바스타틴/[M097492]에제티미브,복합,[D000027]Simvastatin(심바스타틴),동맥경화용제,근증/횡문근변성의위험성이증가,분류번호:[06140]|[06150]중경구제와주사제등전신제제에한함,Ezetimibe,D000350,D000256,에리트로마이신스티노프레이트,ErythromycinStinoprate,[M257644]에리트로마이신스티노프레이트
[M085529]이오파미돌,단일,-,X선조영제,급성신부전,-,Iopamidol,D000267,D000718,메트포르민염산염,MetforminHydrochloride,[M244179]메트포르민염산염/[M115650]알로글립틴벤조산염
[M085529]이오파미돌/[M085529]이오파미돌,단일,-,X선조영제,급성신부전,-,Iopamidol,D000267,D000718,메트포르민염산염,MetforminHydrochloride,[M244179]메트포르민염산염/[M115650]알로글립틴벤조산염
[M097492]에제티미브/[M222875]암로디핀베실산염/[M215219]아토르바스타틴칼슘삼수화물,복합,[D000152]Amlodipine(암로디핀),기타의순환계용약,근질환위험증가,-,AtorvastatinCalciumTrihydrate,D000455,D000769,케토코나졸,Ketoconazole,[M080618]케토코나졸/[M080618]케토코나졸
[M222875]암로디핀베실산염/[M093499]아토르바스타틴칼슘,복합,[D000152]Amlodipine(암로디핀),기타의순환계용약,근질환위험증가,-,AtorvastatinCalcium,D000455,D000769,케토코나졸,Ketoconazole,[M080618]케토코나졸/[M080618]케토코나졸
[M222875]암로디핀베실산염/[M215219]아토르바스타틴칼슘삼수화물,복합,[D000152]Amlodipine(암로디핀),기타의순환계용약,근질환위험증가,-,AtorvastatinCalciumTrihydrate,D000455,D000769,케토코나졸,Ketoconazole,[M080618]케토코나졸/[M080618]케토코나졸
[M089055]칸데사르탄실렉세틸/[M222875]암로디핀베실산염/[M251687]아토르바스타틴칼슘,복합,[D000152]Amlodipine(암로디핀),기타의순환계용약,근질환위험증가,-,AtorvastatinCalcium,D000455,D000769,케토코나졸,Ketoconazole,[M080618]케토코나졸/[M080618]케토코나졸
[M213543]무수아토르바스타틴칼슘/[M222875]암로디핀베실산염,복합,[D000152]Amlodipine(암로디핀),기타의순환계용약,근질환위험증가,-,AnhydrousAtorvastatinCalcium,D000455,D000769,케토코나졸,Ketoconazole,[M080618]케토코나졸/[M080618]케토코나졸
[M256664]아토르바스타틴칼슘수화물/[M222875]암로디핀베실산염/[M213543]무수아토르바스타틴칼슘/[M222875]암로디핀베실산염,복합,[D000152]Amlodipine(암로디핀),기타의순환계용약,근질환위험증가,-,AnhydrousAtorvastatinCalcium,D000455,D000769,케토코나졸,Ketoconazole,[M080618]케토코나졸/[M080618]케토코나졸
[M215219]아토르바스타틴칼슘삼수화물/[M222875]암로디핀베실산염,복합,[D000152]Amlodipine(암로디핀),기타의순환계용약,근질환위험증가,-,AtorvastatinCalciumTrihydrate,D000455,D000769,케토코나졸,Ketoconazole,[M080618]케토코나졸/[M080618]케토코나졸
[M215219]아토르바스타틴칼슘삼수화물/[M083437]베실산암로디핀,복합,[D000152]Amlodipine(암로디핀),기타의순환계용약,근질환위험증가,-,AtorvastatinCalciumTrihydrate,D000455,D000769,케토코나졸,Ketoconazole,[M080618]케토코나졸/[M080618]케토코나졸
[M215219]아토르바스타틴칼슘삼수화물,단일,-,동맥경화용제,근육병증,-,AtorvastatinCalciumTrihydrate,D000455,D000769,케토코나졸,Ketoconazole,[M080618]케토코나졸/[M080618]케토코나졸
[M256664]아토르바스타틴칼슘수화물,단일,-,동맥경화용제,근육병증,-,AtorvastatinCalciumHydrate,D000455,D000769,케토코나졸,Ketoconazole,[M080618]케토코나졸/[M080618]케토코나졸
[M215219]아토르바스타틴칼슘삼수화물/[M261637]오메가3산에틸에스테르90,단일,-,동맥경화용제,근육병증,-,AtorvastatinCalciumTrihydrate,D000455,D000769,케토코나졸,Ketoconazole,[M080618]케토코나졸/[M080618]케토코나졸
[M093499]아토르바스타틴칼슘,단일,-,동맥경화용제,근육병증,-,AtorvastatinCalcium,D000455,D000769,케토코나졸,Ketoconazole,[M080618]케토코나졸/[M080618]케토코나졸
[M256664]아토르바스타틴칼슘수화물/[M270410]오메가-3-산에틸에스테르90,단일,-,동맥경화용제,근육병증,-,AtorvastatinCalciumHydrate,D000455,D000769,케토코나졸,Ketoconazole,[M080618]케토코나졸/[M080618]케토코나졸
[M256664]아토르바스타틴칼슘수화물/[M256664]아토르바스타틴칼슘수화물,단일,-,동맥경화용제,근육병증,-,AtorvastatinCalciumHydrate,D000455,D000769,케토코나졸,Ketoconazole,[M080618]케토코나졸/[M080618]케토코나졸
[M256664]아토르바스타틴칼슘수화물/[M261637]오메가3산에틸에스테르90,단일,-,동맥경화용제,근육병증,-,AtorvastatinCalciumHydrate,D000455,D000769,케토코나졸,Ketoconazole,[M080618]케토코나졸/[M080618]케토코나졸
[M215219]아토르바스타틴칼슘삼수화물/[M256664]아토르바스타틴칼슘수화물,단일,-,동맥경화용제,근육병증,-,AtorvastatinCalciumTrihydrate,D000455,D000769,케토코나졸,Ketoconazole,[M080618]케토코나졸/[M080618]케토코나졸
[M282749]에제티미브(미분화)/[M215219]아토르바스타틴칼슘삼수화물,단일,-,동맥경화용제,근육병증,-,AtorvastatinCalciumTrihydrate,D000455,D000769,케토코나졸,Ketoconazole,[M080618]케토코나졸/[M080618]케토코나졸
[M222885]케토롤락트로메타민염,단일,-,해열.진통.소염제,중증의위장관계이상반응,-,KetorolacTromethamine,D000274,D000363,이부프로펜,Ibuprofen,[M051259]이부프로펜/[M222957]덱스트로메토르판브롬화수소산염수화물/[M203364]슈도에페드린염산염/[M050058]구아이페네신/[M223062]브롬헥신염산염/[M223211]클로르페니라민말레산염
[M222875]암로디핀베실산염/[M213543]무수아토르바스타틴칼슘,복합,[D000152]Amlodipine(암로디핀),기타의순환계용약,근질환위험증가,-,AnhydrousAtorvastatinCalcium,D000455,D000769,케토코나졸,Ketoconazole,[M080618]케토코나졸/[M080618]케토코나졸
[M256664]아토르바스타틴칼슘수화물/[M222875]암로디핀베실산염,복합,[D000152]Amlodipine(암로디핀),기타의순환계용약,근질환위험증가,-,AtorvastatinCalciumHydrate,D000455,D000769,케토코나졸,Ketoconazole,[M080618]케토코나졸/[M080618]케토코나졸
[M214384]염산미로데나필,단일,-,기타의비뇨생식기관및항문용약,동일계열병용투여금기,-,MirodenafilHydrochloride,D000128,D000181,타다라필,Tadalafil,[M095435]타다라필/[M095435]타다라필
[M253534]미로데나필,단일,-,기타의비뇨생식기관및항문용약,동일계열병용투여금기,-,Mirodenafil,D000128,D000181,타다라필,Tadalafil,[M095435]타다라필/[M095435]타다라필
[M102602]유데나필,단일,-,기타의비뇨생식기관및항문용약,동일계열병용투여금기,-,Udenafil,D000569,D000181,타다라필,Tadalafil,[M095435]타다라필/[M095435]타다라필
[M262752]소포스부비르/[M262910]레디파스비르,복합,[D001071]Sofosbuvir(소포스부비르),기타의화학요법제,로수바스타틴농도를현저하게증가시킬수있으며|이는횡문근융해증을포함하여근육병증의위험증가,-,Ledipasvir,D001072,D000219,로수바스타틴칼슘,RosuvastatinCalcium,[M095744]로수바스타틴칼슘/[M261637]오메가3산에틸에스테르90
[M222885]케토롤락트로메타민염,단일,-,해열.진통.소염제,중증의위장관계이상반응,-,KetorolacTromethamine,D000274,D000363,이부프로펜,Ibuprofen,[M051259]이부프로펜/[M040262]산화마그네슘/[M082487]파마브롬
[M084703]케토롤락트로메타민,단일,-,해열.진통.소염제,중증의위장관계이상반응,-,KetorolacTromethamine,D000274,D000363,이부프로펜,Ibuprofen,[M051259]이부프로펜/[M040262]산화마그네슘/[M082487]파마브롬
[M245775]이바브라딘염산염,단일,-,기타의순환계용약,이바브라딘의혈중농도증가,-,IvabradineHydrochloride,D000571,D000373,클래리트로마이신제피과립(42%),ClarithromycinCoatedGranules42%,[M256483]클래리트로마이신제피과립(42%)
[M251687]아토르바스타틴칼슘/[M222875]암로디핀베실산염,복합,[D000152]Amlodipine(암로디핀),기타의순환계용약,근질환위험증가,-,AtorvastatinCalcium,D000455,D000769,케토코나졸,Ketoconazole,[M080618]케토코나졸/[M080618]케토코나졸
[M223126]에르고타민타르타르산염/[M223183]카페인무수물,복합,[D001266]AnhydrousCaffeine(카페인무수물),해열.진통.소염제,맥각독성(혈관경련|말단및기타조직허혈),-,ErgotamineTartrate,D000747,D000373,클래리트로마이신제피과립(42%),ClarithromycinCoatedGranules42%,[M256483]클래리트로마이신제피과립(42%)
[M085529]이오파미돌,단일,-,X선조영제,급성신부전,-,Iopamidol,D000267,D000718,메트포르민염산염,MetforminHydrochloride,[M088889]레파글리니드/[M223014]메트포르민염산염
[M085529]이오파미돌/[M085529]이오파미돌,단일,-,X선조영제,급성신부전,-,Iopamidol,D000267,D000718,메트포르민염산염,MetforminHydrochloride,[M088889]레파글리니드/[M223014]메트포르민염산염
[M215219]아토르바스타틴칼슘삼수화물/[M222875]암로디핀베실산염/[M282749]에제티미브(미분화),복합,[D000152]Amlodipine(암로디핀),기타의순환계용약,근질환위험증가,-,AtorvastatinCalciumTrihydrate,D000455,D000769,케토코나졸,Ketoconazole,[M080618]케토코나졸/[M080618]케토코나졸
[M282749]에제티미브(미분화)/[M222875]암로디핀베실산염/[M215219]아토르바스타틴칼슘삼수화물,복합,[D000152]Amlodipine(암로디핀),기타의순환계용약,근질환위험증가,-,AtorvastatinCalciumTrihydrate,D000455,D000769,케토코나졸,Ketoconazole,[M080618]케토코나졸/[M080618]케토코나졸
[M051464]케토프로펜,단일,-,진통.진양.수렴.소염제,경련,-,Ketoprofen,D000672,D000142,시프로플록사신염산염수화물,CiprofloxacinHydrochlorideHydrate,[M223091]시프로플록사신염산염수화물/[M223091]시프로플록사신염산염수화물/[M223091]시프로플록사신염산염수화물
[M083714]염산티자니딘,단일,-,진경제,저혈압에의해졸음|현기증및정신운동능력감소,-,TizanidineHydrochloride,D000187,D000142,시프로플록사신염산염수화물,CiprofloxacinHydrochlorideHydrate,[M223091]시프로플록사신염산염수화물/[M223091]시프로플록사신염산염수화물/[M223091]시프로플록사신염산염수화물
[M248019]티자니딘염산염,단일,-,골격근이완제,저혈압에의해졸음|현기증및정신운동능력감소,-,TizanidineHydrochloride,D000187,D000142,시프로플록사신염산염수화물,CiprofloxacinHydrochlorideHydrate,[M223091]시프로플록사신염산염수화물/[M223091]시프로플록사신염산염수화물/[M223091]시프로플록사신염산염수화물
[M252922]톨밥탄분무건조분말,단일,-,기타의순환계용약,톨밥탄의혈중농도증가,-,TolvaptanSprayDryPowder,D000487,D000762,이트라코나졸,Itraconazole,[M270057]이트라코나졸고체분산체/[M083734]이트라코나졸
[M256664]아토르바스타틴칼슘수화물/[M097492]에제티미브,복합,[D000350]Ezetimibe(에제티미브),동맥경화용제,근육병증|횡문근융해증|간효소이상발생위험증가,-,AtorvastatinCalciumHydrate,D000455,D000762,이트라코나졸,Itraconazole,[M270057]이트라코나졸고체분산체/[M083734]이트라코나졸
[M215219]아토르바스타틴칼슘삼수화물/[M222875]암로디핀베실산염/[M282749]에제티미브(미분화),복합,[D000152]Amlodipine(암로디핀),기타의순환계용약,근육병증|횡문근융해증|간효소이상발생위험증가,-,AtorvastatinCalciumTrihydrate,D000455,D000762,이트라코나졸,Itraconazole,[M270057]이트라코나졸고체분산체/[M083734]이트라코나졸
[M282749]에제티미브(미분화)/[M222875]암로디핀베실산염/[M215219]아토르바스타틴칼슘삼수화물,복합,[D000152]Amlodipine(암로디핀),기타의순환계용약,근육병증|횡문근융해증|간효소이상발생위험증가,-,AtorvastatinCalciumTrihydrate,D000455,D000762,이트라코나졸,Itraconazole,[M270057]이트라코나졸고체분산체/[M083734]이트라코나졸
[M093499]아토르바스타틴칼슘/[M222875]암로디핀베실산염,복합,[D000152]Amlodipine(암로디핀),기타의순환계용약,근육병증|횡문근융해증|간효소이상발생위험증가,-,AtorvastatinCalcium,D000455,D000762,이트라코나졸,Itraconazole,[M270057]이트라코나졸고체분산체/[M083734]이트라코나졸
[M256664]아토르바스타틴칼슘수화물/[M222875]암로디핀베실산염,복합,[D000152]Amlodipine(암로디핀),기타의순환계용약,근육병증|횡문근융해증|간효소이상발생위험증가,-,AtorvastatinCalciumHydrate,D000455,D000762,이트라코나졸,Itraconazole,[M270057]이트라코나졸고체분산체/[M083734]이트라코나졸
[M222875]암로디핀베실산염/[M213543]무수아토르바스타틴칼슘,복합,[D000152]Amlodipine(암로디핀),기타의순환계용약,근육병증|횡문근융해증|간효소이상발생위험증가,-,AnhydrousAtorvastatinCalcium,D000455,D000762,이트라코나졸,Itraconazole,[M270057]이트라코나졸고체분산체/[M083734]이트라코나졸
[M222875]암로디핀베실산염/[M090403]발사르탄/[M256664]아토르바스타틴칼슘수화물,복합,[D000152]Amlodipine(암로디핀),기타의순환계용약,근육병증|횡문근융해증|간효소이상발생위험증가,-,AtorvastatinCalciumHydrate,D000455,D000762,이트라코나졸,Itraconazole,[M270057]이트라코나졸고체분산체/[M083734]이트라코나졸
[M097492]에제티미브/[M222875]암로디핀베실산염/[M215219]아토르바스타틴칼슘삼수화물,복합,[D000152]Amlodipine(암로디핀),기타의순환계용약,근육병증|횡문근융해증|간효소이상발생위험증가,-,AtorvastatinCalciumTrihydrate,D000455,D000762,이트라코나졸,Itraconazole,[M270057]이트라코나졸고체분산체/[M083734]이트라코나졸
[M222875]암로디핀베실산염/[M093499]아토르바스타틴칼슘,복합,[D000152]Amlodipine(암로디핀),기타의순환계용약,근육병증|횡문근융해증|간효소이상발생위험증가,-,AtorvastatinCalcium,D000455,D000762,이트라코나졸,Itraconazole,[M270057]이트라코나졸고체분산체/[M083734]이트라코나졸
[M222875]암로디핀베실산염/[M215219]아토르바스타틴칼슘삼수화물,복합,[D000152]Amlodipine(암로디핀),기타의순환계용약,근육병증|횡문근융해증|간효소이상발생위험증가,-,AtorvastatinCalciumTrihydrate,D000455,D000762,이트라코나졸,Itraconazole,[M270057]이트라코나졸고체분산체/[M083734]이트라코나졸
[M089055]칸데사르탄실렉세틸/[M222875]암로디핀베실산염/[M251687]아토르바스타틴칼슘,복합,[D000152]Amlodipine(암로디핀),기타의순환계용약,근육병증|횡문근융해증|간효소이상발생위험증가,-,AtorvastatinCalcium,D000455,D000762,이트라코나졸,Itraconazole,[M270057]이트라코나졸고체분산체/[M083734]이트라코나졸
[M213543]무수아토르바스타틴칼슘/[M222875]암로디핀베실산염,복합,[D000152]Amlodipine(암로디핀),기타의순환계용약,근육병증|횡문근융해증|간효소이상발생위험증가,-,AnhydrousAtorvastatinCalcium,D000455,D000762,이트라코나졸,Itraconazole,[M270057]이트라코나졸고체분산체/[M083734]이트라코나졸
[M256664]아토르바스타틴칼슘수화물/[M222875]암로디핀베실산염/[M213543]무수아토르바스타틴칼슘/[M222875]암로디핀베실산염,복합,[D000152]Amlodipine(암로디핀),기타의순환계용약,근육병증|횡문근융해증|간효소이상발생위험증가,-,AnhydrousAtorvastatinCalcium,D000455,D000762,이트라코나졸,Itraconazole,[M270057]이트라코나졸고체분산체/[M083734]이트라코나졸
[M215219]아토르바스타틴칼슘삼수화물/[M222875]암로디핀베실산염,복합,[D000152]Amlodipine(암로디핀),기타의순환계용약,근육병증|횡문근융해증|간효소이상발생위험증가,-,AtorvastatinCalciumTrihydrate,D000455,D000762,이트라코나졸,Itraconazole,[M270057]이트라코나졸고체분산체/[M083734]이트라코나졸
[M215219]아토르바스타틴칼슘삼수화물/[M083437]베실산암로디핀,복합,[D000152]Amlodipine(암로디핀),기타의순환계용약,근육병증|횡문근융해증|간효소이상발생위험증가,-,AtorvastatinCalciumTrihydrate,D000455,D000762,이트라코나졸,Itraconazole,[M270057]이트라코나졸고체분산체/[M083734]이트라코나졸
[M215219]아토르바스타틴칼슘삼수화물/[M261637]오메가3산에틸에스테르90,복합,[D001688]Omega-3-AcidEthylEsters90(오메가3산에틸에스테르90),동맥경화용제,근육병증|횡문근융해위험증가가능,-,AtorvastatinCalciumTrihydrate,D000455,D000762,이트라코나졸,Itraconazole,[M270057]이트라코나졸고체분산체/[M083734]이트라코나졸
[M256664]아토르바스타틴칼슘수화물/[M270410]오메가-3-산에틸에스테르90,복합,[D001688]Omega-3-AcidEthylEsters90(오메가3산에틸에스테르90),동맥경화용제,근육병증|횡문근융해위험증가가능,-,AtorvastatinCalciumHydrate,D000455,D000762,이트라코나졸,Itraconazole,[M270057]이트라코나졸고체분산체/[M083734]이트라코나졸
[M256664]아토르바스타틴칼슘수화물/[M261637]오메가3산에틸에스테르90,복합,[D001688]Omega-3-AcidEthylEsters90(오메가3산에틸에스테르90),동맥경화용제,근육병증|횡문근융해위험증가가능,-,AtorvastatinCalciumHydrate,D000455,D000762,이트라코나졸,Itraconazole,[M270057]이트라코나졸고체분산체/[M083734]이트라코나졸
[M215219]아토르바스타틴칼슘삼수화물/[M251853]이르베사르탄,복합,[D000046]Irbesartan(이르베사르탄),기타의순환계용약,근육병증|횡문근융해위험증가가능,-,AtorvastatinCalciumTrihydrate,D000455,D000762,이트라코나졸,Itraconazole,[M270057]이트라코나졸고체분산체/[M083734]이트라코나졸
[M263856]팔보시클립,단일,-,항악성종양제,팔보시클립의혈장농도증가,-,Palbociclib,D001149,D000762,이트라코나졸,Itraconazole,[M270057]이트라코나졸고체분산체/[M083734]이트라코나졸
[M264293]리바록사반(미분화),단일,-,혈액응고저지제,리바록사반의혈중농도가상승하여출혈위험증가,-,RivaroxabanMicronized,D000527,D000762,이트라코나졸,Itraconazole,[M270057]이트라코나졸고체분산체/[M083734]이트라코나졸
[M215219]아토르바스타틴칼슘삼수화물/[M097492]에제티미브,복합,[D000350]Ezetimibe(에제티미브),동맥경화용제,근육병증|횡문근융해증|간효소이상발생위험증가,-,AtorvastatinCalciumTrihydrate,D000455,D000762,이트라코나졸,Itraconazole,[M270057]이트라코나졸고체분산체/[M083734]이트라코나졸
[M251687]아토르바스타틴칼슘/[M097492]에제티미브,복합,[D000350]Ezetimibe(에제티미브),동맥경화용제,근육병증|횡문근융해증|간효소이상발생위험증가,-,AtorvastatinCalcium,D000455,D000762,이트라코나졸,Itraconazole,[M270057]이트라코나졸고체분산체/[M083734]이트라코나졸
[M097492]에제티미브/[M215219]아토르바스타틴칼슘삼수화물,복합,[D000350]Ezetimibe(에제티미브),동맥경화용제,근육병증|횡문근융해증|간효소이상발생위험증가,-,AtorvastatinCalciumTrihydrate,D000455,D000762,이트라코나졸,Itraconazole,[M270057]이트라코나졸고체분산체/[M083734]이트라코나졸
[M262752]소포스부비르/[M281345]벨파타스비르,단일,-,기타의화학요법제,소포스부비르혈장농도를현저히떨어트려소포스부비르의치료효과를감소시킬수있음,-,Sofosbuvir,D001071,D000209,포스페니토인나트륨,FosphenytoinSodium,[M235712]포스페니토인나트륨
[M245186]페북소스타트,단일,-,통풍치료제,메르캅토푸린의혈중농도증가,-,Febuxostat,D000402,D000123,메르캅토푸린수화물,MercaptopurineHydrate,[M223006]메르캅토푸린수화물/[M223006]메르캅토푸린수화물
[M222885]케토롤락트로메타민염,단일,-,해열.진통.소염제,중증의위장관계이상반응,-,KetorolacTromethamine,D000274,D000506,디클로페낙디에틸암모늄,DiclofenacDiethylammonium,[M249599]디클로페낙디에틸암모늄/[M256203]디클로페낙디에틸아민
[M084703]케토롤락트로메타민,단일,-,해열.진통.소염제,중증의위장관계이상반응,-,KetorolacTromethamine,D000274,D000506,디클로페낙디에틸암모늄,DiclofenacDiethylammonium,[M249599]디클로페낙디에틸암모늄/[M256203]디클로페낙디에틸아민
[M089710]심바스타틴,단일,-,동맥경화용제,근병증|횡문근융해의위험증가,-,Simvastatin,D000027,D000256,에리트로마이신스티노프레이트,ErythromycinStinoprate,[M257644]에리트로마이신스티노프레이트
[M089710]심바스타틴/[M089710]심바스타틴,단일,-,동맥경화용제,근병증|횡문근융해의위험증가,-,Simvastatin,D000027,D000256,에리트로마이신스티노프레이트,ErythromycinStinoprate,[M257644]에리트로마이신스티노프레이트
[M262752]소포스부비르,단일,-,기타의화학요법제,소포스부비르혈장농도를현저히떨어트려소포스부비르의치료효과를감소시킬수있음,-,Sofosbuvir,D001071,D000209,포스페니토인나트륨,FosphenytoinSodium,[M235712]포스페니토인나트륨
[M083547]발프로산,단일,-,항전간제,간질발작재발,-,ValproicAcid,D000535,D000122,메로페넴·건조탄산나트륨,MeropenemDriedSodiumCarbonate,[M252323]메로페넴·건조탄산나트륨
[M262752]소포스부비르/[M262910]레디파스비르,단일,-,기타의화학요법제,소포스부비르혈장농도를현저히떨어트려소포스부비르의치료효과를감소시킬수있음,-,Sofosbuvir,D001071,D000209,포스페니토인나트륨,FosphenytoinSodium,[M235712]포스페니토인나트륨
[M262752]소포스부비르/[M281345]벨파타스비르/[M282286]복실라프레비르,단일,-,기타의화학요법제,소포스부비르혈장농도를현저히떨어트려소포스부비르의치료효과를감소시킬수있음,-,Sofosbuvir,D001071,D000209,포스페니토인나트륨,FosphenytoinSodium,[M235712]포스페니토인나트륨
[M088960]이오헥솔,단일,-,X선조영제,기능적신부전에의해유산산성증촉진,-,Iohexol,D000669,D000718,메트포르민염산염,MetforminHydrochloride,[M244179]메트포르민염산염/[M115650]알로글립틴벤조산염
[M086785]이오비트리돌,단일,-,X선조영제,기능적신부전에의해유산산성증촉진,-,Iobitridol,D000760,D000718,메트포르민염산염,MetforminHydrochloride,[M244179]메트포르민염산염/[M115650]알로글립틴벤조산염
[M088268]이오메프롤,단일,-,X선조영제,기능적신부전에의해유산산성증촉진,-,Iomeprol,D000364,D000718,메트포르민염산염,MetforminHydrochloride,[M244179]메트포르민염산염/[M115650]알로글립틴벤조산염
[M264048]피마사르탄칼륨삼수화물과립/[M215219]아토르바스타틴칼슘삼수화물,복합,[D000624]Fimasartan(피마사르탄),기타의순환계용약,근육병증|횡문근융해위험증가가능,-,AtorvastatinCalciumTrihydrate,D000455,D000762,이트라코나졸,Itraconazole,[M270057]이트라코나졸고체분산체/[M083734]이트라코나졸
[M070676]발프로산나트륨,단일,-,항전간제,간질발작재발,-,SodiumValproate,D000535,D000122,메로페넴·건조탄산나트륨,MeropenemDriedSodiumCarbonate,[M252323]메로페넴·건조탄산나트륨
[M082087]디발프로엑스나트륨,단일,-,항전간제,간질발작재발,-,DivalproexSodium,D000535,D000122,메로페넴·건조탄산나트륨,MeropenemDriedSodiumCarbonate,[M252323]메로페넴·건조탄산나트륨
[M070676]발프로산나트륨/[M083547]발프로산,단일,-,항전간제,간질발작재발,-,SodiumValproate,D000535,D000122,메로페넴·건조탄산나트륨,MeropenemDriedSodiumCarbonate,[M252323]메로페넴·건조탄산나트륨
[M090172]발프로산마그네슘,단일,-,항전간제,간질발작재발,-,MagnesiumValproate,D000535,D000122,메로페넴·건조탄산나트륨,MeropenemDriedSodiumCarbonate,[M252323]메로페넴·건조탄산나트륨
[M254091]리바록사반(미세화),단일,-,혈액응고저지제,리바록사반의혈중농도가상승하여출혈위험증가,-,RivaroxabanMicronized,D000527,D000762,이트라코나졸,Itraconazole,[M270057]이트라코나졸고체분산체/[M083734]이트라코나졸
[M097492]에제티미브/[M089710]심바스타틴,복합,[D000027]Simvastatin(심바스타틴),동맥경화용제,근증/횡문근변성의위험성이증가,-,Ezetimibe,D000350,D000762,이트라코나졸,Itraconazole,[M270057]이트라코나졸고체분산체/[M083734]이트라코나졸
[M085595]말레인산돔페리돈/[M222961]돔페리돈말레산염,단일,-,기타의소화기관용약,QTc연장효과증대로심각한위험(TorsadedePointes|심각한심실성부정맥포함)가능성,-,DomperidoneMaleate,D000297,D000142,시프로플록사신염산염수화물,CiprofloxacinHydrochlorideHydrate,[M223091]시프로플록사신염산염수화물/[M223091]시프로플록사신염산염수화물/[M223091]시프로플록사신염산염수화물
[M097492]에제티미브/[M089710]심바스타틴/[M097492]에제티미브/[M089710]심바스타틴,복합,[D000027]Simvastatin(심바스타틴),동맥경화용제,근증/횡문근변성의위험성이증가,-,Ezetimibe,D000350,D000762,이트라코나졸,Itraconazole,[M270057]이트라코나졸고체분산체/[M083734]이트라코나졸
[M215219]아토르바스타틴칼슘삼수화물/[M256664]아토르바스타틴칼슘수화물,단일,-,동맥경화용제,근육병증,-,AtorvastatinCalciumTrihydrate,D000455,D000762,이트라코나졸,Itraconazole,[M270057]이트라코나졸고체분산체/[M083734]이트라코나졸
[M252789]실데나필시트르산염,단일,-,기타의비뇨생식기관및항문용약,동일계열병용투여금기,-,SildenafilCitrate,D000246,D000181,타다라필,Tadalafil,[M095435]타다라필/[M095435]타다라필
[M282749]에제티미브(미분화)/[M215219]아토르바스타틴칼슘삼수화물,단일,-,동맥경화용제,근육병증,-,AtorvastatinCalciumTrihydrate,D000455,D000762,이트라코나졸,Itraconazole,[M270057]이트라코나졸고체분산체/[M083734]이트라코나졸
[M252789]실데나필시트르산염/[M252789]실데나필시트르산염,단일,-,기타의비뇨생식기관및항문용약,동일계열병용투여금기,-,SildenafilCitrate,D000246,D000181,타다라필,Tadalafil,[M095435]타다라필/[M095435]타다라필
[M253237]실데나필,단일,-,기타의비뇨생식기관및항문용약,동일계열병용투여금기,-,Sildenafil,D000246,D000181,타다라필,Tadalafil,[M095435]타다라필/[M095435]타다라필
[M253237]실데나필/[M253237]실데나필,단일,-,기타의비뇨생식기관및항문용약,동일계열병용투여금기,-,Sildenafil,D000246,D000181,타다라필,Tadalafil,[M095435]타다라필/[M095435]타다라필
[M223223]클로미프라민염산염/[M252789]실데나필시트르산염,단일,-,기타의비뇨생식기관및항문용약,동일계열병용투여금기,-,SildenafilCitrate,D000246,D000181,타다라필,Tadalafil,[M095435]타다라필/[M095435]타다라필
[M252789]실데나필시트르산염/[M252789]실데나필시트르산염/[M252789]실데나필시트르산염,단일,-,기타의비뇨생식기관및항문용약,동일계열병용투여금기,-,SildenafilCitrate,D000246,D000181,타다라필,Tadalafil,[M095435]타다라필/[M095435]타다라필
[M222961]돔페리돈말레산염,단일,-,기타의소화기관용약,QTc연장효과증대로심각한위험(TorsadedePointes|심각한심실성부정맥포함)가능성,-,DomperidoneMaleate,D000297,D000348,에바스틴구형과립,EbastineSphereGranules,[M088967]에바스틴구형과립/[M256034]수도에페드린염산염과립
[M081091]돔페리돈,단일,-,기타의소화기관용약,QTc연장효과증대로심각한위험(TorsadedePointes|심각한심실성부정맥포함)가능성,-,Domperidone,D000297,D000348,에바스틴구형과립,EbastineSphereGranules,[M088967]에바스틴구형과립/[M256034]수도에페드린염산염과립
[M222961]돔페리돈말레산염/[M222961]돔페리돈말레산염,단일,-,기타의소화기관용약,QTc연장효과증대로심각한위험(TorsadedePointes|심각한심실성부정맥포함)가능성,-,DomperidoneMaleate,D000297,D000348,에바스틴구형과립,EbastineSphereGranules,[M088967]에바스틴구형과립/[M256034]수도에페드린염산염과립
[M081091]돔페리돈/[M081091]돔페리돈,단일,-,기타의소화기관용약,QTc연장효과증대로심각한위험(TorsadedePointes|심각한심실성부정맥포함)가능성,-,Domperidone,D000297,D000348,에바스틴구형과립,EbastineSphereGranules,[M088967]에바스틴구형과립/[M256034]수도에페드린염산염과립
[M222961]돔페리돈말레산염/[M222961]돔페리돈말레산염/[M222961]돔페리돈말레산염,단일,-,기타의소화기관용약,QTc연장효과증대로심각한위험(TorsadedePointes|심각한심실성부정맥포함)가능성,-,DomperidoneMaleate,D000297,D000348,에바스틴구형과립,EbastineSphereGranules,[M088967]에바스틴구형과립/[M256034]수도에페드린염산염과립
[M085595]말레인산돔페리돈,단일,-,기타의소화기관용약,QTc연장효과증대로심각한위험(TorsadedePointes|심각한심실성부정맥포함)가능성,-,DomperidoneMaleate,D000297,D000348,에바스틴구형과립,EbastineSphereGranules,[M088967]에바스틴구형과립/[M256034]수도에페드린염산염과립
[M085595]말레인산돔페리돈/[M222961]돔페리돈말레산염,단일,-,기타의소화기관용약,QTc연장효과증대로심각한위험(TorsadedePointes|심각한심실성부정맥포함)가능성,-,DomperidoneMaleate,D000297,D000348,에바스틴구형과립,EbastineSphereGranules,[M088967]에바스틴구형과립/[M256034]수도에페드린염산염과립
[M253921]릴피비린염산염,단일,-,기타의화학요법제,위장pH의증가로릴피비린의흡수가저하되어릴피비린의치료효과감소,-,RilpivirineHydrochloride,D000225,D000153,에스오메프라졸마그네슘삼수화물,EsomeprazoleMagnesiumTrihydrate,[M092321]에스오메프라졸마그네슘삼수화물/[M040634]침강탄산칼슘
[M222961]돔페리돈말레산염,단일,-,기타의소화기관용약,QTc연장효과증대로심각한위험(TorsadedePointes|심각한심실성부정맥포함)가능성,-,DomperidoneMaleate,D000297,D000142,시프로플록사신염산염수화물,CiprofloxacinHydrochlorideHydrate,[M223091]시프로플록사신염산염수화물/[M223091]시프로플록사신염산염수화물/[M223091]시프로플록사신염산염수화물
[M081091]돔페리돈,단일,-,기타의소화기관용약,QTc연장효과증대로심각한위험(TorsadedePointes|심각한심실성부정맥포함)가능성,-,Domperidone,D000297,D000142,시프로플록사신염산염수화물,CiprofloxacinHydrochlorideHydrate,[M223091]시프로플록사신염산염수화물/[M223091]시프로플록사신염산염수화물/[M223091]시프로플록사신염산염수화물
[M222961]돔페리돈말레산염/[M222961]돔페리돈말레산염,단일,-,기타의소화기관용약,QTc연장효과증대로심각한위험(TorsadedePointes|심각한심실성부정맥포함)가능성,-,DomperidoneMaleate,D000297,D000142,시프로플록사신염산염수화물,CiprofloxacinHydrochlorideHydrate,[M223091]시프로플록사신염산염수화물/[M223091]시프로플록사신염산염수화물/[M223091]시프로플록사신염산염수화물
[M081091]돔페리돈/[M081091]돔페리돈,단일,-,기타의소화기관용약,QTc연장효과증대로심각한위험(TorsadedePointes|심각한심실성부정맥포함)가능성,-,Domperidone,D000297,D000142,시프로플록사신염산염수화물,CiprofloxacinHydrochlorideHydrate,[M223091]시프로플록사신염산염수화물/[M223091]시프로플록사신염산염수화물/[M223091]시프로플록사신염산염수화물
[M222961]돔페리돈말레산염/[M222961]돔페리돈말레산염/[M222961]돔페리돈말레산염,단일,-,기타의소화기관용약,QTc연장효과증대로심각한위험(TorsadedePointes|심각한심실성부정맥포함)가능성,-,DomperidoneMaleate,D000297,D000142,시프로플록사신염산염수화물,CiprofloxacinHydrochlorideHydrate,[M223091]시프로플록사신염산염수화물/[M223091]시프로플록사신염산염수화물/[M223091]시프로플록사신염산염수화물
[M085595]말레인산돔페리돈,단일,-,기타의소화기관용약,QTc연장효과증대로심각한위험(TorsadedePointes|심각한심실성부정맥포함)가능성,-,DomperidoneMaleate,D000297,D000142,시프로플록사신염산염수화물,CiprofloxacinHydrochlorideHydrate,[M223091]시프로플록사신염산염수화물/[M223091]시프로플록사신염산염수화물/[M223091]시프로플록사신염산염수화물
[M256664]아토르바스타틴칼슘수화물/[M256664]아토르바스타틴칼슘수화물,단일,-,동맥경화용제,근육병증,-,AtorvastatinCalciumHydrate,D000455,D000762,이트라코나졸,Itraconazole,[M270057]이트라코나졸고체분산체/[M083734]이트라코나졸
[M095435]타다라필/[M095435]타다라필,단일,-,기타의비뇨생식기관및항문용약,혈압강하작용증가,-,Tadalafil,D000181,D000215,희석된니트로글리세린,DiluteNitroglycerin,[M104103]희석된니트로글리세린
[M089710]심바스타틴/[M097492]에제티미브,복합,[D000027]Simvastatin(심바스타틴),동맥경화용제,근증/횡문근변성의위험성이증가,-,Ezetimibe,D000350,D000762,이트라코나졸,Itraconazole,[M270057]이트라코나졸고체분산체/[M083734]이트라코나졸
[M230909]실로도신,단일,-,기타의비뇨생식기관및항문용약,실로도신의혈중농도증가,-,Silodosin,D000342,D000762,이트라코나졸,Itraconazole,[M270057]이트라코나졸고체분산체/[M083734]이트라코나졸
[M257644]에리트로마이신스티노프레이트,단일,-,주로그람양성|음성균|리케치아|비루스에작용하는것,횡문근융해증/근육병증및이에수반되는급격한신기능악화,-,ErythromycinStinoprate,D000256,D000419,로바스타틴,Lovastatin,[M083392]로바스타틴/[M083392]로바스타틴/[M083392]로바스타틴
[M223130]에리트로마이신스테아르산염,단일,-,주로그람양성균|리케치아|비루스에작용하는것,횡문근융해증/근육병증및이에수반되는급격한신기능악화,-,ErythromycinStearate,D000256,D000419,로바스타틴,Lovastatin,[M083392]로바스타틴/[M083392]로바스타틴/[M083392]로바스타틴
[M256381]포사코나졸(미분화),단일,-,기타의화학요법제,근병증및횡문근융해,-,PosaconazoleMicronized,D000405,D000419,로바스타틴,Lovastatin,[M083392]로바스타틴/[M083392]로바스타틴/[M083392]로바스타틴
[M253921]릴피비린염산염,단일,-,기타의화학요법제,위장pH의증가로릴피비린의흡수가저하되어릴피비린의치료효과감소,-,RilpivirineHydrochloride,D000225,D000204,라베프라졸나트륨,RabeprazoleSodium,[M089852]라베프라졸나트륨/[M089852]라베프라졸나트륨/[M089852]라베프라졸나트륨
[M214384]염산미로데나필,단일,-,기타의비뇨생식기관및항문용약,혈압강하증가,-,MirodenafilHydrochloride,D000128,D000215,희석된니트로글리세린,DiluteNitroglycerin,[M104103]희석된니트로글리세린
[M253534]미로데나필,단일,-,기타의비뇨생식기관및항문용약,혈압강하증가,-,Mirodenafil,D000128,D000215,희석된니트로글리세린,DiluteNitroglycerin,[M104103]희석된니트로글리세린
[M102602]유데나필,단일,-,기타의비뇨생식기관및항문용약,혈압강하작용증가,-,Udenafil,D000569,D000215,희석된니트로글리세린,DiluteNitroglycerin,[M104103]희석된니트로글리세린
[M095435]타다라필,단일,-,기타의비뇨생식기관및항문용약,혈압강하작용증가,-,Tadalafil,D000181,D000215,희석된니트로글리세린,DiluteNitroglycerin,[M104103]희석된니트로글리세린
[M095435]타다라필/[M243979]탐스로신염산염,단일,-,기타의비뇨생식기관및항문용약,혈압강하작용증가,-,Tadalafil,D000181,D000215,희석된니트로글리세린,DiluteNitroglycerin,[M104103]희석된니트로글리세린
[M251687]아토르바스타틴칼슘,단일,-,동맥경화용제,근육병증,-,AtorvastatinCalcium,D000455,D000762,이트라코나졸,Itraconazole,[M270057]이트라코나졸고체분산체/[M083734]이트라코나졸
[M222885]케토롤락트로메타민염,단일,-,해열.진통.소염제,중증의위장관계이상반응,-,KetorolacTromethamine,D000274,D000705,플루르비프로펜,Flurbiprofen,[M089049]플루르비프로펜/[M089049]플루르비프로펜/[M089049]플루르비프로펜/[M089049]플루르비프로펜/[M089049]플루르비프로펜/[M089049]플루르비프로펜
[M084703]케토롤락트로메타민,단일,-,해열.진통.소염제,중증의위장관계이상반응,-,KetorolacTromethamine,D000274,D000705,플루르비프로펜,Flurbiprofen,[M089049]플루르비프로펜/[M089049]플루르비프로펜/[M089049]플루르비프로펜/[M089049]플루르비프로펜/[M089049]플루르비프로펜/[M089049]플루르비프로펜
[M211313]알프라졸람,단일,-,정신신경용제,alprazolam의혈장농도증가|수면및진정작용증강및연장,-,Alprazolam,D000660,D000762,이트라코나졸,Itraconazole,[M270057]이트라코나졸고체분산체/[M083734]이트라코나졸
[M215219]아토르바스타틴칼슘삼수화물,단일,-,동맥경화용제,근육병증,-,AtorvastatinCalciumTrihydrate,D000455,D000762,이트라코나졸,Itraconazole,[M270057]이트라코나졸고체분산체/[M083734]이트라코나졸
[M256664]아토르바스타틴칼슘수화물,단일,-,동맥경화용제,근육병증,-,AtorvastatinCalciumHydrate,D000455,D000762,이트라코나졸,Itraconazole,[M270057]이트라코나졸고체분산체/[M083734]이트라코나졸
[M084703]케토롤락트로메타민,단일,-,해열.진통.소염제,중증의위장관계이상반응,-,KetorolacTromethamine,D000274,D000363,이부프로펜,Ibuprofen,[M051259]이부프로펜/[M222957]덱스트로메토르판브롬화수소산염수화물/[M203364]슈도에페드린염산염/[M050058]구아이페네신/[M223062]브롬헥신염산염/[M223211]클로르페니라민말레산염
[M088960]이오헥솔,단일,-,X선조영제,기능적신부전에의해유산산성증촉진,-,Iohexol,D000669,D000718,메트포르민염산염,MetforminHydrochloride,[M244179]메트포르민염산염/[M251915]시타글립틴인산염수화물/[M281639]엠파글리플로진L-프롤린
[M086785]이오비트리돌,단일,-,X선조영제,기능적신부전에의해유산산성증촉진,-,Iobitridol,D000760,D000718,메트포르민염산염,MetforminHydrochloride,[M244179]메트포르민염산염/[M251915]시타글립틴인산염수화물/[M281639]엠파글리플로진L-프롤린
[M244179]메트포르민염산염/[M255021]로베글리타존황산염/[M251915]시타글립틴인산염수화물,복합,[D000244]Sitagliptin(시타글립틴),당뇨병용제,기능적신부전에의해유산산성증촉진,48시간이내병용금기,MetforminHydrochloride,D000718,D000760,이오비트리돌,Iobitridol,[M086785]이오비트리돌
[M262752]소포스부비르/[M262910]레디파스비르,복합,[D001071]Sofosbuvir(소포스부비르),기타의화학요법제,레디파스비르및소포스부비르혈장농도를현저히떨어뜨려이약의치료효과를감소시킬수있음,-,Ledipasvir,D001072,D001081,리파부틴,Rifabutin,[M089091]리파부틴
[M222961]돔페리돈말레산염,단일,-,기타의소화기관용약,QTc연장효과증대로심각한위험(TorsadedePointes|심각한심실성부정맥포함)가능성,-,DomperidoneMaleate,D000297,D000793,레보플록사신수화물,LevofloxacinHydrate,[M088567]레보플록사신수화물
[M081091]돔페리돈,단일,-,기타의소화기관용약,QTc연장효과증대로심각한위험(TorsadedePointes|심각한심실성부정맥포함)가능성,-,Domperidone,D000297,D000793,레보플록사신수화물,LevofloxacinHydrate,[M088567]레보플록사신수화물
[M222961]돔페리돈말레산염/[M222961]돔페리돈말레산염,단일,-,기타의소화기관용약,QTc연장효과증대로심각한위험(TorsadedePointes|심각한심실성부정맥포함)가능성,-,DomperidoneMaleate,D000297,D000793,레보플록사신수화물,LevofloxacinHydrate,[M088567]레보플록사신수화물
[M081091]돔페리돈/[M081091]돔페리돈,단일,-,기타의소화기관용약,QTc연장효과증대로심각한위험(TorsadedePointes|심각한심실성부정맥포함)가능성,-,Domperidone,D000297,D000793,레보플록사신수화물,LevofloxacinHydrate,[M088567]레보플록사신수화물
[M222961]돔페리돈말레산염/[M222961]돔페리돈말레산염/[M222961]돔페리돈말레산염,단일,-,기타의소화기관용약,QTc연장효과증대로심각한위험(TorsadedePointes|심각한심실성부정맥포함)가능성,-,DomperidoneMaleate,D000297,D000793,레보플록사신수화물,LevofloxacinHydrate,[M088567]레보플록사신수화물
[M085595]말레인산돔페리돈,단일,-,기타의소화기관용약,QTc연장효과증대로심각한위험(TorsadedePointes|심각한심실성부정맥포함)가능성,-,DomperidoneMaleate,D000297,D000793,레보플록사신수화물,LevofloxacinHydrate,[M088567]레보플록사신수화물
[M085595]말레인산돔페리돈/[M222961]돔페리돈말레산염,단일,-,기타의소화기관용약,QTc연장효과증대로심각한위험(TorsadedePointes|심각한심실성부정맥포함)가능성,-,DomperidoneMaleate,D000297,D000793,레보플록사신수화물,LevofloxacinHydrate,[M088567]레보플록사신수화물
[M222885]케토롤락트로메타민염,단일,-,해열.진통.소염제,중증의위장관계이상반응,-,KetorolacTromethamine,D000274,D000672,케토프로펜,Ketoprofen,[M051464]케토프로펜/[M051464]케토프로펜/[M051464]케토프로펜/[M051464]케토프로펜/[M051464]케토프로펜/[M051464]케토프로펜/[M051464]케토프로펜/[M051464]케토프로펜
[M084703]케토롤락트로메타민,단일,-,해열.진통.소염제,중증의위장관계이상반응,-,KetorolacTromethamine,D000274,D000672,케토프로펜,Ketoprofen,[M051464]케토프로펜/[M051464]케토프로펜/[M051464]케토프로펜/[M051464]케토프로펜/[M051464]케토프로펜/[M051464]케토프로펜/[M051464]케토프로펜/[M051464]케토프로펜
[M222885]케토롤락트로메타민염,단일,-,해열.진통.소염제,출혈및프로트롬빈시간연장,-,KetorolacTromethamine,D000274,D000702,펜톡시필린,Pentoxifylline,[M051736]펜톡시필린/[M051736]펜톡시필린
[M084703]케토롤락트로메타민,단일,-,해열.진통.소염제,출혈및프로트롬빈시간연장,-,KetorolacTromethamine,D000274,D000702,펜톡시필린,Pentoxifylline,[M051736]펜톡시필린/[M051736]펜톡시필린
[M222885]케토롤락트로메타민염,단일,-,해열.진통.소염제,중증의위장관계이상반응,-,KetorolacTromethamine,D000274,D000506,디클로페낙디에칠암모늄,DiclofenacDiethylammonium,[M086205]디클로페낙디에칠암모늄
[M084703]케토롤락트로메타민,단일,-,해열.진통.소염제,중증의위장관계이상반응,-,KetorolacTromethamine,D000274,D000506,디클로페낙디에칠암모늄,DiclofenacDiethylammonium,[M086205]디클로페낙디에칠암모늄
[M085529]이오파미돌,단일,-,X선조영제,급성신부전,-,Iopamidol,D000267,D000718,메트포르민염산염,MetforminHydrochloride,[M223014]메트포르민염산염/[M086024]글리메피리드/[M223014]메트포르민염산염/[M086024]글리메피리드
[M085529]이오파미돌/[M085529]이오파미돌,단일,-,X선조영제,급성신부전,-,Iopamidol,D000267,D000718,메트포르민염산염,MetforminHydrochloride,[M223014]메트포르민염산염/[M086024]글리메피리드/[M223014]메트포르민염산염/[M086024]글리메피리드
[M262101]시타글립틴인산염/[M223014]메트포르민염산염,복합,[D000244]Sitagliptin(시타글립틴),당뇨병용제,기능적신부전에의해유산산성증촉진,48시간이내병용금기,MetforminHydrochloride,D000718,D000760,이오비트리돌,Iobitridol,[M086785]이오비트리돌
[M266925]시타글립틴염산염수화물/[M244179]메트포르민염산염,복합,[D000244]Sitagliptin(시타글립틴),당뇨병용제,기능적신부전에의해유산산성증촉진,48시간이내병용금기,MetforminHydrochloride,D000718,D000760,이오비트리돌,Iobitridol,[M086785]이오비트리돌
[M244179]메트포르민염산염/[M258339]다파글리플로진프로판디올수화물/[M266925]시타글립틴염산염수화물,복합,[D000244]Sitagliptin(시타글립틴),당뇨병용제,기능적신부전에의해유산산성증촉진,48시간이내병용금기,MetforminHydrochloride,D000718,D000760,이오비트리돌,Iobitridol,[M086785]이오비트리돌
[M266925]시타글립틴염산염수화물/[M266682]메트포르민염산염콜로이드성이산화규소,복합,[D000244]Sitagliptin(시타글립틴),당뇨병용제,기능적신부전에의해유산산성증촉진,48시간이내병용금기,MetforminHydrochloridewithColloidalAnhydrousSilica,D000718,D000760,이오비트리돌,Iobitridol,[M086785]이오비트리돌
[M244179]메트포르민염산염/[M251915]시타글립틴인산염수화물/[M258339]다파글리플로진프로판디올수화물,복합,[D000244]Sitagliptin(시타글립틴),당뇨병용제,기능적신부전에의해유산산성증촉진,48시간이내병용금기,MetforminHydrochloride,D000718,D000760,이오비트리돌,Iobitridol,[M086785]이오비트리돌
[M251915]시타글립틴인산염수화물/[M244179]메트포르민염산염,복합,[D000244]Sitagliptin(시타글립틴),당뇨병용제,기능적신부전에의해유산산성증촉진,48시간이내병용금기,MetforminHydrochloride,D000718,D000760,이오비트리돌,Iobitridol,[M086785]이오비트리돌
[M223358]히드록시진염산염,단일,-,정신신경용제,심부정맥위험증가가능,-,HydroxyzineHydrochloride,D000114,D000793,레보플록사신수화물,LevofloxacinHydrate,[M088567]레보플록사신수화물
[M252789]실데나필시트르산염/[M252789]실데나필시트르산염/[M252789]실데나필시트르산염,단일,-,기타의비뇨생식기관및항문용약,혈압강하작용증가,-,SildenafilCitrate,D000246,D000215,희석한니트로글리세린용액,DiluteNitroglycerinSolution,[M214344]희석한니트로글리세린용액
[M223223]클로미프라민염산염/[M252789]실데나필시트르산염,단일,-,기타의비뇨생식기관및항문용약,혈압강하작용증가,-,SildenafilCitrate,D000246,D000215,희석한니트로글리세린용액,DiluteNitroglycerinSolution,[M214344]희석한니트로글리세린용액
[M051464]케토프로펜/[M051464]케토프로펜/[M051464]케토프로펜/[M051464]케토프로펜,단일,-,진통.진양.수렴.소염제,경련,-,Ketoprofen,D000672,D000142,시프로플록사신염산염,CiprofloxacinHydrochloride,[M242850]시프로플록사신염산염/[M040741]플루오시놀론아세토니드
[M084703]케토롤락트로메타민,단일,-,해열.진통.소염제,중증의위장관계이상반응,-,KetorolacTromethamine,D000274,D000575,인도메타신,Indometacin,[M040508]인도메타신/[M230875]l-멘톨/[M223240]토코페롤아세테이트
[M248019]티자니딘염산염,단일,-,골격근이완제,저혈압에의해졸음|현기증및정신운동능력감소,-,TizanidineHydrochloride,D000187,D000142,시프로플록사신염산염,CiprofloxacinHydrochloride,[M242850]시프로플록사신염산염/[M040741]플루오시놀론아세토니드
[M083714]염산티자니딘,단일,-,진경제,저혈압에의해졸음|현기증및정신운동능력감소,-,TizanidineHydrochloride,D000187,D000142,시프로플록사신염산염,CiprofloxacinHydrochloride,[M242850]시프로플록사신염산염/[M040741]플루오시놀론아세토니드
[M051464]케토프로펜,단일,-,진통.진양.수렴.소염제,경련,-,Ketoprofen,D000672,D000142,시프로플록사신염산염,CiprofloxacinHydrochloride,[M242850]시프로플록사신염산염/[M040741]플루오시놀론아세토니드
[M051464]케토프로펜/[M051464]케토프로펜,단일,-,진통.진양.수렴.소염제,경련,-,Ketoprofen,D000672,D000142,시프로플록사신염산염,CiprofloxacinHydrochloride,[M242850]시프로플록사신염산염/[M040741]플루오시놀론아세토니드
[M081361]케토프로펜리신,단일,-,해열.진통.소염제,경련,-,KetoprofenLysin,D000672,D000142,시프로플록사신염산염,CiprofloxacinHydrochloride,[M242850]시프로플록사신염산염/[M040741]플루오시놀론아세토니드
[M051464]케토프로펜/[M051464]케토프로펜/[M051464]케토프로펜/[M051464]케토프로펜/[M051464]케토프로펜/[M051464]케토프로펜/[M051464]케토프로펜/[M051464]케토프로펜/[M051464]케토프로펜/[M051464]케토프로펜/[M051464]케토프로펜/[M051464]케토프로펜,단일,-,진통.진양.수렴.소염제,경련,-,Ketoprofen,D000672,D000142,시프로플록사신염산염,CiprofloxacinHydrochloride,[M242850]시프로플록사신염산염/[M040741]플루오시놀론아세토니드
[M051464]케토프로펜/[M051464]케토프로펜/[M051464]케토프로펜/[M051464]케토프로펜/[M051464]케토프로펜/[M051464]케토프로펜,단일,-,진통.진양.수렴.소염제,경련,-,Ketoprofen,D000672,D000142,시프로플록사신염산염,CiprofloxacinHydrochloride,[M242850]시프로플록사신염산염/[M040741]플루오시놀론아세토니드
[M051464]케토프로펜/[M051464]케토프로펜/[M051464]케토프로펜,단일,-,진통.진양.수렴.소염제,경련,-,Ketoprofen,D000672,D000142,시프로플록사신염산염,CiprofloxacinHydrochloride,[M242850]시프로플록사신염산염/[M040741]플루오시놀론아세토니드
[M051464]케토프로펜/[M051464]케토프로펜/[M051464]케토프로펜/[M051464]케토프로펜/[M051464]케토프로펜/[M051464]케토프로펜/[M051464]케토프로펜/[M051464]케토프로펜,단일,-,진통.진양.수렴.소염제,경련,-,Ketoprofen,D000672,D000142,시프로플록사신염산염,CiprofloxacinHydrochloride,[M242850]시프로플록사신염산염/[M040741]플루오시놀론아세토니드
[M214384]염산미로데나필,단일,-,기타의비뇨생식기관및항문용약,혈압강하증가,-,MirodenafilHydrochloride,D000128,D000215,희석한니트로글리세린용액,DiluteNitroglycerinSolution,[M214344]희석한니트로글리세린용액
[M253237]실데나필/[M253237]실데나필,단일,-,기타의비뇨생식기관및항문용약,혈압강하작용증가,-,Sildenafil,D000246,D000215,희석한니트로글리세린용액,DiluteNitroglycerinSolution,[M214344]희석한니트로글리세린용액
[M253534]미로데나필,단일,-,기타의비뇨생식기관및항문용약,혈압강하증가,-,Mirodenafil,D000128,D000215,희석한니트로글리세린용액,DiluteNitroglycerinSolution,[M214344]희석한니트로글리세린용액
[M102602]유데나필,단일,-,기타의비뇨생식기관및항문용약,혈압강하작용증가,-,Udenafil,D000569,D000215,희석한니트로글리세린용액,DiluteNitroglycerinSolution,[M214344]희석한니트로글리세린용액
[M095435]타다라필,단일,-,기타의비뇨생식기관및항문용약,혈압강하작용증가,-,Tadalafil,D000181,D000215,희석한니트로글리세린용액,DiluteNitroglycerinSolution,[M214344]희석한니트로글리세린용액
[M095435]타다라필/[M095435]타다라필,단일,-,기타의비뇨생식기관및항문용약,혈압강하작용증가,-,Tadalafil,D000181,D000215,희석한니트로글리세린용액,DiluteNitroglycerinSolution,[M214344]희석한니트로글리세린용액
[M095435]타다라필/[M243979]탐스로신염산염,단일,-,기타의비뇨생식기관및항문용약,혈압강하작용증가,-,Tadalafil,D000181,D000215,희석한니트로글리세린용액,DiluteNitroglycerinSolution,[M214344]희석한니트로글리세린용액
[M086785]이오비트리돌,단일,-,X선조영제,기능적신부전에의해유산산성증촉진,-,Iobitridol,D000760,D000718,메트포르민염산염,MetforminHydrochloride,[M223014]메트포르민염산염/[M086024]글리메피리드/[M223014]메트포르민염산염/[M086024]글리메피리드
[M252789]실데나필시트르산염,단일,-,기타의비뇨생식기관및항문용약,혈압강하작용증가,-,SildenafilCitrate,D000246,D000215,희석한니트로글리세린용액,DiluteNitroglycerinSolution,[M214344]희석한니트로글리세린용액
[M252789]실데나필시트르산염/[M252789]실데나필시트르산염,단일,-,기타의비뇨생식기관및항문용약,혈압강하작용증가,-,SildenafilCitrate,D000246,D000215,희석한니트로글리세린용액,DiluteNitroglycerinSolution,[M214344]희석한니트로글리세린용액
[M253237]실데나필,단일,-,기타의비뇨생식기관및항문용약,혈압강하작용증가,-,Sildenafil,D000246,D000215,희석한니트로글리세린용액,DiluteNitroglycerinSolution,[M214344]희석한니트로글리세린용액
[M260057]엠파글리플로진/[M251915]시타글립틴인산염수화물/[M266682]메트포르민염산염콜로이드성이산화규소,복합,[D000244]Sitagliptin(시타글립틴),당뇨병용제,기능적신부전에의해유산산성증촉진,48시간이내병용금기,MetforminHydrochloridewithColloidalAnhydrousSilica,D000718,D000760,이오비트리돌,Iobitridol,[M086785]이오비트리돌
[M084703]케토롤락트로메타민,단일,-,해열.진통.소염제,중증의위장관계이상반응,-,KetorolacTromethamine,D000274,D000575,인도메타신,Indometacin,[M040508]인도메타신/[M279284]L-멘톨
[M249577]나라트립탄염산염,단일,-,해열.진통.소염제,상가적인혈관수축반응|현저한혈압상승,-,NaratriptanHydrochloride,D000287,D000171,졸미트립탄,Zolmitriptan,[M090949]졸미트립탄
[M088487]칼시페디올,단일,-,비타민A및D제,고칼슘혈증,-,Calcifediol,D000175,D000581,칼시트리올,Calcitriol,[M082905]칼시트리올/[M222873]알렌드론산나트륨수화물
[M081303]알파칼시돌,단일,-,비타민A및D제,고칼슘혈증,-,Alfacalcidol,D000151,D000581,칼시트리올,Calcitriol,[M082905]칼시트리올/[M222873]알렌드론산나트륨수화물
[M081303]알파칼시돌/[M081303]알파칼시돌,단일,-,비타민A및D제,고칼슘혈증,-,Alfacalcidol,D000151,D000581,칼시트리올,Calcitriol,[M082905]칼시트리올/[M222873]알렌드론산나트륨수화물
[M222961]돔페리돈말레산염,단일,-,기타의소화기관용약,QTc연장효과증대로심각한위험(TorsadedePointes|심각한심실성부정맥포함)가능성,-,DomperidoneMaleate,D000297,D000173,지프라시돈염산염일수화물,ZiprasidoneHydrochlorideMonohydrate,[M251493]지프라시돈염산염일수화물
[M081091]돔페리돈,단일,-,기타의소화기관용약,QTc연장효과증대로심각한위험(TorsadedePointes|심각한심실성부정맥포함)가능성,-,Domperidone,D000297,D000173,지프라시돈염산염일수화물,ZiprasidoneHydrochlorideMonohydrate,[M251493]지프라시돈염산염일수화물
[M222961]돔페리돈말레산염/[M222961]돔페리돈말레산염,단일,-,기타의소화기관용약,QTc연장효과증대로심각한위험(TorsadedePointes|심각한심실성부정맥포함)가능성,-,DomperidoneMaleate,D000297,D000173,지프라시돈염산염일수화물,ZiprasidoneHydrochlorideMonohydrate,[M251493]지프라시돈염산염일수화물
[M081091]돔페리돈/[M081091]돔페리돈,단일,-,기타의소화기관용약,QTc연장효과증대로심각한위험(TorsadedePointes|심각한심실성부정맥포함)가능성,-,Domperidone,D000297,D000173,지프라시돈염산염일수화물,ZiprasidoneHydrochlorideMonohydrate,[M251493]지프라시돈염산염일수화물
[M222961]돔페리돈말레산염/[M222961]돔페리돈말레산염/[M222961]돔페리돈말레산염,단일,-,기타의소화기관용약,QTc연장효과증대로심각한위험(TorsadedePointes|심각한심실성부정맥포함)가능성,-,DomperidoneMaleate,D000297,D000173,지프라시돈염산염일수화물,ZiprasidoneHydrochlorideMonohydrate,[M251493]지프라시돈염산염일수화물
[M085595]말레인산돔페리돈,단일,-,기타의소화기관용약,QTc연장효과증대로심각한위험(TorsadedePointes|심각한심실성부정맥포함)가능성,-,DomperidoneMaleate,D000297,D000173,지프라시돈염산염일수화물,ZiprasidoneHydrochlorideMonohydrate,[M251493]지프라시돈염산염일수화물
[M085595]말레인산돔페리돈/[M222961]돔페리돈말레산염,단일,-,기타의소화기관용약,QTc연장효과증대로심각한위험(TorsadedePointes|심각한심실성부정맥포함)가능성,-,DomperidoneMaleate,D000297,D000173,지프라시돈염산염일수화물,ZiprasidoneHydrochlorideMonohydrate,[M251493]지프라시돈염산염일수화물
[M088960]이오헥솔,단일,-,X선조영제,기능적신부전에의해유산산성증촉진,-,Iohexol,D000669,D000718,메트포르민염산염,MetforminHydrochloride,[M223014]메트포르민염산염/[M259364]테네리글립틴브롬화수소산염수화물
[M086785]이오비트리돌,단일,-,X선조영제,기능적신부전에의해유산산성증촉진,-,Iobitridol,D000760,D000718,메트포르민염산염,MetforminHydrochloride,[M223014]메트포르민염산염/[M259364]테네리글립틴브롬화수소산염수화물
[M088268]이오메프롤,단일,-,X선조영제,기능적신부전에의해유산산성증촉진,-,Iomeprol,D000364,D000718,메트포르민염산염,MetforminHydrochloride,[M223014]메트포르민염산염/[M259364]테네리글립틴브롬화수소산염수화물
[M222885]케토롤락트로메타민염,단일,-,해열.진통.소염제,중증의위장관계이상반응,-,KetorolacTromethamine,D000274,D000452,아스피린,Aspirin,[M040355]아스피린/[M040133]리보플라빈
[M084703]케토롤락트로메타민,단일,-,해열.진통.소염제,중증의위장관계이상반응,-,KetorolacTromethamine,D000274,D000452,아스피린,Aspirin,[M040355]아스피린/[M040133]리보플라빈
[M222885]케토롤락트로메타민염,단일,-,해열.진통.소염제,중증의위장관계이상반응,-,KetorolacTromethamine,D000274,D000452,아스피린,Aspirin,[M040355]아스피린/[M258994]아스코르브산
[M084703]케토롤락트로메타민,단일,-,해열.진통.소염제,중증의위장관계이상반응,-,KetorolacTromethamine,D000274,D000452,아스피린,Aspirin,[M040355]아스피린/[M258994]아스코르브산
[M081303]알파칼시돌,단일,-,비타민A및D제,고칼슘혈증,-,Alfacalcidol,D000151,D000581,칼시트리올,Calcitriol,[M082905]칼시트리올/[M285965]칼시트리올(수출용)
[M081303]알파칼시돌/[M081303]알파칼시돌,단일,-,비타민A및D제,고칼슘혈증,-,Alfacalcidol,D000151,D000581,칼시트리올,Calcitriol,[M082905]칼시트리올/[M285965]칼시트리올(수출용)
[M095446]파리칼시톨,단일,-,비타민A및D제,고칼슘혈증,-,Paricalcitol,D000188,D000581,칼시트리올,Calcitriol,[M082905]칼시트리올/[M222873]알렌드론산나트륨수화물
[M085529]이오파미돌,단일,-,X선조영제,급성신부전,-,Iopamidol,D000267,D000718,메트포르민염산염,MetforminHydrochloride,[M223014]메트포르민염산염/[M259364]테네리글립틴브롬화수소산염수화물
[M085529]이오파미돌/[M085529]이오파미돌,단일,-,X선조영제,급성신부전,-,Iopamidol,D000267,D000718,메트포르민염산염,MetforminHydrochloride,[M223014]메트포르민염산염/[M259364]테네리글립틴브롬화수소산염수화물
[M223020]메틸에르고메트린말레산염,단일,-,자궁수축제,상가적인혈관수축반응|현저한혈압상승,-,MethylergometrineMaleate,D000228,D000171,졸미트립탄,Zolmitriptan,[M090949]졸미트립탄
[M223126]에르고타민타르타르산염/[M223183]카페인무수물,복합,[D001266]AnhydrousCaffeine(카페인무수물),해열.진통.소염제,약리적상가작용에의해|혈압상승및맥각중독(에르고티즘)(말초혈관수축증가)의위험성을증가,24시간이내병용금기,ErgotamineTartrate,D000747,D000171,졸미트립탄,Zolmitriptan,[M090949]졸미트립탄
[M252241]알모트립탄말산염,단일,-,해열.진통.소염제,상가적인혈관수축반응|혈압상승,-,AlmotriptanMalate,D000745,D000171,졸미트립탄,Zolmitriptan,[M090949]졸미트립탄
[M251915]시타글립틴인산염수화물/[M258339]다파글리플로진프로판디올수화물/[M244179]메트포르민염산염,복합,[D000244]Sitagliptin(시타글립틴),당뇨병용제,기능적신부전에의해유산산성증촉진,48시간이내병용금기,MetforminHydrochloride,D000718,D000760,이오비트리돌,Iobitridol,[M086785]이오비트리돌
[M223014]메트포르민염산염/[M050102]글리벤클라미드,복합,[D000690]Glibenclamide(글리벤클라미드),당뇨병용제,기능적신부전에의해유산산성증촉진,48시간이내병용금기,MetforminHydrochloride,D000718,D000760,이오비트리돌,Iobitridol,[M086785]이오비트리돌
[M201260]염산메트포민/[M050102]글리벤클라미드,복합,[D000690]Glibenclamide(글리벤클라미드),당뇨병용제,기능적신부전에의해유산산성증촉진,48시간이내병용금기,MetforminHydrochloride,D000718,D000760,이오비트리돌,Iobitridol,[M086785]이오비트리돌
[M246956]수마트립탄숙신산염/[M070724]나프록센나트륨,단일,-,해열.진통.소염제,상가적인혈관수축반응|현저한혈압상승,-,SumatriptanSuccinate,D000650,D000171,졸미트립탄,Zolmitriptan,[M090949]졸미트립탄
[M244179]메트포르민염산염/[M244179]메트포르민염산염/[M221584]빌다글립틴,복합,[D000445]Vildagliptin(빌다글립틴),당뇨병용제,기능적신부전에의해유산산성증촉진,48시간이내병용금기,MetforminHydrochloride,D000718,D000760,이오비트리돌,Iobitridol,[M086785]이오비트리돌
[M223014]메트포르민염산염/[M086024]글리메피리드,복합,[D000392]Glimepiride(글리메피리드),당뇨병용제,기능적신부전에의해유산산성증촉진,48시간이내병용금기,MetforminHydrochloride,D000718,D000760,이오비트리돌,Iobitridol,[M086785]이오비트리돌
[M086024]글리메피리드/[M223014]메트포르민염산염,복합,[D000392]Glimepiride(글리메피리드),당뇨병용제,기능적신부전에의해유산산성증촉진,48시간이내병용금기,MetforminHydrochloride,D000718,D000760,이오비트리돌,Iobitridol,[M086785]이오비트리돌
[M086024]글리메피리드/[M244179]메트포르민염산염/[M086024]글리메피리드/[M244179]메트포르민염산염,복합,[D000392]Glimepiride(글리메피리드),당뇨병용제,기능적신부전에의해유산산성증촉진,48시간이내병용금기,MetforminHydrochloride,D000718,D000760,이오비트리돌,Iobitridol,[M086785]이오비트리돌
[M246956]수마트립탄숙신산염,단일,-,해열.진통.소염제,상가적인혈관수축반응|현저한혈압상승,-,SumatriptanSuccinate,D000650,D000171,졸미트립탄,Zolmitriptan,[M090949]졸미트립탄
[M222885]케토롤락트로메타민염,단일,-,해열.진통.소염제,중증의위장관계이상반응,-,KetorolacTromethamine,D000274,D000575,인도메타신,Indometacin,[M040508]인도메타신/[M230875]l-멘톨/[M223240]토코페롤아세테이트
[M222885]케토롤락트로메타민염,단일,-,해열.진통.소염제,중증의위장관계이상반응,-,KetorolacTromethamine,D000274,D000575,인도메타신,Indometacin,[M040508]인도메타신/[M279284]L-멘톨
[M085529]이오파미돌/[M085529]이오파미돌,단일,-,X선조영제,급성신부전,-,Iopamidol,D000267,D000718,메트포르민염산염,MetforminHydrochloride,[M244179]메트포르민염산염/[M267839]다파글리플로진
[M222961]돔페리돈말레산염/[M222961]돔페리돈말레산염,단일,-,기타의소화기관용약,QTc연장효과증대로심각한위험(TorsadedePointes|심각한심실성부정맥포함)가능성,-,DomperidoneMaleate,D000297,D000584,염산클로르프로마진,ChlorpromazineHydrochloride,[M040618]염산클로르프로마진
[M081091]돔페리돈/[M081091]돔페리돈,단일,-,기타의소화기관용약,QTc연장효과증대로심각한위험(TorsadedePointes|심각한심실성부정맥포함)가능성,-,Domperidone,D000297,D000584,염산클로르프로마진,ChlorpromazineHydrochloride,[M040618]염산클로르프로마진
[M222961]돔페리돈말레산염/[M222961]돔페리돈말레산염/[M222961]돔페리돈말레산염,단일,-,기타의소화기관용약,QTc연장효과증대로심각한위험(TorsadedePointes|심각한심실성부정맥포함)가능성,-,DomperidoneMaleate,D000297,D000584,염산클로르프로마진,ChlorpromazineHydrochloride,[M040618]염산클로르프로마진
[M085595]말레인산돔페리돈,단일,-,기타의소화기관용약,QTc연장효과증대로심각한위험(TorsadedePointes|심각한심실성부정맥포함)가능성,-,DomperidoneMaleate,D000297,D000584,염산클로르프로마진,ChlorpromazineHydrochloride,[M040618]염산클로르프로마진
[M085595]말레인산돔페리돈/[M222961]돔페리돈말레산염,단일,-,기타의소화기관용약,QTc연장효과증대로심각한위험(TorsadedePointes|심각한심실성부정맥포함)가능성,-,DomperidoneMaleate,D000297,D000584,염산클로르프로마진,ChlorpromazineHydrochloride,[M040618]염산클로르프로마진
[M085529]이오파미돌,단일,-,X선조영제,급성신부전,-,Iopamidol,D000267,D000718,메트포르민염산염,MetforminHydrochloride,[M244179]메트포르민염산염/[M251915]시타글립틴인산염수화물/[M281639]엠파글리플로진L-프롤린
[M085529]이오파미돌/[M085529]이오파미돌,단일,-,X선조영제,급성신부전,-,Iopamidol,D000267,D000718,메트포르민염산염,MetforminHydrochloride,[M244179]메트포르민염산염/[M251915]시타글립틴인산염수화물/[M281639]엠파글리플로진L-프롤린
[M222875]암로디핀베실산염/[M090403]발사르탄/[M256664]아토르바스타틴칼슘수화물,복합,[D000152]Amlodipine(암로디핀)/[D000011]Valsartan(발사르탄),기타의순환계용약,근육병증|횡문근융해위험증가가능,-,AtorvastatinCalciumHydrate,D000455,D000334,사이클로스포린,Cyclosporine,[M085282]사이클로스포린/[M085282]사이클로스포린
[M215219]아토르바스타틴칼슘삼수화물/[M222875]암로디핀베실산염/[M282749]에제티미브(미분화),복합,[D000152]Amlodipine(암로디핀),기타의순환계용약,근육통|근육약화|근염|때때로횡문근변성을포함한근육독성촉진가능,-,AtorvastatinCalciumTrihydrate,D000455,D000334,사이클로스포린,Cyclosporine,[M085282]사이클로스포린/[M085282]사이클로스포린
[M093499]아토르바스타틴칼슘/[M222875]암로디핀베실산염,복합,[D000152]Amlodipine(암로디핀),기타의순환계용약,근육통|근육약화|근염|때때로횡문근변성을포함한근육독성촉진가능,-,AtorvastatinCalcium,D000455,D000334,사이클로스포린,Cyclosporine,[M085282]사이클로스포린/[M085282]사이클로스포린
[M256664]아토르바스타틴칼슘수화물/[M222875]암로디핀베실산염,복합,[D000152]Amlodipine(암로디핀),기타의순환계용약,근육통|근육약화|근염|때때로횡문근변성을포함한근육독성촉진가능,-,AtorvastatinCalciumHydrate,D000455,D000334,사이클로스포린,Cyclosporine,[M085282]사이클로스포린/[M085282]사이클로스포린
[M222875]암로디핀베실산염/[M213543]무수아토르바스타틴칼슘,복합,[D000152]Amlodipine(암로디핀),기타의순환계용약,근육통|근육약화|근염|때때로횡문근변성을포함한근육독성촉진가능,-,AnhydrousAtorvastatinCalcium,D000455,D000334,사이클로스포린,Cyclosporine,[M085282]사이클로스포린/[M085282]사이클로스포린
[M097492]에제티미브/[M222875]암로디핀베실산염/[M215219]아토르바스타틴칼슘삼수화물,복합,[D000152]Amlodipine(암로디핀),기타의순환계용약,근육통|근육약화|근염|때때로횡문근변성을포함한근육독성촉진가능,-,AtorvastatinCalciumTrihydrate,D000455,D000334,사이클로스포린,Cyclosporine,[M085282]사이클로스포린/[M085282]사이클로스포린
[M222875]암로디핀베실산염/[M093499]아토르바스타틴칼슘,복합,[D000152]Amlodipine(암로디핀),기타의순환계용약,근육통|근육약화|근염|때때로횡문근변성을포함한근육독성촉진가능,-,AtorvastatinCalcium,D000455,D000334,사이클로스포린,Cyclosporine,[M085282]사이클로스포린/[M085282]사이클로스포린
[M222875]암로디핀베실산염/[M215219]아토르바스타틴칼슘삼수화물,복합,[D000152]Amlodipine(암로디핀),기타의순환계용약,근육통|근육약화|근염|때때로횡문근변성을포함한근육독성촉진가능,-,AtorvastatinCalciumTrihydrate,D000455,D000334,사이클로스포린,Cyclosporine,[M085282]사이클로스포린/[M085282]사이클로스포린
[M089055]칸데사르탄실렉세틸/[M222875]암로디핀베실산염/[M251687]아토르바스타틴칼슘,복합,[D000152]Amlodipine(암로디핀),기타의순환계용약,근육통|근육약화|근염|때때로횡문근변성을포함한근육독성촉진가능,-,AtorvastatinCalcium,D000455,D000334,사이클로스포린,Cyclosporine,[M085282]사이클로스포린/[M085282]사이클로스포린
[M213543]무수아토르바스타틴칼슘/[M222875]암로디핀베실산염,복합,[D000152]Amlodipine(암로디핀),기타의순환계용약,근육통|근육약화|근염|때때로횡문근변성을포함한근육독성촉진가능,-,AnhydrousAtorvastatinCalcium,D000455,D000334,사이클로스포린,Cyclosporine,[M085282]사이클로스포린/[M085282]사이클로스포린
[M256664]아토르바스타틴칼슘수화물/[M222875]암로디핀베실산염/[M213543]무수아토르바스타틴칼슘/[M222875]암로디핀베실산염,복합,[D000152]Amlodipine(암로디핀),기타의순환계용약,근육통|근육약화|근염|때때로횡문근변성을포함한근육독성촉진가능,-,AnhydrousAtorvastatinCalcium,D000455,D000334,사이클로스포린,Cyclosporine,[M085282]사이클로스포린/[M085282]사이클로스포린
[M282749]에제티미브(미분화)/[M222875]암로디핀베실산염/[M215219]아토르바스타틴칼슘삼수화물,복합,[D000152]Amlodipine(암로디핀),기타의순환계용약,근육통|근육약화|근염|때때로횡문근변성을포함한근육독성촉진가능,-,AtorvastatinCalciumTrihydrate,D000455,D000334,사이클로스포린,Cyclosporine,[M085282]사이클로스포린/[M085282]사이클로스포린
[M215219]아토르바스타틴칼슘삼수화물/[M222875]암로디핀베실산염,복합,[D000152]Amlodipine(암로디핀),기타의순환계용약,근육통|근육약화|근염|때때로횡문근변성을포함한근육독성촉진가능,-,AtorvastatinCalciumTrihydrate,D000455,D000334,사이클로스포린,Cyclosporine,[M085282]사이클로스포린/[M085282]사이클로스포린
[M215219]아토르바스타틴칼슘삼수화물/[M083437]베실산암로디핀,복합,[D000152]Amlodipine(암로디핀),기타의순환계용약,근육통|근육약화|근염|때때로횡문근변성을포함한근육독성촉진가능,-,AtorvastatinCalciumTrihydrate,D000455,D000334,사이클로스포린,Cyclosporine,[M085282]사이클로스포린/[M085282]사이클로스포린
[M081091]돔페리돈,단일,-,기타의소화기관용약,QTc연장효과증대로심각한위험(TorsadedePointes|심각한심실성부정맥포함)가능성,-,Domperidone,D000297,D000584,염산클로르프로마진,ChlorpromazineHydrochloride,[M040618]염산클로르프로마진
[M222961]돔페리돈말레산염,단일,-,기타의소화기관용약,QTc연장효과증대로심각한위험(TorsadedePointes|심각한심실성부정맥포함)가능성,-,DomperidoneMaleate,D000297,D000584,염산클로르프로마진,ChlorpromazineHydrochloride,[M040618]염산클로르프로마진
[M088268]이오메프롤,단일,-,X선조영제,기능적신부전에의해유산산성증촉진,-,Iomeprol,D000364,D000718,메트포르민염산염,MetforminHydrochloride,[M244179]메트포르민염산염/[M263350]에보글립틴타르타르산염/[M244179]메트포르민염산염
[M222885]케토롤락트로메타민염,단일,-,해열.진통.소염제,중증의위장관계이상반응,-,KetorolacTromethamine,D000274,D000506,디클로페낙나트륨,DiclofenacSodium,[M050288]디클로페낙나트륨/[M050288]디클로페낙나트륨/[M050288]디클로페낙나트륨/[M050288]디클로페낙나트륨/[M050288]디클로페낙나트륨/[M050288]디클로페낙나트륨
[M262752]소포스부비르/[M262910]레디파스비르,복합,[D001071]Sofosbuvir(소포스부비르),기타의화학요법제,로수바스타틴농도를현저하게증가시킬수있으며|이는횡문근융해증을포함하여근육병증의위험증가,-,Ledipasvir,D001072,D000219,로수바스타틴칼슘,RosuvastatinCalcium,[M280028]오메가3산에틸에스테르90/[M095744]로수바스타틴칼슘
[M223162]옥시메타졸린염산염/[M223211]클로르페니라민말레산염/[M256386]글리시리진산이칼륨,단일,-,이비과용제,고혈압초래가능혈관수축작용으로혈압상승가능,-,OxymetazolineHydrochloride,D001091,D000466,염산노르트립틸린,NortriptylineHydrochloride,[M050132]염산노르트립틸린
[M223162]옥시메타졸린염산염/[M223211]클로르페니라민말레산염,단일,-,이비과용제,고혈압초래가능혈관수축작용으로혈압상승가능,-,OxymetazolineHydrochloride,D001091,D000466,염산노르트립틸린,NortriptylineHydrochloride,[M050132]염산노르트립틸린
[M223162]옥시메타졸린염산염,단일,-,이비과용제,고혈압초래가능혈관수축작용으로혈압상승가능,-,OxymetazolineHydrochloride,D001091,D000466,염산노르트립틸린,NortriptylineHydrochloride,[M050132]염산노르트립틸린
[M223162]옥시메타졸린염산염/[M223162]옥시메타졸린염산염/[M223162]옥시메타졸린염산염/[M223162]옥시메타졸린염산염,단일,-,이비과용제,고혈압초래가능혈관수축작용으로혈압상승가능,-,OxymetazolineHydrochloride,D001091,D000466,염산노르트립틸린,NortriptylineHydrochloride,[M050132]염산노르트립틸린
[M223162]옥시메타졸린염산염/[M223211]클로르페니라민말레산염/[M256386]글리시리진산이칼륨/[M279321]염화세틸피리디늄,단일,-,이비과용제,고혈압초래가능혈관수축작용으로혈압상승가능,-,OxymetazolineHydrochloride,D001091,D000466,염산노르트립틸린,NortriptylineHydrochloride,[M050132]염산노르트립틸린
[M223162]옥시메타졸린염산염/[M223162]옥시메타졸린염산염/[M223162]옥시메타졸린염산염/[M223162]옥시메타졸린염산염/[M223162]옥시메타졸린염산염,단일,-,이비과용제,고혈압초래가능혈관수축작용으로혈압상승가능,-,OxymetazolineHydrochloride,D001091,D000466,염산노르트립틸린,NortriptylineHydrochloride,[M050132]염산노르트립틸린
[M223162]옥시메타졸린염산염/[M223162]옥시메타졸린염산염,단일,-,이비과용제,고혈압초래가능혈관수축작용으로혈압상승가능,-,OxymetazolineHydrochloride,D001091,D000466,염산노르트립틸린,NortriptylineHydrochloride,[M050132]염산노르트립틸린
[M071691]피모짓,단일,-,정신신경용제,QT연장,-,Pimozide,D000213,D000466,염산노르트립틸린,NortriptylineHydrochloride,[M050132]염산노르트립틸린
[M258880]아만타딘황산염,단일,-,기타의중추신경용약,amantadine의효과저해,-,AmantadineSulfate,D000343,D000781,페르페나진,Perphenazine,[M091367]페르페나진
[M084703]케토롤락트로메타민,단일,-,해열.진통.소염제,중증의위장관계이상반응,-,KetorolacTromethamine,D000274,D000506,디클로페낙나트륨,DiclofenacSodium,[M050288]디클로페낙나트륨/[M050288]디클로페낙나트륨/[M050288]디클로페낙나트륨/[M050288]디클로페낙나트륨/[M050288]디클로페낙나트륨/[M050288]디클로페낙나트륨
[M086785]이오비트리돌,단일,-,X선조영제,기능적신부전에의해유산산성증촉진,-,Iobitridol,D000760,D000718,메트포르민염산염,MetforminHydrochloride,[M244179]메트포르민염산염/[M263350]에보글립틴타르타르산염/[M244179]메트포르민염산염
[M088960]이오헥솔,단일,-,X선조영제,기능적신부전에의해유산산성증촉진,-,Iohexol,D000669,D000718,메트포르민염산염,MetforminHydrochloride,[M244179]메트포르민염산염/[M267839]다파글리플로진
[M086785]이오비트리돌,단일,-,X선조영제,기능적신부전에의해유산산성증촉진,-,Iobitridol,D000760,D000718,메트포르민염산염,MetforminHydrochloride,[M244179]메트포르민염산염/[M267839]다파글리플로진
[M088268]이오메프롤,단일,-,X선조영제,기능적신부전에의해유산산성증촉진,-,Iomeprol,D000364,D000718,메트포르민염산염,MetforminHydrochloride,[M244179]메트포르민염산염/[M267839]다파글리플로진
[M085282]사이클로스포린,단일,-,안과용제,신독성증가,48시간이내병용금기,Cyclosporine,D000334,D000279,타크로리무스수화물,TacrolimusHydrate,[M089193]타크로리무스수화물/[M089193]타크로리무스수화물/[M089193]타크로리무스수화물
[M085565]시클로스포린,단일,-,안과용제,신독성증가,48시간이내병용금기,Cyclosporine,D000334,D000279,타크로리무스수화물,TacrolimusHydrate,[M089193]타크로리무스수화물/[M089193]타크로리무스수화물/[M089193]타크로리무스수화물
[M085282]사이클로스포린/[M085282]사이클로스포린,단일,-,안과용제,신독성증가,48시간이내병용금기,Cyclosporine,D000334,D000279,타크로리무스수화물,TacrolimusHydrate,[M089193]타크로리무스수화물/[M089193]타크로리무스수화물/[M089193]타크로리무스수화물
[M088960]이오헥솔,단일,-,X선조영제,기능적신부전에의해유산산성증촉진,-,Iohexol,D000669,D000718,메트포르민염산염,MetforminHydrochloride,[M244179]메트포르민염산염/[M263350]에보글립틴타르타르산염
[M086785]이오비트리돌,단일,-,X선조영제,기능적신부전에의해유산산성증촉진,-,Iobitridol,D000760,D000718,메트포르민염산염,MetforminHydrochloride,[M244179]메트포르민염산염/[M263350]에보글립틴타르타르산염
[M088268]이오메프롤,단일,-,X선조영제,기능적신부전에의해유산산성증촉진,-,Iomeprol,D000364,D000718,메트포르민염산염,MetforminHydrochloride,[M244179]메트포르민염산염/[M263350]에보글립틴타르타르산염
[M088960]이오헥솔,단일,-,X선조영제,기능적신부전에의해유산산성증촉진,-,Iohexol,D000669,D000718,메트포르민염산염,MetforminHydrochloride,[M244179]메트포르민염산염/[M263350]에보글립틴타르타르산염/[M244179]메트포르민염산염
[M085529]이오파미돌,단일,-,X선조영제,급성신부전,-,Iopamidol,D000267,D000718,메트포르민염산염,MetforminHydrochloride,[M244179]메트포르민염산염/[M267839]다파글리플로진
[M102733]보센탄수화물,단일,-,혈압강하제,보센탄의혈중농도증가,-,BosentanHydrate,D000015,D000279,타크로리무스수화물,TacrolimusHydrate,[M089193]타크로리무스수화물/[M089193]타크로리무스수화물/[M089193]타크로리무스수화물
[M084703]케토롤락트로메타민,단일,-,해열.진통.소염제,중증의위장관계이상반응,-,KetorolacTromethamine,D000274,D000452,아스피린장용과립,AspirinEntericGranules,[M081776]아스피린장용과립
[M222885]케토롤락트로메타민염,단일,-,해열.진통.소염제,중증의위장관계이상반응,-,KetorolacTromethamine,D000274,D000083,니메술리드,Nimesulide,[M082649]니메술리드/[M082649]니메술리드
[M222885]케토롤락트로메타민염,단일,-,해열.진통.소염제,중증의위장관계이상반응,-,KetorolacTromethamine,D000274,D000363,이부프로펜,Ibuprofen,[M051259]이부프로펜/[M255360]알릴이소프로필아세틸우레아/[M223183]카페인무수물
[M084703]케토롤락트로메타민,단일,-,해열.진통.소염제,중증의위장관계이상반응,-,KetorolacTromethamine,D000274,D000363,이부프로펜,Ibuprofen,[M051259]이부프로펜/[M255360]알릴이소프로필아세틸우레아/[M223183]카페인무수물
[M222885]케토롤락트로메타민염,단일,-,해열.진통.소염제,중증의위장관계이상반응,-,KetorolacTromethamine,D000274,D000363,이부프로펜,Ibuprofen,[M051259]이부프로펜/[M255360]알릴이소프로필아세틸우레아/[M223183]카페인무수물/[M040262]산화마그네슘
[M084703]케토롤락트로메타민,단일,-,해열.진통.소염제,중증의위장관계이상반응,-,KetorolacTromethamine,D000274,D000363,이부프로펜,Ibuprofen,[M051259]이부프로펜/[M255360]알릴이소프로필아세틸우레아/[M223183]카페인무수물/[M040262]산화마그네슘
[M222885]케토롤락트로메타민염,단일,-,해열.진통.소염제,중증의위장관계이상반응,-,KetorolacTromethamine,D000274,D000672,케토프로펜,Ketoprofen,[M051464]케토프로펜/[M051464]케토프로펜/[M051464]케토프로펜/[M051464]케토프로펜
[M084703]케토롤락트로메타민,단일,-,해열.진통.소염제,중증의위장관계이상반응,-,KetorolacTromethamine,D000274,D000672,케토프로펜,Ketoprofen,[M051464]케토프로펜/[M051464]케토프로펜/[M051464]케토프로펜/[M051464]케토프로펜
[M222836]독시사이클린수화물,단일,-,주로그람양성|음성균|리케치아|비루스에작용하는것,두개내고혈압,-,DoxycyclineHydrate,D000503,D000758,이소트레티노인,Isotretinoin,[M088250]이소트레티노인/[M088250]이소트레티노인/[M088250]이소트레티노인
[M020027]독시사이클린하이클레이트,단일,-,주로그람양성|음성균|리케치아|비루스에작용하는것,두개내고혈압,-,DoxycyclineHyclate,D000503,D000758,이소트레티노인,Isotretinoin,[M088250]이소트레티노인/[M088250]이소트레티노인/[M088250]이소트레티노인
[M222960]독시사이클린하이클레이트수화물,단일,-,주로그람양성|음성균|리케치아|비루스에작용하는것,두개내고혈압,-,DoxycyclineHyclateHydrate,D000503,D000758,이소트레티노인,Isotretinoin,[M088250]이소트레티노인/[M088250]이소트레티노인/[M088250]이소트레티노인
[M222960]독시사이클린하이클레이트수화물/[M222960]독시사이클린하이클레이트수화물,단일,-,주로그람양성|음성균|리케치아|비루스에작용하는것,두개내고혈압,-,DoxycyclineHyclateHydrate,D000503,D000758,이소트레티노인,Isotretinoin,[M088250]이소트레티노인/[M088250]이소트레티노인/[M088250]이소트레티노인
[M262752]소포스부비르/[M281345]벨파타스비르,단일,-,기타의화학요법제,항바이러스제의혈중농도증가로부작용발생위험증가,-,Sofosbuvir,D001071,D001081,리파부틴,Rifabutin,[M089091]리파부틴
[M262752]소포스부비르,단일,-,기타의화학요법제,항바이러스제의혈중농도증가로부작용발생위험증가,-,Sofosbuvir,D001071,D001081,리파부틴,Rifabutin,[M089091]리파부틴
[M262752]소포스부비르/[M281345]벨파타스비르/[M282286]복실라프레비르,단일,-,기타의화학요법제,항바이러스제의혈중농도증가로부작용발생위험증가,-,Sofosbuvir,D001071,D001081,리파부틴,Rifabutin,[M089091]리파부틴
[M222961]돔페리돈말레산염,단일,-,기타의소화기관용약,QTc연장효과증대로심각한위험(TorsadedePointes|심각한심실성부정맥포함)가능성,-,DomperidoneMaleate,D000297,D000693,데가렐릭스,Degarelix,[M256795]데가렐릭스
[M081091]돔페리돈,단일,-,기타의소화기관용약,QTc연장효과증대로심각한위험(TorsadedePointes|심각한심실성부정맥포함)가능성,-,Domperidone,D000297,D000693,데가렐릭스,Degarelix,[M256795]데가렐릭스
[M222961]돔페리돈말레산염/[M222961]돔페리돈말레산염,단일,-,기타의소화기관용약,QTc연장효과증대로심각한위험(TorsadedePointes|심각한심실성부정맥포함)가능성,-,DomperidoneMaleate,D000297,D000693,데가렐릭스,Degarelix,[M256795]데가렐릭스
[M081091]돔페리돈/[M081091]돔페리돈,단일,-,기타의소화기관용약,QTc연장효과증대로심각한위험(TorsadedePointes|심각한심실성부정맥포함)가능성,-,Domperidone,D000297,D000693,데가렐릭스,Degarelix,[M256795]데가렐릭스
[M222961]돔페리돈말레산염/[M222961]돔페리돈말레산염/[M222961]돔페리돈말레산염,단일,-,기타의소화기관용약,QTc연장효과증대로심각한위험(TorsadedePointes|심각한심실성부정맥포함)가능성,-,DomperidoneMaleate,D000297,D000693,데가렐릭스,Degarelix,[M256795]데가렐릭스
[M085595]말레인산돔페리돈,단일,-,기타의소화기관용약,QTc연장효과증대로심각한위험(TorsadedePointes|심각한심실성부정맥포함)가능성,-,DomperidoneMaleate,D000297,D000693,데가렐릭스,Degarelix,[M256795]데가렐릭스
[M085595]말레인산돔페리돈/[M222961]돔페리돈말레산염,단일,-,기타의소화기관용약,QTc연장효과증대로심각한위험(TorsadedePointes|심각한심실성부정맥포함)가능성,-,DomperidoneMaleate,D000297,D000693,데가렐릭스,Degarelix,[M256795]데가렐릭스
[M088960]이오헥솔,단일,-,X선조영제,기능적신부전에의해유산산성증촉진,-,Iohexol,D000669,D000718,메트포르민염산염,MetforminHydrochloride,[M223014]메트포르민염산염/[M086024]글리메피리드/[M223014]메트포르민염산염/[M086024]글리메피리드
[M222885]케토롤락트로메타민염,단일,-,해열.진통.소염제,중증의위장관계이상반응,-,KetorolacTromethamine,D000274,D000452,아스피린장용과립,AspirinEntericGranules,[M081776]아스피린장용과립
[M253534]미로데나필,단일,-,기타의비뇨생식기관및항문용약,동일계열병용투여금기,-,Mirodenafil,D000128,D000569,유데나필,Udenafil,[M102602]유데나필
[M214384]염산미로데나필,단일,-,기타의비뇨생식기관및항문용약,동일계열병용투여금기,-,MirodenafilHydrochloride,D000128,D000569,유데나필,Udenafil,[M102602]유데나필
[M252789]실데나필시트르산염/[M252789]실데나필시트르산염/[M252789]실데나필시트르산염,단일,-,기타의비뇨생식기관및항문용약,동일계열병용투여금기,-,SildenafilCitrate,D000246,D000569,유데나필,Udenafil,[M102602]유데나필
[M222885]케토롤락트로메타민염,단일,-,해열.진통.소염제,상가적인위장관궤양|출혈의위험,-,KetorolacTromethamine,D000274,D000525,록소프로펜나트륨수화물,LoxoprofenSodiumHydrate,[M222839]록소프로펜나트륨수화물/[M222839]록소프로펜나트륨수화물/[M222839]록소프로펜나트륨수화물/[M222839]록소프로펜나트륨수화물
[M084703]케토롤락트로메타민,단일,-,해열.진통.소염제,중증의위장관계이상반응,-,KetorolacTromethamine,D000274,D000083,니메술리드,Nimesulide,[M082649]니메술리드/[M082649]니메술리드
[M222961]돔페리돈말레산염,단일,-,기타의소화기관용약,QTc연장효과증대로심각한위험(TorsadedePointes|심각한심실성부정맥포함)가능성,-,DomperidoneMaleate,D000297,D000470,염산온단세트론이수화물,OndansetronHydrochlorideHydrate,[M086743]염산온단세트론이수화물
[M081091]돔페리돈,단일,-,기타의소화기관용약,QTc연장효과증대로심각한위험(TorsadedePointes|심각한심실성부정맥포함)가능성,-,Domperidone,D000297,D000470,염산온단세트론이수화물,OndansetronHydrochlorideHydrate,[M086743]염산온단세트론이수화물
[M222961]돔페리돈말레산염/[M222961]돔페리돈말레산염,단일,-,기타의소화기관용약,QTc연장효과증대로심각한위험(TorsadedePointes|심각한심실성부정맥포함)가능성,-,DomperidoneMaleate,D000297,D000470,염산온단세트론이수화물,OndansetronHydrochlorideHydrate,[M086743]염산온단세트론이수화물
[M081091]돔페리돈/[M081091]돔페리돈,단일,-,기타의소화기관용약,QTc연장효과증대로심각한위험(TorsadedePointes|심각한심실성부정맥포함)가능성,-,Domperidone,D000297,D000470,염산온단세트론이수화물,OndansetronHydrochlorideHydrate,[M086743]염산온단세트론이수화물
[M222961]돔페리돈말레산염/[M222961]돔페리돈말레산염/[M222961]돔페리돈말레산염,단일,-,기타의소화기관용약,QTc연장효과증대로심각한위험(TorsadedePointes|심각한심실성부정맥포함)가능성,-,DomperidoneMaleate,D000297,D000470,염산온단세트론이수화물,OndansetronHydrochlorideHydrate,[M086743]염산온단세트론이수화물
[M085595]말레인산돔페리돈,단일,-,기타의소화기관용약,QTc연장효과증대로심각한위험(TorsadedePointes|심각한심실성부정맥포함)가능성,-,DomperidoneMaleate,D000297,D000470,염산온단세트론이수화물,OndansetronHydrochlorideHydrate,[M086743]염산온단세트론이수화물
[M085595]말레인산돔페리돈/[M222961]돔페리돈말레산염,단일,-,기타의소화기관용약,QTc연장효과증대로심각한위험(TorsadedePointes|심각한심실성부정맥포함)가능성,-,DomperidoneMaleate,D000297,D000470,염산온단세트론이수화물,OndansetronHydrochlorideHydrate,[M086743]염산온단세트론이수화물
[M085529]이오파미돌,단일,-,X선조영제,급성신부전,-,Iopamidol,D000267,D000718,메트포르민염산염,MetforminHydrochloride,[M244179]메트포르민염산염/[M263350]에보글립틴타르타르산염
[M085529]이오파미돌/[M085529]이오파미돌,단일,-,X선조영제,급성신부전,-,Iopamidol,D000267,D000718,메트포르민염산염,MetforminHydrochloride,[M244179]메트포르민염산염/[M263350]에보글립틴타르타르산염
[M084703]케토롤락트로메타민,단일,-,해열.진통.소염제,상가적인위장관궤양|출혈의위험,-,KetorolacTromethamine,D000274,D000525,록소프로펜나트륨수화물,LoxoprofenSodiumHydrate,[M222839]록소프로펜나트륨수화물/[M222839]록소프로펜나트륨수화물/[M222839]록소프로펜나트륨수화물/[M222839]록소프로펜나트륨수화물
[M223223]클로미프라민염산염/[M252789]실데나필시트르산염,단일,-,기타의비뇨생식기관및항문용약,동일계열병용투여금기,-,SildenafilCitrate,D000246,D000569,유데나필,Udenafil,[M102602]유데나필
[M258880]아만타딘황산염,단일,-,기타의중추신경용약,항콜린작용증가,-,AmantadineSulfate,D000343,D000584,염산클로르프로마진,ChlorpromazineHydrochloride,[M040618]염산클로르프로마진
[M215219]아토르바스타틴칼슘삼수화물/[M261637]오메가3산에틸에스테르90,복합,[D001688]Omega-3-AcidEthylEsters90(오메가3산에틸에스테르90),동맥경화용제,근육병증|횡문근융해위험증가가능,-,AtorvastatinCalciumTrihydrate,D000455,D000334,사이클로스포린,Cyclosporine,[M085282]사이클로스포린/[M085282]사이클로스포린
[M256664]아토르바스타틴칼슘수화물/[M270410]오메가-3-산에틸에스테르90,복합,[D001688]Omega-3-AcidEthylEsters90(오메가3산에틸에스테르90),동맥경화용제,근육병증|횡문근융해위험증가가능,-,AtorvastatinCalciumHydrate,D000455,D000334,사이클로스포린,Cyclosporine,[M085282]사이클로스포린/[M085282]사이클로스포린
[M256664]아토르바스타틴칼슘수화물/[M261637]오메가3산에틸에스테르90,복합,[D001688]Omega-3-AcidEthylEsters90(오메가3산에틸에스테르90),동맥경화용제,근육병증|횡문근융해위험증가가능,-,AtorvastatinCalciumHydrate,D000455,D000334,사이클로스포린,Cyclosporine,[M085282]사이클로스포린/[M085282]사이클로스포린
[M085529]이오파미돌,단일,-,X선조영제,급성신부전,-,Iopamidol,D000267,D000718,메트포르민염산염,MetforminHydrochloride,[M244179]메트포르민염산염/[M263350]에보글립틴타르타르산염/[M244179]메트포르민염산염
[M085529]이오파미돌/[M085529]이오파미돌,단일,-,X선조영제,급성신부전,-,Iopamidol,D000267,D000718,메트포르민염산염,MetforminHydrochloride,[M244179]메트포르민염산염/[M263350]에보글립틴타르타르산염/[M244179]메트포르민염산염
[M252789]실데나필시트르산염,단일,-,기타의비뇨생식기관및항문용약,동일계열병용투여금기,-,SildenafilCitrate,D000246,D000569,유데나필,Udenafil,[M102602]유데나필
[M252789]실데나필시트르산염/[M252789]실데나필시트르산염,단일,-,기타의비뇨생식기관및항문용약,동일계열병용투여금기,-,SildenafilCitrate,D000246,D000569,유데나필,Udenafil,[M102602]유데나필
[M253237]실데나필,단일,-,기타의비뇨생식기관및항문용약,동일계열병용투여금기,-,Sildenafil,D000246,D000569,유데나필,Udenafil,[M102602]유데나필
[M253237]실데나필/[M253237]실데나필,단일,-,기타의비뇨생식기관및항문용약,동일계열병용투여금기,-,Sildenafil,D000246,D000569,유데나필,Udenafil,[M102602]유데나필
[M084703]케토롤락트로메타민,단일,-,해열.진통.소염제,중증의위장관계이상반응,-,KetorolacTromethamine,D000274,D000086,덱시부프로펜디.씨,DexibuprofenD.C.,[M240099]덱시부프로펜디.씨
[M222885]케토롤락트로메타민염,단일,-,해열.진통.소염제,중증의위장관계이상반응,-,KetorolacTromethamine,D000274,D000086,덱시부프로펜디.씨,DexibuprofenD.C.,[M240099]덱시부프로펜디.씨
[M084703]케토롤락트로메타민,단일,-,해열.진통.소염제,중증의위장관계이상반응,-,KetorolacTromethamine,D000274,D000506,디클로페낙나트륨,DiclofenacSodium,[M050288]디클로페낙나트륨/[M050288]디클로페낙나트륨/[M050288]디클로페낙나트륨/[M050288]디클로페낙나트륨/[M050288]디클로페낙나트륨/[M050288]디클로페낙나트륨/[M050288]디클로페낙나트륨
[M097492]에제티미브/[M215219]아토르바스타틴칼슘삼수화물,복합,[D000350]Ezetimibe(에제티미브),동맥경화용제,근육병증|횡문근융해증|간효소이상발생위험증가,-,AtorvastatinCalciumTrihydrate,D000455,D000762,이트라코나졸제피과립,ItraconazoleCoatedGranules,[M083733]이트라코나졸제피과립
[M262752]소포스부비르/[M262910]레디파스비르,복합,[D001071]Sofosbuvir(소포스부비르),기타의화학요법제,로수바스타틴농도를현저하게증가시킬수있으며|이는횡문근융해증을포함하여근육병증의위험증가,-,Ledipasvir,D001072,D000219,로수바스타틴칼슘,RosuvastatinCalcium,[M282749]에제티미브(미분화)/[M095744]로수바스타틴칼슘
[M256545]옥트레오티드아세트산염,단일,-,기타의호르몬제(항호르몬제를포함),bromocriptinemesylate혈중농도상승,-,OctreotideAcetate,D000755,D000541,브로모크립틴메실산염,BromocriptineMesylate,[M223060]브로모크립틴메실산염
[M222885]케토롤락트로메타민염,단일,-,해열.진통.소염제,중증의위장관계이상반응,-,KetorolacTromethamine,D000274,D000463,미결정에토돌락,MicrocrystallineEtodolac,[M081813]미결정에토돌락/[M081813]미결정에토돌락
[M084703]케토롤락트로메타민,단일,-,해열.진통.소염제,중증의위장관계이상반응,-,KetorolacTromethamine,D000274,D000463,미결정에토돌락,MicrocrystallineEtodolac,[M081813]미결정에토돌락/[M081813]미결정에토돌락
[M264293]리바록사반(미분화),단일,-,혈액응고저지제,리바록사반의혈중농도가상승하여출혈위험증가,상품명:스트리빌드정,RivaroxabanMicronized,D000527,D000673,이산화규소흡착코비시스타트,CobicistatSiliconeDioxide,[M264728]엘비테그라비르(미분화)/[M250026]엠트리시타빈/[M278212]테노포비르알라페나미드헤미푸마르산염/[M256270]이산화규소흡착코비시스타트
[M254091]리바록사반(미세화),단일,-,혈액응고저지제,리바록사반의혈중농도가상승하여출혈위험증가,상품명:스트리빌드정,RivaroxabanMicronized,D000527,D000673,이산화규소흡착코비시스타트,CobicistatSiliconeDioxide,[M264728]엘비테그라비르(미분화)/[M250026]엠트리시타빈/[M278212]테노포비르알라페나미드헤미푸마르산염/[M256270]이산화규소흡착코비시스타트
[M086332]라미부딘/[M082858]지도부딘,복합,[D000172]Zidovudine(지도부딘),기타의화학요법제,세포내인산화방해|동일한역전사효소유전자(M184V)변이를통한바이러스내성-항바이러스효과감소,상품명:트루바다정,Lamivudine,D000615,D000665,엠트리시타빈,Emtricitabine,[M250026]엠트리시타빈/[M278212]테노포비르알라페나미드헤미푸마르산염
[M086332]라미부딘/[M082858]지도부딘,복합,[D000172]Zidovudine(지도부딘),기타의화학요법제,세포내인산화방해|동일한역전사효소유전자(M184V)변이를통한바이러스내성-항바이러스효과감소,상품명:트루바다정,Lamivudine,D000615,D000665,엠트리시타빈,Emtricitabine,[M268156]빅테그라비르나트륨/[M250026]엠트리시타빈/[M278212]테노포비르알라페나미드헤미푸마르산염
[M086332]라미부딘/[M082858]지도부딘,복합,[D000172]Zidovudine(지도부딘),기타의화학요법제,세포내인산화방해|동일한역전사효소유전자(M184V)변이를통한바이러스내성-항바이러스효과감소,상품명:트루바다정,Lamivudine,D000615,D000665,엠트리시타빈,Emtricitabine,[M250026]엠트리시타빈/[M256843]테노포비르디소프록실푸마르산염
[M086332]라미부딘/[M082858]지도부딘,복합,[D000172]Zidovudine(지도부딘),기타의화학요법제,세포내인산화방해|동일한역전사효소유전자(M184V)변이를통한바이러스내성-항바이러스효과감소,상픔명:스트리빌드정,Lamivudine,D000615,D000665,엠트리시타빈,Emtricitabine,[M264728]엘비테그라비르(미분화)/[M250026]엠트리시타빈/[M278212]테노포비르알라페나미드헤미푸마르산염/[M256270]이산화규소흡착코비시스타트
[M086332]라미부딘,단일,-,간장질환용제,세포내인산화방해|동일한역전사효소유전자(M184V)변이를통한바이러스내성-항바이러스효과감소,상픔명:스트리빌드정,Lamivudine,D000615,D000665,엠트리시타빈,Emtricitabine,[M264728]엘비테그라비르(미분화)/[M250026]엠트리시타빈/[M278212]테노포비르알라페나미드헤미푸마르산염/[M256270]이산화규소흡착코비시스타트
[M085529]이오파미돌,단일,-,X선조영제,급성신부전,-,Iopamidol,D000267,D000718,메트포르민염산염,MetforminHydrochloride,[M260057]엠파글리플로진/[M252996]리나글립틴/[M244179]메트포르민염산염
[M085529]이오파미돌/[M085529]이오파미돌,단일,-,X선조영제,급성신부전,-,Iopamidol,D000267,D000718,메트포르민염산염,MetforminHydrochloride,[M260057]엠파글리플로진/[M252996]리나글립틴/[M244179]메트포르민염산염
[M222961]돔페리돈말레산염,단일,-,기타의소화기관용약,QTc연장효과증대로심각한위험(TorsadedePointes|심각한심실성부정맥포함)가능성,-,DomperidoneMaleate,D000297,D000470,온단세트론염산염,OndansetronHydrochloride,[M257638]온단세트론염산염
[M081091]돔페리돈,단일,-,기타의소화기관용약,QTc연장효과증대로심각한위험(TorsadedePointes|심각한심실성부정맥포함)가능성,-,Domperidone,D000297,D000470,온단세트론염산염,OndansetronHydrochloride,[M257638]온단세트론염산염
[M222961]돔페리돈말레산염/[M222961]돔페리돈말레산염,단일,-,기타의소화기관용약,QTc연장효과증대로심각한위험(TorsadedePointes|심각한심실성부정맥포함)가능성,-,DomperidoneMaleate,D000297,D000470,온단세트론염산염,OndansetronHydrochloride,[M257638]온단세트론염산염
[M081091]돔페리돈/[M081091]돔페리돈,단일,-,기타의소화기관용약,QTc연장효과증대로심각한위험(TorsadedePointes|심각한심실성부정맥포함)가능성,-,Domperidone,D000297,D000470,온단세트론염산염,OndansetronHydrochloride,[M257638]온단세트론염산염
[M222961]돔페리돈말레산염/[M222961]돔페리돈말레산염/[M222961]돔페리돈말레산염,단일,-,기타의소화기관용약,QTc연장효과증대로심각한위험(TorsadedePointes|심각한심실성부정맥포함)가능성,-,DomperidoneMaleate,D000297,D000470,온단세트론염산염,OndansetronHydrochloride,[M257638]온단세트론염산염
[M085595]말레인산돔페리돈,단일,-,기타의소화기관용약,QTc연장효과증대로심각한위험(TorsadedePointes|심각한심실성부정맥포함)가능성,-,DomperidoneMaleate,D000297,D000470,온단세트론염산염,OndansetronHydrochloride,[M257638]온단세트론염산염
[M085595]말레인산돔페리돈/[M222961]돔페리돈말레산염,단일,-,기타의소화기관용약,QTc연장효과증대로심각한위험(TorsadedePointes|심각한심실성부정맥포함)가능성,-,DomperidoneMaleate,D000297,D000470,온단세트론염산염,OndansetronHydrochloride,[M257638]온단세트론염산염
[M085529]이오파미돌/[M085529]이오파미돌,단일,-,X선조영제,급성신부전,-,Iopamidol,D000267,D000718,메트포르민염산염,MetforminHydrochloride,[M086024]글리메피리드/[M244179]메트포르민염산염/[M086024]글리메피리드/[M244179]메트포르민염산염
[M222961]돔페리돈말레산염/[M222961]돔페리돈말레산염/[M222961]돔페리돈말레산염,단일,-,기타의소화기관용약,QTc연장효과증대로심각한위험(TorsadedePointes|심각한심실성부정맥포함)가능성,-,DomperidoneMaleate,D000297,D000793,레보플록사신수화물,LevofloxacinHydrate,[M085584]레보플록사신/[M251128]레보플록사신수화물
[M084703]케토롤락트로메타민,단일,-,해열.진통.소염제,중증의위장관계이상반응,-,KetorolacTromethamine,D000274,D000363,이부프로펜,Ibuprofen,[M051259]이부프로펜/[M082487]파마브롬/[M040133]리보플라빈/[M040262]산화마그네슘
[M222885]케토롤락트로메타민염,단일,-,해열.진통.소염제,중증의위장관계이상반응,-,KetorolacTromethamine,D000274,D000363,이부프로펜,Ibuprofen,[M051259]이부프로펜/[M082487]파마브롬/[M040262]산화마그네슘
[M084703]케토롤락트로메타민,단일,-,해열.진통.소염제,중증의위장관계이상반응,-,KetorolacTromethamine,D000274,D000363,이부프로펜,Ibuprofen,[M051259]이부프로펜/[M082487]파마브롬/[M040262]산화마그네슘
[M222885]케토롤락트로메타민염,단일,-,해열.진통.소염제,중증의위장관계이상반응,-,KetorolacTromethamine,D000274,D000452,아스피린,Aspirin,[M040355]아스피린/[M040355]아스피린
[M084703]케토롤락트로메타민,단일,-,해열.진통.소염제,중증의위장관계이상반응,-,KetorolacTromethamine,D000274,D000452,아스피린,Aspirin,[M040355]아스피린/[M040355]아스피린
[M070605]몰시도민,단일,-,혈관확장제,혈압강하작용증강,-,Molsidomine,D000530,D000246,실데나필시트르산염,SildenafilCitrate,[M223223]클로미프라민염산염/[M252789]실데나필시트르산염
[M222961]돔페리돈말레산염,단일,-,기타의소화기관용약,QTc연장효과증대로심각한위험(TorsadedePointes|심각한심실성부정맥포함)가능성,-,DomperidoneMaleate,D000297,D000793,레보플록사신수화물,LevofloxacinHydrate,[M085584]레보플록사신/[M251128]레보플록사신수화물
[M081091]돔페리돈,단일,-,기타의소화기관용약,QTc연장효과증대로심각한위험(TorsadedePointes|심각한심실성부정맥포함)가능성,-,Domperidone,D000297,D000793,레보플록사신수화물,LevofloxacinHydrate,[M085584]레보플록사신/[M251128]레보플록사신수화물
[M222961]돔페리돈말레산염/[M222961]돔페리돈말레산염,단일,-,기타의소화기관용약,QTc연장효과증대로심각한위험(TorsadedePointes|심각한심실성부정맥포함)가능성,-,DomperidoneMaleate,D000297,D000793,레보플록사신수화물,LevofloxacinHydrate,[M085584]레보플록사신/[M251128]레보플록사신수화물
[M081091]돔페리돈/[M081091]돔페리돈,단일,-,기타의소화기관용약,QTc연장효과증대로심각한위험(TorsadedePointes|심각한심실성부정맥포함)가능성,-,Domperidone,D000297,D000793,레보플록사신수화물,LevofloxacinHydrate,[M085584]레보플록사신/[M251128]레보플록사신수화물
[M085595]말레인산돔페리돈,단일,-,기타의소화기관용약,QTc연장효과증대로심각한위험(TorsadedePointes|심각한심실성부정맥포함)가능성,-,DomperidoneMaleate,D000297,D000793,레보플록사신수화물,LevofloxacinHydrate,[M085584]레보플록사신/[M251128]레보플록사신수화물
[M085529]이오파미돌,단일,-,X선조영제,급성신부전,-,Iopamidol,D000267,D000718,메트포르민염산염,MetforminHydrochloride,[M086024]글리메피리드/[M244179]메트포르민염산염/[M086024]글리메피리드/[M244179]메트포르민염산염
[M085595]말레인산돔페리돈/[M222961]돔페리돈말레산염,단일,-,기타의소화기관용약,QTc연장효과증대로심각한위험(TorsadedePointes|심각한심실성부정맥포함)가능성,-,DomperidoneMaleate,D000297,D000793,레보플록사신수화물,LevofloxacinHydrate,[M085584]레보플록사신/[M251128]레보플록사신수화물
[M070605]몰시도민,단일,-,혈관확장제,혈압강하작용증강,-,Molsidomine,D000530,D000246,실데나필,Sildenafil,[M253237]실데나필/[M253237]실데나필
[M222885]케토롤락트로메타민염,단일,-,해열.진통.소염제,중증의위장관계이상반응,-,KetorolacTromethamine,D000274,D000363,이부프로펜,Ibuprofen,[M051259]이부프로펜/[M090093]작약엑스산/[M082727]감초엑스산
[M084703]케토롤락트로메타민,단일,-,해열.진통.소염제,중증의위장관계이상반응,-,KetorolacTromethamine,D000274,D000363,이부프로펜,Ibuprofen,[M051259]이부프로펜/[M090093]작약엑스산/[M082727]감초엑스산
[M085529]이오파미돌,단일,-,X선조영제,급성신부전,-,Iopamidol,D000267,D000718,메트포르민염산염,MetforminHydrochloride,[M251915]시타글립틴인산염수화물/[M244179]메트포르민염산염
[M085529]이오파미돌/[M085529]이오파미돌,단일,-,X선조영제,급성신부전,-,Iopamidol,D000267,D000718,메트포르민염산염,MetforminHydrochloride,[M251915]시타글립틴인산염수화물/[M244179]메트포르민염산염
[M222885]케토롤락트로메타민염,단일,-,해열.진통.소염제,중증의위장관계이상반응,-,KetorolacTromethamine,D000274,D000363,이부프로펜,Ibuprofen,[M051259]이부프로펜/[M203364]슈도에페드린염산염
[M084703]케토롤락트로메타민,단일,-,해열.진통.소염제,중증의위장관계이상반응,-,KetorolacTromethamine,D000274,D000363,이부프로펜,Ibuprofen,[M051259]이부프로펜/[M203364]슈도에페드린염산염
[M262752]소포스부비르/[M262910]레디파스비르,복합,[D001071]Sofosbuvir(소포스부비르),기타의화학요법제,로수바스타틴농도를현저하게증가시킬수있으며|이는횡문근융해증을포함하여근육병증의위험증가,-,Ledipasvir,D001072,D000219,로수바스타틴칼슘(미분화),RosuvastatinCalciumMicronized,[M270546]로수바스타틴칼슘(미분화)/[M282749]에제티미브(미분화)
[M257939]라사길린메실산염,단일,-,기타의중추신경용약,고혈압위기|세로토닌증후군발생위험증가,-,RasagilineMesylate,D000698,D000242,시클로벤자프린염산염,CyclobenzaprineHydrochloride,[M246272]시클로벤자프린염산염
[M264048]피마사르탄칼륨삼수화물과립/[M215219]아토르바스타틴칼슘삼수화물,복합,[D000624]Fimasartan(피마사르탄),기타의순환계용약,근육병증|횡문근융해위험증가가능,-,AtorvastatinCalciumTrihydrate,D000455,D000762,이트라코나졸제피과립,ItraconazoleCoatedGranules,[M083733]이트라코나졸제피과립
[M251687]아토르바스타틴칼슘/[M097492]에제티미브,복합,[D000350]Ezetimibe(에제티미브),동맥경화용제,근육병증|횡문근융해증|간효소이상발생위험증가,-,AtorvastatinCalcium,D000455,D000762,이트라코나졸제피과립,ItraconazoleCoatedGranules,[M083733]이트라코나졸제피과립
[M083733]이트라코나졸제피과립,단일,-,기타의화학요법제,횡문근융해증,-,ItraconazoleCoatedGranules,D000762,D000027,심바스타틴,Simvastatin,[M089710]심바스타틴/[M097492]에제티미브
[M215219]아토르바스타틴칼슘삼수화물/[M097492]에제티미브,복합,[D000350]Ezetimibe(에제티미브),동맥경화용제,근육병증|횡문근융해증|간효소이상발생위험증가,-,AtorvastatinCalciumTrihydrate,D000455,D000762,이트라코나졸제피과립,ItraconazoleCoatedGranules,[M083733]이트라코나졸제피과립
[M215219]아토르바스타틴칼슘삼수화물/[M222875]암로디핀베실산염,복합,[D000152]Amlodipine(암로디핀),기타의순환계용약,근육병증|횡문근융해증|간효소이상발생위험증가,-,AtorvastatinCalciumTrihydrate,D000455,D000762,이트라코나졸제피과립,ItraconazoleCoatedGranules,[M083733]이트라코나졸제피과립
[M215219]아토르바스타틴칼슘삼수화물/[M083437]베실산암로디핀,복합,[D000152]Amlodipine(암로디핀),기타의순환계용약,근육병증|횡문근융해증|간효소이상발생위험증가,-,AtorvastatinCalciumTrihydrate,D000455,D000762,이트라코나졸제피과립,ItraconazoleCoatedGranules,[M083733]이트라코나졸제피과립
[M253921]릴피비린염산염,단일,-,기타의화학요법제,릴피비린의혈중농도가감소하여치료효과감소혹은내성발현,-,RilpivirineHydrochloride,D000225,D000282,페노바르비탈나트륨,PhenobarbitalSodium,[M217088]페노바르비탈나트륨
[M236272]에트라비린,단일,-,기타의화학요법제,에트라비린의혈중농도가감소하여치료효과감소혹은내성발현,-,Etravirine,D000036,D000282,페노바르비탈나트륨,PhenobarbitalSodium,[M217088]페노바르비탈나트륨
[M101851]부프레노르핀,단일,-,진통.진양.수렴.소염제,진통효과감소|금단증상위험,-,Buprenorphine,D000017,D000006,모르핀염산염수화물,MorphineHydrochlorideHydrate,[M230907]모르핀염산염수화물
[M215219]아토르바스타틴칼슘삼수화물/[M261637]오메가3산에틸에스테르90,복합,[D001688]Omega-3-AcidEthylEsters90(오메가3산에틸에스테르90),동맥경화용제,근육병증|횡문근융해위험증가가능,-,AtorvastatinCalciumTrihydrate,D000455,D000762,이트라코나졸제피과립,ItraconazoleCoatedGranules,[M083733]이트라코나졸제피과립
[M256664]아토르바스타틴칼슘수화물/[M270410]오메가-3-산에틸에스테르90,복합,[D001688]Omega-3-AcidEthylEsters90(오메가3산에틸에스테르90),동맥경화용제,근육병증|횡문근융해위험증가가능,-,AtorvastatinCalciumHydrate,D000455,D000762,이트라코나졸제피과립,ItraconazoleCoatedGranules,[M083733]이트라코나졸제피과립
[M256664]아토르바스타틴칼슘수화물/[M261637]오메가3산에틸에스테르90,복합,[D001688]Omega-3-AcidEthylEsters90(오메가3산에틸에스테르90),동맥경화용제,근육병증|횡문근융해위험증가가능,-,AtorvastatinCalciumHydrate,D000455,D000762,이트라코나졸제피과립,ItraconazoleCoatedGranules,[M083733]이트라코나졸제피과립
[M089055]칸데사르탄실렉세틸/[M222875]암로디핀베실산염/[M251687]아토르바스타틴칼슘,복합,[D000152]Amlodipine(암로디핀)/[D000273]Candesartancilexetil(칸데사르탄실렉세틸),기타의순환계용약,근육병증|횡문근융해위험증가가능,-,AtorvastatinCalcium,D000455,D000762,이트라코나졸제피과립,ItraconazoleCoatedGranules,[M083733]이트라코나졸제피과립
[M215219]아토르바스타틴칼슘삼수화물/[M251853]이르베사르탄,복합,[D000046]Irbesartan(이르베사르탄),기타의순환계용약,근육병증|횡문근융해위험증가가능,-,AtorvastatinCalciumTrihydrate,D000455,D000762,이트라코나졸제피과립,ItraconazoleCoatedGranules,[M083733]이트라코나졸제피과립
[M263856]팔보시클립,단일,-,항악성종양제,팔보시클립의혈장농도증가,-,Palbociclib,D001149,D000762,이트라코나졸제피과립,ItraconazoleCoatedGranules,[M083733]이트라코나졸제피과립
[M264293]리바록사반(미분화),단일,-,혈액응고저지제,리바록사반의혈중농도가상승하여출혈위험증가,-,RivaroxabanMicronized,D000527,D000762,이트라코나졸제피과립,ItraconazoleCoatedGranules,[M083733]이트라코나졸제피과립
[M257644]에리트로마이신스티노프레이트,단일,-,주로그람양성|음성균|리케치아|비루스에작용하는것,병용을하여도항균작용이증가되지않음,-,ErythromycinStinoprate,D000256,D000713,린코마이신염산염,LincomycinHydrochloride,[M248008]린코마이신염산염
[M223130]에리트로마이신스테아르산염,단일,-,주로그람양성균|리케치아|비루스에작용하는것,병용을하여도항균작용이증가되지않음,-,ErythromycinStearate,D000256,D000713,린코마이신염산염,LincomycinHydrochloride,[M248008]린코마이신염산염
[M254091]리바록사반(미세화),단일,-,혈액응고저지제,리바록사반의혈중농도가상승하여출혈위험증가,-,RivaroxabanMicronized,D000527,D000762,이트라코나졸제피과립,ItraconazoleCoatedGranules,[M083733]이트라코나졸제피과립
[M252922]톨밥탄분무건조분말,단일,-,기타의순환계용약,톨밥탄의혈중농도증가,-,TolvaptanSprayDryPowder,D000487,D000762,이트라코나졸제피과립,ItraconazoleCoatedGranules,[M083733]이트라코나졸제피과립
[M097492]에제티미브/[M089710]심바스타틴,복합,[D000027]Simvastatin(심바스타틴),동맥경화용제,근증/횡문근변성의위험성이증가,-,Ezetimibe,D000350,D000762,이트라코나졸제피과립,ItraconazoleCoatedGranules,[M083733]이트라코나졸제피과립
[M097492]에제티미브/[M089710]심바스타틴/[M097492]에제티미브/[M089710]심바스타틴,복합,[D000027]Simvastatin(심바스타틴),동맥경화용제,근증/횡문근변성의위험성이증가,-,Ezetimibe,D000350,D000762,이트라코나졸제피과립,ItraconazoleCoatedGranules,[M083733]이트라코나졸제피과립
[M222885]케토롤락트로메타민염,단일,-,해열.진통.소염제,중증의위장관계이상반응,-,KetorolacTromethamine,D000274,D000363,이부프로펜,Ibuprofen,[M051259]이부프로펜/[M040006]감초/[M050036]육계/[M040523]작약/[M050752]생강
[M084703]케토롤락트로메타민,단일,-,해열.진통.소염제,중증의위장관계이상반응,-,KetorolacTromethamine,D000274,D000363,이부프로펜,Ibuprofen,[M051259]이부프로펜/[M040006]감초/[M050036]육계/[M040523]작약/[M050752]생강
[M230909]실로도신,단일,-,기타의비뇨생식기관및항문용약,실로도신의혈중농도증가,-,Silodosin,D000342,D000762,이트라코나졸제피과립,ItraconazoleCoatedGranules,[M083733]이트라코나졸제피과립
[M222885]케토롤락트로메타민염,단일,-,해열.진통.소염제,중증의위장관계이상반응,-,KetorolacTromethamine,D000274,D000060,테녹시캄,Tenoxicam,[M082086]테녹시캄
[M256664]아토르바스타틴칼슘수화물/[M222875]암로디핀베실산염/[M213543]무수아토르바스타틴칼슘/[M222875]암로디핀베실산염,복합,[D000152]Amlodipine(암로디핀),기타의순환계용약,근육병증|횡문근융해증|간효소이상발생위험증가,-,AnhydrousAtorvastatinCalcium,D000455,D000762,이트라코나졸제피과립,ItraconazoleCoatedGranules,[M083733]이트라코나졸제피과립
[M213543]무수아토르바스타틴칼슘/[M222875]암로디핀베실산염,복합,[D000152]Amlodipine(암로디핀),기타의순환계용약,근육병증|횡문근융해증|간효소이상발생위험증가,-,AnhydrousAtorvastatinCalcium,D000455,D000762,이트라코나졸제피과립,ItraconazoleCoatedGranules,[M083733]이트라코나졸제피과립
[M201260]염산메트포민/[M050102]글리벤클라미드,복합,[D000690]Glibenclamide(글리벤클라미드),당뇨병용제,기능적신부전에의해유산산성증촉진,48시간이내병용금기,MetforminHydrochloride,D000718,D000267,이오파미돌,Iopamidol,[M085529]이오파미돌/[M085529]이오파미돌
[M244179]메트포르민염산염/[M244179]메트포르민염산염/[M221584]빌다글립틴,복합,[D000445]Vildagliptin(빌다글립틴),당뇨병용제,기능적신부전에의해유산산성증촉진,48시간이내병용금기,MetforminHydrochloride,D000718,D000267,이오파미돌,Iopamidol,[M085529]이오파미돌/[M085529]이오파미돌
[M086024]글리메피리드/[M223014]메트포르민염산염,복합,[D000392]Glimepiride(글리메피리드),당뇨병용제,기능적신부전에의해유산산성증촉진,48시간이내병용금기,MetforminHydrochloride,D000718,D000267,이오파미돌,Iopamidol,[M085529]이오파미돌/[M085529]이오파미돌
[M223014]메트포르민염산염/[M050102]글리벤클라미드,복합,[D000690]Glibenclamide(글리벤클라미드),당뇨병용제,기능적신부전에의해유산산성증촉진,48시간이내병용금기,MetforminHydrochloride,D000718,D000267,이오파미돌,Iopamidol,[M085529]이오파미돌/[M085529]이오파미돌
[M256664]아토르바스타틴칼슘수화물/[M097492]에제티미브,복합,[D000350]Ezetimibe(에제티미브),동맥경화용제,근육병증|횡문근융해증|간효소이상발생위험증가,-,AtorvastatinCalciumHydrate,D000455,D000762,이트라코나졸제피과립,ItraconazoleCoatedGranules,[M083733]이트라코나졸제피과립
[M222875]암로디핀베실산염/[M215219]아토르바스타틴칼슘삼수화물,복합,[D000152]Amlodipine(암로디핀),기타의순환계용약,근육병증|횡문근융해증|간효소이상발생위험증가,-,AtorvastatinCalciumTrihydrate,D000455,D000762,이트라코나졸제피과립,ItraconazoleCoatedGranules,[M083733]이트라코나졸제피과립
[M215219]아토르바스타틴칼슘삼수화물/[M222875]암로디핀베실산염/[M282749]에제티미브(미분화),복합,[D000152]Amlodipine(암로디핀),기타의순환계용약,근육병증|횡문근융해증|간효소이상발생위험증가,-,AtorvastatinCalciumTrihydrate,D000455,D000762,이트라코나졸제피과립,ItraconazoleCoatedGranules,[M083733]이트라코나졸제피과립
[M282749]에제티미브(미분화)/[M222875]암로디핀베실산염/[M215219]아토르바스타틴칼슘삼수화물,복합,[D000152]Amlodipine(암로디핀),기타의순환계용약,근육병증|횡문근융해증|간효소이상발생위험증가,-,AtorvastatinCalciumTrihydrate,D000455,D000762,이트라코나졸제피과립,ItraconazoleCoatedGranules,[M083733]이트라코나졸제피과립
[M093499]아토르바스타틴칼슘/[M222875]암로디핀베실산염,복합,[D000152]Amlodipine(암로디핀),기타의순환계용약,근육병증|횡문근융해증|간효소이상발생위험증가,-,AtorvastatinCalcium,D000455,D000762,이트라코나졸제피과립,ItraconazoleCoatedGranules,[M083733]이트라코나졸제피과립
[M256664]아토르바스타틴칼슘수화물/[M222875]암로디핀베실산염,복합,[D000152]Amlodipine(암로디핀),기타의순환계용약,근육병증|횡문근융해증|간효소이상발생위험증가,-,AtorvastatinCalciumHydrate,D000455,D000762,이트라코나졸제피과립,ItraconazoleCoatedGranules,[M083733]이트라코나졸제피과립
[M222875]암로디핀베실산염/[M213543]무수아토르바스타틴칼슘,복합,[D000152]Amlodipine(암로디핀),기타의순환계용약,근육병증|횡문근융해증|간효소이상발생위험증가,-,AnhydrousAtorvastatinCalcium,D000455,D000762,이트라코나졸제피과립,ItraconazoleCoatedGranules,[M083733]이트라코나졸제피과립
[M222875]암로디핀베실산염/[M090403]발사르탄/[M256664]아토르바스타틴칼슘수화물,복합,[D000152]Amlodipine(암로디핀),기타의순환계용약,근육병증|횡문근융해증|간효소이상발생위험증가,-,AtorvastatinCalciumHydrate,D000455,D000762,이트라코나졸제피과립,ItraconazoleCoatedGranules,[M083733]이트라코나졸제피과립
[M097492]에제티미브/[M222875]암로디핀베실산염/[M215219]아토르바스타틴칼슘삼수화물,복합,[D000152]Amlodipine(암로디핀),기타의순환계용약,근육병증|횡문근융해증|간효소이상발생위험증가,-,AtorvastatinCalciumTrihydrate,D000455,D000762,이트라코나졸제피과립,ItraconazoleCoatedGranules,[M083733]이트라코나졸제피과립
[M222875]암로디핀베실산염/[M093499]아토르바스타틴칼슘,복합,[D000152]Amlodipine(암로디핀),기타의순환계용약,근육병증|횡문근융해증|간효소이상발생위험증가,-,AtorvastatinCalcium,D000455,D000762,이트라코나졸제피과립,ItraconazoleCoatedGranules,[M083733]이트라코나졸제피과립
[M222885]케토롤락트로메타민염,단일,-,해열.진통.소염제,중증의위장관계이상반응,-,KetorolacTromethamine,D000274,D000363,이부프로펜,Ibuprofen,[M051259]이부프로펜/[M082487]파마브롬/[M040133]리보플라빈/[M040262]산화마그네슘
[M083734]이트라코나졸,단일,-,기타의화학요법제,횡문근융해증,-,Itraconazole,D000762,D000027,심바스타틴,Simvastatin,[M089710]심바스타틴/[M097492]에제티미브
[M092870]이트라코나졸고체분산체,단일,-,기타의화학요법제,triazolam의약리학적효과및작용(수면유도및진정작용등의중추신경억제효과)증가,-,ItraconazoleSolidDispersions,D000762,D000592,트리아졸람,Triazolam,[M088380]트리아졸람
[M257644]에리트로마이신스티노프레이트,단일,-,주로그람양성|음성균|리케치아|비루스에작용하는것,횡문근융해증/근육병증및이에수반되는급격한신기능악화,-,ErythromycinStinoprate,D000256,D000419,로바스타틴,Lovastatin,[M083392]로바스타틴
[M084703]케토롤락트로메타민,단일,-,해열.진통.소염제,중증의위장관계이상반응,-,KetorolacTromethamine,D000274,D000575,인도메타신,Indometacin,[M040508]인도메타신/[M040508]인도메타신
[M222885]케토롤락트로메타민염,단일,-,해열.진통.소염제,중증의위장관계이상반응,-,KetorolacTromethamine,D000274,D000363,이부프로펜,Ibuprofen,[M095195]아르기닌/[M051259]이부프로펜
[M084703]케토롤락트로메타민,단일,-,해열.진통.소염제,중증의위장관계이상반응,-,KetorolacTromethamine,D000274,D000363,이부프로펜,Ibuprofen,[M095195]아르기닌/[M051259]이부프로펜
[M222961]돔페리돈말레산염,단일,-,기타의소화기관용약,QTc연장효과증대로심각한위험(TorsadedePointes|심각한심실성부정맥포함)가능성,-,DomperidoneMaleate,D000297,D000213,피모짓,Pimozide,[M071691]피모짓
[M081091]돔페리돈,단일,-,기타의소화기관용약,QTc연장효과증대로심각한위험(TorsadedePointes|심각한심실성부정맥포함)가능성,-,Domperidone,D000297,D000213,피모짓,Pimozide,[M071691]피모짓
[M222961]돔페리돈말레산염/[M222961]돔페리돈말레산염,단일,-,기타의소화기관용약,QTc연장효과증대로심각한위험(TorsadedePointes|심각한심실성부정맥포함)가능성,-,DomperidoneMaleate,D000297,D000213,피모짓,Pimozide,[M071691]피모짓
[M081091]돔페리돈/[M081091]돔페리돈,단일,-,기타의소화기관용약,QTc연장효과증대로심각한위험(TorsadedePointes|심각한심실성부정맥포함)가능성,-,Domperidone,D000297,D000213,피모짓,Pimozide,[M071691]피모짓
[M222961]돔페리돈말레산염/[M222961]돔페리돈말레산염/[M222961]돔페리돈말레산염,단일,-,기타의소화기관용약,QTc연장효과증대로심각한위험(TorsadedePointes|심각한심실성부정맥포함)가능성,-,DomperidoneMaleate,D000297,D000213,피모짓,Pimozide,[M071691]피모짓
[M085595]말레인산돔페리돈,단일,-,기타의소화기관용약,QTc연장효과증대로심각한위험(TorsadedePointes|심각한심실성부정맥포함)가능성,-,DomperidoneMaleate,D000297,D000213,피모짓,Pimozide,[M071691]피모짓
[M085595]말레인산돔페리돈/[M222961]돔페리돈말레산염,단일,-,기타의소화기관용약,QTc연장효과증대로심각한위험(TorsadedePointes|심각한심실성부정맥포함)가능성,-,DomperidoneMaleate,D000297,D000213,피모짓,Pimozide,[M071691]피모짓
[M092870]이트라코나졸고체분산체,단일,-,기타의화학요법제,QT간격연장및심실부정맥(Torsadedepointes)위험증가,-,ItraconazoleSolidDispersions,D000762,D000213,피모짓,Pimozide,[M071691]피모짓
[M270057]이트라코나졸고체분산체/[M083734]이트라코나졸,단일,-,기타의화학요법제,QT간격연장및심실부정맥(Torsadedepointes)위험증가,-,Itraconazole,D000762,D000213,피모짓,Pimozide,[M071691]피모짓
[M083734]이트라코나졸,단일,-,기타의화학요법제,QT간격연장및심실부정맥(Torsadedepointes)위험증가,-,Itraconazole,D000762,D000213,피모짓,Pimozide,[M071691]피모짓
[M083733]이트라코나졸제피과립,단일,-,기타의화학요법제,QT간격연장및심실부정맥(Torsadedepointes)위험증가,-,ItraconazoleCoatedGranules,D000762,D000213,피모짓,Pimozide,[M071691]피모짓
[M223198]클래리트로마이신,단일,-,기타의항생물질제제(복합항생물질제제를포함),pimozide의혈중농도상승|QT연장,-,Clarithromycin,D000373,D000213,피모짓,Pimozide,[M071691]피모짓
[M245961]클래리트로마이신제피과립,단일,-,기타의항생물질제제(복합항생물질제제를포함),pimozide의혈중농도상승|QT연장,-,ClarithromycinCoatedGranules,D000373,D000213,피모짓,Pimozide,[M071691]피모짓
[M223198]클래리트로마이신/[M223198]클래리트로마이신,단일,-,기타의항생물질제제(복합항생물질제제를포함),pimozide의혈중농도상승|QT연장,-,Clarithromycin,D000373,D000213,피모짓,Pimozide,[M071691]피모짓
[M085725]클래리스로마이신,단일,-,기타의항생물질제제(복합항생물질제제를포함),pimozide의혈중농도상승|QT연장,-,Clarithromycin,D000373,D000213,피모짓,Pimozide,[M071691]피모짓
[M256483]클래리트로마이신제피과립(42%),단일,-,기타의항생물질제제(복합항생물질제제를포함),pimozide의혈중농도상승|QT연장,-,ClarithromycinCoatedGranules42%,D000373,D000213,피모짓,Pimozide,[M071691]피모짓
[M081835]브롬페리돌,단일,-,정신신경용제,지발성운동장애촉진|bromocryptine의작용감약,-,Bromperidol,D000238,D000541,브로모크립틴메실산염,BromocriptineMesylate,[M223060]브로모크립틴메실산염
[M088960]이오헥솔,단일,-,X선조영제,기능적신부전에의해유산산성증촉진,-,Iohexol,D000669,D000718,메트포르민염산염,MetforminHydrochloride,[M260057]엠파글리플로진/[M252996]리나글립틴/[M244179]메트포르민염산염
[M086785]이오비트리돌,단일,-,X선조영제,기능적신부전에의해유산산성증촉진,-,Iobitridol,D000760,D000718,메트포르민염산염,MetforminHydrochloride,[M260057]엠파글리플로진/[M252996]리나글립틴/[M244179]메트포르민염산염
[M222885]케토롤락트로메타민염,단일,-,해열.진통.소염제,중증의위장관계이상반응,-,KetorolacTromethamine,D000274,D000575,인도메타신,Indometacin,[M040508]인도메타신/[M040508]인도메타신
[M084703]케토롤락트로메타민,단일,-,해열.진통.소염제,중증의위장관계이상반응,-,KetorolacTromethamine,D000274,D000452,아스피린,Aspirin,[M040353]아세트아미노펜/[M040355]아스피린/[M223183]카페인무수물
[M088250]이소트레티노인/[M088250]이소트레티노인,단일,-,비타민A및D제,비타민A과잉증,-,Isotretinoin,D000758,D000488,트레티노인,Tretinoin,[M223129]에리트로마이신/[M051617]트레티노인
[M088250]이소트레티노인/[M223129]에리트로마이신,단일,-,기생성피부질환용제,비타민A과잉증,-,Isotretinoin,D000758,D000488,트레티노인,Tretinoin,[M223129]에리트로마이신/[M051617]트레티노인
[M088250]이소트레티노인/[M088250]이소트레티노인/[M088250]이소트레티노인,단일,-,비타민A및D제,비타민A과잉증,-,Isotretinoin,D000758,D000488,트레티노인,Tretinoin,[M223129]에리트로마이신/[M051617]트레티노인
[M071691]피모짓,단일,-,정신신경용제,QT간격연장,-,Pimozide,D000213,D000353,무수염산파록세틴,AnhydrousParoxetineHydrochloride,[M102324]무수염산파록세틴
[M085529]이오파미돌,단일,-,X선조영제,급성신부전,-,Iopamidol,D000267,D000718,메트포르민염산염,MetforminHydrochloride,[M257113]알로글립틴벤조산염/[M223014]메트포르민염산염
[M085529]이오파미돌/[M085529]이오파미돌,단일,-,X선조영제,급성신부전,-,Iopamidol,D000267,D000718,메트포르민염산염,MetforminHydrochloride,[M257113]알로글립틴벤조산염/[M223014]메트포르민염산염
[M088960]이오헥솔,단일,-,X선조영제,기능적신부전에의해유산산성증촉진,-,Iohexol,D000669,D000718,메트포르민염산염,MetforminHydrochloride,[M251915]시타글립틴인산염수화물/[M244179]메트포르민염산염
[M222885]케토롤락트로메타민염,단일,-,해열.진통.소염제,중증의위장관계이상반응,-,KetorolacTromethamine,D000274,D000452,아스피린,Aspirin,[M040353]아세트아미노펜/[M040355]아스피린/[M223183]카페인무수물
[M222885]케토롤락트로메타민염,단일,-,해열.진통.소염제,중증의위장관계이상반응,-,KetorolacTromethamine,D000274,D000672,케토프로펜,Ketoprofen,[M051464]케토프로펜/[M051464]케토프로펜/[M051464]케토프로펜
[M088960]이오헥솔,단일,-,X선조영제,기능적신부전에의해유산산성증촉진,-,Iohexol,D000669,D000718,메트포르민염산염,MetforminHydrochloride,[M086024]글리메피리드/[M244179]메트포르민염산염/[M086024]글리메피리드/[M244179]메트포르민염산염
[M084703]케토롤락트로메타민,단일,-,해열.진통.소염제,중증의위장관계이상반응,-,KetorolacTromethamine,D000274,D000672,케토프로펜,Ketoprofen,[M051464]케토프로펜/[M051464]케토프로펜/[M051464]케토프로펜
[M258880]아만타딘황산염,단일,-,기타의중추신경용약,항콜린작용증가,-,AmantadineSulfate,D000343,D000238,브롬페리돌,Bromperidol,[M081835]브롬페리돌
[M214384]염산미로데나필,단일,-,기타의비뇨생식기관및항문용약,혈압강하증가,-,MirodenafilHydrochloride,D000128,D000215,희석니트로글리세린,DiluteNitroglycerin,[M088774]희석니트로글리세린
[M253534]미로데나필,단일,-,기타의비뇨생식기관및항문용약,혈압강하증가,-,Mirodenafil,D000128,D000215,희석니트로글리세린,DiluteNitroglycerin,[M088774]희석니트로글리세린
[M102602]유데나필,단일,-,기타의비뇨생식기관및항문용약,혈압강하작용증가,-,Udenafil,D000569,D000215,희석니트로글리세린,DiluteNitroglycerin,[M088774]희석니트로글리세린
[M095435]타다라필,단일,-,기타의비뇨생식기관및항문용약,혈압강하작용증가,-,Tadalafil,D000181,D000215,희석니트로글리세린,DiluteNitroglycerin,[M088774]희석니트로글리세린
[M095435]타다라필/[M095435]타다라필,단일,-,기타의비뇨생식기관및항문용약,혈압강하작용증가,-,Tadalafil,D000181,D000215,희석니트로글리세린,DiluteNitroglycerin,[M088774]희석니트로글리세린
[M095435]타다라필/[M243979]탐스로신염산염,단일,-,기타의비뇨생식기관및항문용약,혈압강하작용증가,-,Tadalafil,D000181,D000215,희석니트로글리세린,DiluteNitroglycerin,[M088774]희석니트로글리세린
[M088268]이오메프롤,단일,-,X선조영제,기능적신부전에의해유산산성증촉진,-,Iomeprol,D000364,D000718,메트포르민염산염,MetforminHydrochloride,[M260057]엠파글리플로진/[M252996]리나글립틴/[M244179]메트포르민염산염
[M223130]에리트로마이신스테아르산염,단일,-,주로그람양성균|리케치아|비루스에작용하는것,횡문근융해증/근육병증및이에수반되는급격한신기능악화,-,ErythromycinStearate,D000256,D000419,로바스타틴,Lovastatin,[M083392]로바스타틴
[M256381]포사코나졸(미분화),단일,-,기타의화학요법제,근병증및횡문근융해,-,PosaconazoleMicronized,D000405,D000419,로바스타틴,Lovastatin,[M083392]로바스타틴
[M222961]돔페리돈말레산염/[M222961]돔페리돈말레산염/[M222961]돔페리돈말레산염,단일,-,기타의소화기관용약,QTc연장효과증대로심각한위험(TorsadedePointes|심각한심실성부정맥포함)가능성강력한CYP억제제가돔페리돈의대사를감소시켜|돔페리돈의영향(이상반응포함)증대가능성,-,DomperidoneMaleate,D000297,D000762,이트라코나졸제피과립,ItraconazoleCoatedGranules,[M083733]이트라코나졸제피과립
[M085595]말레인산돔페리돈,단일,-,기타의소화기관용약,QTc연장효과증대로심각한위험(TorsadedePointes|심각한심실성부정맥포함)가능성강력한CYP억제제가돔페리돈의대사를감소시켜|돔페리돈의영향(이상반응포함)증대가능성,-,DomperidoneMaleate,D000297,D000762,이트라코나졸제피과립,ItraconazoleCoatedGranules,[M083733]이트라코나졸제피과립
[M085595]말레인산돔페리돈/[M222961]돔페리돈말레산염,단일,-,기타의소화기관용약,QTc연장효과증대로심각한위험(TorsadedePointes|심각한심실성부정맥포함)가능성강력한CYP억제제가돔페리돈의대사를감소시켜|돔페리돈의영향(이상반응포함)증대가능성,-,DomperidoneMaleate,D000297,D000762,이트라코나졸제피과립,ItraconazoleCoatedGranules,[M083733]이트라코나졸제피과립
[M252789]실데나필시트르산염,단일,-,기타의비뇨생식기관및항문용약,동일계열병용투여금기,-,SildenafilCitrate,D000246,D000128,염산미로데나필,MirodenafilHydrochloride,[M214384]염산미로데나필
[M252789]실데나필시트르산염/[M252789]실데나필시트르산염,단일,-,기타의비뇨생식기관및항문용약,동일계열병용투여금기,-,SildenafilCitrate,D000246,D000128,염산미로데나필,MirodenafilHydrochloride,[M214384]염산미로데나필
[M253237]실데나필,단일,-,기타의비뇨생식기관및항문용약,동일계열병용투여금기,-,Sildenafil,D000246,D000128,염산미로데나필,MirodenafilHydrochloride,[M214384]염산미로데나필
[M253237]실데나필/[M253237]실데나필,단일,-,기타의비뇨생식기관및항문용약,동일계열병용투여금기,-,Sildenafil,D000246,D000128,염산미로데나필,MirodenafilHydrochloride,[M214384]염산미로데나필
[M223223]클로미프라민염산염/[M252789]실데나필시트르산염,단일,-,기타의비뇨생식기관및항문용약,동일계열병용투여금기,-,SildenafilCitrate,D000246,D000128,염산미로데나필,MirodenafilHydrochloride,[M214384]염산미로데나필
[M252789]실데나필시트르산염/[M252789]실데나필시트르산염/[M252789]실데나필시트르산염,단일,-,기타의비뇨생식기관및항문용약,동일계열병용투여금기,-,SildenafilCitrate,D000246,D000128,염산미로데나필,MirodenafilHydrochloride,[M214384]염산미로데나필
[M222885]케토롤락트로메타민염,단일,-,해열.진통.소염제,중증의위장관계이상반응,-,KetorolacTromethamine,D000274,D000309,피록시캄,Piroxicam,[M071634]피록시캄/[M071634]피록시캄/[M071634]피록시캄
[M084703]케토롤락트로메타민,단일,-,해열.진통.소염제,중증의위장관계이상반응,-,KetorolacTromethamine,D000274,D000309,피록시캄,Piroxicam,[M071634]피록시캄/[M071634]피록시캄/[M071634]피록시캄
[M092870]이트라코나졸고체분산체,단일,-,기타의화학요법제,midazolam의약리학적효과및작용(수면유도및진정작용등의중추신경억제효과)증가,-,ItraconazoleSolidDispersions,D000762,D000007,미다졸람,Midazolam,[M222760]미다졸람
[M270057]이트라코나졸고체분산체/[M083734]이트라코나졸,단일,-,기타의화학요법제,midazolam의약리학적효과및작용(수면유도및진정작용등의중추신경억제효과)증가,-,Itraconazole,D000762,D000007,미다졸람,Midazolam,[M222760]미다졸람
[M083734]이트라코나졸,단일,-,기타의화학요법제,midazolam의약리학적효과및작용(수면유도및진정작용등의중추신경억제효과)증가,-,Itraconazole,D000762,D000007,미다졸람,Midazolam,[M222760]미다졸람
[M083733]이트라코나졸제피과립,단일,-,기타의화학요법제,midazolam의약리학적효과및작용(수면유도및진정작용등의중추신경억제효과)증가,-,ItraconazoleCoatedGranules,D000762,D000007,미다졸람,Midazolam,[M222760]미다졸람
[M222961]돔페리돈말레산염,단일,-,기타의소화기관용약,QTc연장효과증대로심각한위험(TorsadedePointes|심각한심실성부정맥포함)가능성,-,DomperidoneMaleate,D000297,D000470,온단세트론,Ondansetron,[M088519]온단세트론
[M081091]돔페리돈,단일,-,기타의소화기관용약,QTc연장효과증대로심각한위험(TorsadedePointes|심각한심실성부정맥포함)가능성,-,Domperidone,D000297,D000470,온단세트론,Ondansetron,[M088519]온단세트론
[M222961]돔페리돈말레산염/[M222961]돔페리돈말레산염,단일,-,기타의소화기관용약,QTc연장효과증대로심각한위험(TorsadedePointes|심각한심실성부정맥포함)가능성,-,DomperidoneMaleate,D000297,D000470,온단세트론,Ondansetron,[M088519]온단세트론
[M081091]돔페리돈/[M081091]돔페리돈,단일,-,기타의소화기관용약,QTc연장효과증대로심각한위험(TorsadedePointes|심각한심실성부정맥포함)가능성,-,Domperidone,D000297,D000470,온단세트론,Ondansetron,[M088519]온단세트론
[M222961]돔페리돈말레산염/[M222961]돔페리돈말레산염/[M222961]돔페리돈말레산염,단일,-,기타의소화기관용약,QTc연장효과증대로심각한위험(TorsadedePointes|심각한심실성부정맥포함)가능성,-,DomperidoneMaleate,D000297,D000470,온단세트론,Ondansetron,[M088519]온단세트론
[M085595]말레인산돔페리돈,단일,-,기타의소화기관용약,QTc연장효과증대로심각한위험(TorsadedePointes|심각한심실성부정맥포함)가능성,-,DomperidoneMaleate,D000297,D000470,온단세트론,Ondansetron,[M088519]온단세트론
[M085595]말레인산돔페리돈/[M222961]돔페리돈말레산염,단일,-,기타의소화기관용약,QTc연장효과증대로심각한위험(TorsadedePointes|심각한심실성부정맥포함)가능성,-,DomperidoneMaleate,D000297,D000470,온단세트론,Ondansetron,[M088519]온단세트론
[M092870]이트라코나졸고체분산체,단일,-,기타의화학요법제,횡문근융해증,-,ItraconazoleSolidDispersions,D000762,D000027,심바스타틴,Simvastatin,[M089710]심바스타틴/[M097492]에제티미브
[M081091]돔페리돈/[M081091]돔페리돈,단일,-,기타의소화기관용약,QTc연장효과증대로심각한위험(TorsadedePointes|심각한심실성부정맥포함)가능성강력한CYP억제제가돔페리돈의대사를감소시켜|돔페리돈의영향(이상반응포함)증대가능성,-,Domperidone,D000297,D000762,이트라코나졸제피과립,ItraconazoleCoatedGranules,[M083733]이트라코나졸제피과립
[M222961]돔페리돈말레산염/[M222961]돔페리돈말레산염,단일,-,기타의소화기관용약,QTc연장효과증대로심각한위험(TorsadedePointes|심각한심실성부정맥포함)가능성강력한CYP억제제가돔페리돈의대사를감소시켜|돔페리돈의영향(이상반응포함)증대가능성,-,DomperidoneMaleate,D000297,D000762,이트라코나졸제피과립,ItraconazoleCoatedGranules,[M083733]이트라코나졸제피과립
[M081091]돔페리돈,단일,-,기타의소화기관용약,QTc연장효과증대로심각한위험(TorsadedePointes|심각한심실성부정맥포함)가능성강력한CYP억제제가돔페리돈의대사를감소시켜|돔페리돈의영향(이상반응포함)증대가능성,-,Domperidone,D000297,D000762,이트라코나졸제피과립,ItraconazoleCoatedGranules,[M083733]이트라코나졸제피과립
[M245961]클래리트로마이신제피과립,단일,-,기타의항생물질제제(복합항생물질제제를포함),심실부정맥(Torsadedepointes),-,ClarithromycinCoatedGranules,D000373,D000719,미졸라스틴,Mizolastine,[M089840]미졸라스틴
[M257939]라사길린메실산염,단일,-,기타의중추신경용약,고혈압위기|세로토닌증후군발생위험증가,-,RasagilineMesylate,D000698,D000773,트라마돌염산염,TramadolHydrochloride,[M255410]트라마돌염산염/[M040353]아세트아미노펜/[M255410]트라마돌염산염/[M040353]아세트아미노펜
[M262752]소포스부비르/[M262910]레디파스비르,복합,[D001071]Sofosbuvir(소포스부비르),기타의화학요법제,레디파스비르및소포스부비르혈장농도를현저히떨어뜨려이약의치료효과를감소시킬수있음,-,Ledipasvir,D001072,D000282,페노바르비탈나트륨,PhenobarbitalSodium,[M217088]페노바르비탈나트륨
[M262752]소포스부비르,단일,-,기타의화학요법제,소포스부비르혈장농도를현저히떨어트려소포스부비르의치료효과를감소시킬수있음,-,Sofosbuvir,D001071,D000282,페노바르비탈나트륨,PhenobarbitalSodium,[M217088]페노바르비탈나트륨
[M262752]소포스부비르/[M281345]벨파타스비르/[M282286]복실라프레비르,단일,-,기타의화학요법제,소포스부비르혈장농도를현저히떨어트려소포스부비르의치료효과를감소시킬수있음,-,Sofosbuvir,D001071,D000282,페노바르비탈나트륨,PhenobarbitalSodium,[M217088]페노바르비탈나트륨
[M262752]소포스부비르/[M281345]벨파타스비르,단일,-,기타의화학요법제,소포스부비르혈장농도를현저히떨어트려소포스부비르의치료효과를감소시킬수있음,-,Sofosbuvir,D001071,D000282,페노바르비탈나트륨,PhenobarbitalSodium,[M217088]페노바르비탈나트륨
[M257939]라사길린메실산염,단일,-,기타의중추신경용약,고혈압위기|세로토닌증후군발생위험증가,-,RasagilineMesylate,D000698,D000773,트라마돌염산염,TramadolHydrochloride,[M255410]트라마돌염산염/[M040353]아세트아미노펜/[M255410]트라마돌염산염/[M040353]아세트아미노펜/[M255410]트라마돌염산염/[M040353]아세트아미노펜
[M257939]라사길린메실산염,단일,-,기타의중추신경용약,고혈압위기|세로토닌증후군발생위험증가,-,RasagilineMesylate,D000698,D000773,트라마돌염산염,TramadolHydrochloride,[M255410]트라마돌염산염/[M040353]아세트아미노펜/[M040353]아세트아미노펜/[M255410]트라마돌염산염/[M040353]아세트아미노펜/[M040353]아세트아미노펜/[M255410]트라마돌염산염/[M040353]아세트아미노펜/[M040353]아세트아미노펜
[M071691]피모짓,단일,-,정신신경용제,QT간격연장,-,Pimozide,D000213,D000719,미졸라스틴,Mizolastine,[M089840]미졸라스틴
[M223198]클래리트로마이신,단일,-,기타의항생물질제제(복합항생물질제제를포함),심실부정맥(Torsadedepointes),-,Clarithromycin,D000373,D000719,미졸라스틴,Mizolastine,[M089840]미졸라스틴
[M222961]돔페리돈말레산염,단일,-,기타의소화기관용약,QTc연장효과증대로심각한위험(TorsadedePointes|심각한심실성부정맥포함)가능성강력한CYP억제제가돔페리돈의대사를감소시켜|돔페리돈의영향(이상반응포함)증대가능성,-,DomperidoneMaleate,D000297,D000762,이트라코나졸제피과립,ItraconazoleCoatedGranules,[M083733]이트라코나졸제피과립
[M223198]클래리트로마이신/[M223198]클래리트로마이신,단일,-,기타의항생물질제제(복합항생물질제제를포함),심실부정맥(Torsadedepointes),-,Clarithromycin,D000373,D000719,미졸라스틴,Mizolastine,[M089840]미졸라스틴
[M085725]클래리스로마이신,단일,-,기타의항생물질제제(복합항생물질제제를포함),심실부정맥(Torsadedepointes),-,Clarithromycin,D000373,D000719,미졸라스틴,Mizolastine,[M089840]미졸라스틴
[M256483]클래리트로마이신제피과립(42%),단일,-,기타의항생물질제제(복합항생물질제제를포함),심실부정맥(Torsadedepointes),-,ClarithromycinCoatedGranules42%,D000373,D000719,미졸라스틴,Mizolastine,[M089840]미졸라스틴
[M257644]에리트로마이신스티노프레이트,단일,-,주로그람양성|음성균|리케치아|비루스에작용하는것,QT연장등,-,ErythromycinStinoprate,D000256,D000719,미졸라스틴,Mizolastine,[M089840]미졸라스틴
[M223130]에리트로마이신스테아르산염,단일,-,주로그람양성균|리케치아|비루스에작용하는것,QT연장등,-,ErythromycinStearate,D000256,D000719,미졸라스틴,Mizolastine,[M089840]미졸라스틴
[M244179]메트포르민염산염/[M256664]아토르바스타틴칼슘수화물,복합,[D000718]Metformin(메트포르민),당뇨병용제,근육병증|횡문근융해위험증가가능,-,AtorvastatinCalciumHydrate,D000455,D000762,이트라코나졸제피과립,ItraconazoleCoatedGranules,[M083733]이트라코나졸제피과립
[M245775]이바브라딘염산염,단일,-,기타의순환계용약,이바브라딘의혈중농도증가,-,IvabradineHydrochloride,D000571,D000762,이트라코나졸제피과립,ItraconazoleCoatedGranules,[M083733]이트라코나졸제피과립
[M223126]에르고타민타르타르산염/[M223183]카페인무수물,복합,[D001266]AnhydrousCaffeine(카페인무수물),해열.진통.소염제,맥각독성(혈관경련|말단및기타조직허혈),-,ErgotamineTartrate,D000747,D000762,이트라코나졸제피과립,ItraconazoleCoatedGranules,[M083733]이트라코나졸제피과립
[M084703]케토롤락트로메타민,단일,-,해열.진통.소염제,중증의위장관계이상반응,-,KetorolacTromethamine,D000274,D000060,테녹시캄,Tenoxicam,[M082086]테녹시캄
[M270057]이트라코나졸고체분산체/[M083734]이트라코나졸,단일,-,기타의화학요법제,triazolam의약리학적효과및작용(수면유도및진정작용등의중추신경억제효과)증가,-,Itraconazole,D000762,D000592,트리아졸람,Triazolam,[M088380]트리아졸람
[M222885]케토롤락트로메타민염,단일,-,해열.진통.소염제,중증의위장관계이상반응,-,KetorolacTromethamine,D000274,D000506,디클로페낙나트륨,DiclofenacSodium,[M050288]디클로페낙나트륨/[M050288]디클로페낙나트륨/[M050288]디클로페낙나트륨/[M050288]디클로페낙나트륨/[M050288]디클로페낙나트륨/[M050288]디클로페낙나트륨/[M050288]디클로페낙나트륨
[M085595]말레인산돔페리돈/[M222961]돔페리돈말레산염,단일,-,기타의소화기관용약,QTc연장효과증대로심각한위험(TorsadedePointes|심각한심실성부정맥포함)가능성강력한CYP억제제가돔페리돈의대사를감소시켜|돔페리돈의영향(이상반응포함)증대가능성,-,DomperidoneMaleate,D000297,D000762,이트라코나졸,Itraconazole,[M270057]이트라코나졸고체분산체/[M083734]이트라코나졸
[M253921]릴피비린염산염,단일,-,기타의화학요법제,릴피비린의혈중농도가감소하여치료효과감소혹은내성발현,-,RilpivirineHydrochloride,D000225,D000282,페노바르비탈,Phenobarbital,[M040685]페노바르비탈
[M236272]에트라비린,단일,-,기타의화학요법제,에트라비린의혈중농도가감소하여치료효과감소혹은내성발현,-,Etravirine,D000036,D000282,페노바르비탈,Phenobarbital,[M040685]페노바르비탈
[M085529]이오파미돌,단일,-,X선조영제,급성신부전,-,Iopamidol,D000267,D000718,메트포르민염산염,MetforminHydrochloride,[M251915]시타글립틴인산염수화물/[M258339]다파글리플로진프로판디올수화물/[M244179]메트포르민염산염
[M253921]릴피비린염산염,단일,-,기타의화학요법제,위장pH의증가로릴피비린의흡수가저하되어릴피비린의치료효과감소,-,RilpivirineHydrochloride,D000225,D000168,일라프라졸,Ilaprazole,[M243753]일라프라졸
[M085529]이오파미돌/[M085529]이오파미돌,단일,-,X선조영제,급성신부전,-,Iopamidol,D000267,D000718,메트포르민염산염,MetforminHydrochloride,[M251915]시타글립틴인산염수화물/[M258339]다파글리플로진프로판디올수화물/[M244179]메트포르민염산염
[M081543]니코란딜,단일,-,혈관확장제,혈관확장작용증가로저혈압효과상승,-,Nicorandil,D000498,D000246,실데나필시트르산염,SildenafilCitrate,[M252789]실데나필시트르산염/[M252789]실데나필시트르산염/[M252789]실데나필시트르산염
[M222961]돔페리돈말레산염,단일,-,기타의소화기관용약,QTc연장효과증대로심각한위험(TorsadedePointes|심각한심실성부정맥포함)가능성,-,DomperidoneMaleate,D000297,D000724,비칼루타미드,Bicalutamide,[M259016]비칼루타미드/[M259016]비칼루타미드
[M081091]돔페리돈,단일,-,기타의소화기관용약,QTc연장효과증대로심각한위험(TorsadedePointes|심각한심실성부정맥포함)가능성,-,Domperidone,D000297,D000724,비칼루타미드,Bicalutamide,[M259016]비칼루타미드/[M259016]비칼루타미드
[M222961]돔페리돈말레산염/[M222961]돔페리돈말레산염,단일,-,기타의소화기관용약,QTc연장효과증대로심각한위험(TorsadedePointes|심각한심실성부정맥포함)가능성,-,DomperidoneMaleate,D000297,D000724,비칼루타미드,Bicalutamide,[M259016]비칼루타미드/[M259016]비칼루타미드
[M081091]돔페리돈/[M081091]돔페리돈,단일,-,기타의소화기관용약,QTc연장효과증대로심각한위험(TorsadedePointes|심각한심실성부정맥포함)가능성,-,Domperidone,D000297,D000724,비칼루타미드,Bicalutamide,[M259016]비칼루타미드/[M259016]비칼루타미드
[M222961]돔페리돈말레산염/[M222961]돔페리돈말레산염/[M222961]돔페리돈말레산염,단일,-,기타의소화기관용약,QTc연장효과증대로심각한위험(TorsadedePointes|심각한심실성부정맥포함)가능성,-,DomperidoneMaleate,D000297,D000724,비칼루타미드,Bicalutamide,[M259016]비칼루타미드/[M259016]비칼루타미드
[M085595]말레인산돔페리돈,단일,-,기타의소화기관용약,QTc연장효과증대로심각한위험(TorsadedePointes|심각한심실성부정맥포함)가능성,-,DomperidoneMaleate,D000297,D000724,비칼루타미드,Bicalutamide,[M259016]비칼루타미드/[M259016]비칼루타미드
[M085595]말레인산돔페리돈/[M222961]돔페리돈말레산염,단일,-,기타의소화기관용약,QTc연장효과증대로심각한위험(TorsadedePointes|심각한심실성부정맥포함)가능성,-,DomperidoneMaleate,D000297,D000724,비칼루타미드,Bicalutamide,[M259016]비칼루타미드/[M259016]비칼루타미드
[M244179]메트포르민염산염/[M256664]아토르바스타틴칼슘수화물,복합,[D000718]Metformin(메트포르민),당뇨병용제,근육병증|횡문근융해위험증가가능,-,AtorvastatinCalciumHydrate,D000455,D000762,이트라코나졸,Itraconazole,[M270057]이트라코나졸고체분산체/[M083734]이트라코나졸
[M245775]이바브라딘염산염,단일,-,기타의순환계용약,이바브라딘의혈중농도증가,-,IvabradineHydrochloride,D000571,D000762,이트라코나졸,Itraconazole,[M270057]이트라코나졸고체분산체/[M083734]이트라코나졸
[M223126]에르고타민타르타르산염/[M223183]카페인무수물,복합,[D001266]AnhydrousCaffeine(카페인무수물),해열.진통.소염제,맥각독성(혈관경련|말단및기타조직허혈),-,ErgotamineTartrate,D000747,D000762,이트라코나졸,Itraconazole,[M270057]이트라코나졸고체분산체/[M083734]이트라코나졸
[M222961]돔페리돈말레산염,단일,-,기타의소화기관용약,QTc연장효과증대로심각한위험(TorsadedePointes|심각한심실성부정맥포함)가능성강력한CYP억제제가돔페리돈의대사를감소시켜|돔페리돈의영향(이상반응포함)증대가능성,-,DomperidoneMaleate,D000297,D000762,이트라코나졸,Itraconazole,[M270057]이트라코나졸고체분산체/[M083734]이트라코나졸
[M081091]돔페리돈,단일,-,기타의소화기관용약,QTc연장효과증대로심각한위험(TorsadedePointes|심각한심실성부정맥포함)가능성강력한CYP억제제가돔페리돈의대사를감소시켜|돔페리돈의영향(이상반응포함)증대가능성,-,Domperidone,D000297,D000762,이트라코나졸,Itraconazole,[M270057]이트라코나졸고체분산체/[M083734]이트라코나졸
[M222961]돔페리돈말레산염/[M222961]돔페리돈말레산염,단일,-,기타의소화기관용약,QTc연장효과증대로심각한위험(TorsadedePointes|심각한심실성부정맥포함)가능성강력한CYP억제제가돔페리돈의대사를감소시켜|돔페리돈의영향(이상반응포함)증대가능성,-,DomperidoneMaleate,D000297,D000762,이트라코나졸,Itraconazole,[M270057]이트라코나졸고체분산체/[M083734]이트라코나졸
[M081091]돔페리돈/[M081091]돔페리돈,단일,-,기타의소화기관용약,QTc연장효과증대로심각한위험(TorsadedePointes|심각한심실성부정맥포함)가능성강력한CYP억제제가돔페리돈의대사를감소시켜|돔페리돈의영향(이상반응포함)증대가능성,-,Domperidone,D000297,D000762,이트라코나졸,Itraconazole,[M270057]이트라코나졸고체분산체/[M083734]이트라코나졸
[M222961]돔페리돈말레산염/[M222961]돔페리돈말레산염/[M222961]돔페리돈말레산염,단일,-,기타의소화기관용약,QTc연장효과증대로심각한위험(TorsadedePointes|심각한심실성부정맥포함)가능성강력한CYP억제제가돔페리돈의대사를감소시켜|돔페리돈의영향(이상반응포함)증대가능성,-,DomperidoneMaleate,D000297,D000762,이트라코나졸,Itraconazole,[M270057]이트라코나졸고체분산체/[M083734]이트라코나졸
[M084703]케토롤락트로메타민,단일,-,해열.진통.소염제,중증의위장관계이상반응,-,KetorolacTromethamine,D000274,D000982,나프록센,Naproxen,[M050116]나프록센/[M221042]에스오메프라졸스트론튬사수화물
[M222885]케토롤락트로메타민염,단일,-,해열.진통.소염제,중증의위장관계이상반응,-,KetorolacTromethamine,D000274,D000982,나프록센,Naproxen,[M050116]나프록센/[M221042]에스오메프라졸스트론튬사수화물
[M253921]릴피비린염산염,단일,-,기타의화학요법제,위장pH의증가로릴피비린의흡수가저하되어릴피비린의치료효과감소,-,RilpivirineHydrochloride,D000225,D000301,레바프라잔염산염,RevaprazanHydrochloride,[M261872]레바프라잔염산염
[M245171]페북소스타트,단일,-,통풍치료제,메르캅토푸린의혈중농도증가,-,Febuxostat,D000402,D000123,메르캅토푸린,Mercaptopurine,[M040148]메르캅토푸린
[M088889]레파글리니드/[M223014]메트포르민염산염,단일,-,당뇨병용제,혈당강하작용증강,-,Repaglinide,D000418,D000076,겜피브로질,Gemfibrozil,[M081453]겜피브로질/[M081453]겜피브로질
[M088889]레파글리니드,단일,-,당뇨병용제,혈당강하작용증강,-,Repaglinide,D000418,D000076,겜피브로질,Gemfibrozil,[M081453]겜피브로질/[M081453]겜피브로질
[M253921]릴피비린염산염,단일,-,기타의화학요법제,위장pH의증가로릴피비린의흡수가저하되어릴피비린의치료효과감소,-,RilpivirineHydrochloride,D000225,D000204,라베프라졸나트륨,RabeprazoleSodium,[M040634]침강탄산칼슘/[M089852]라베프라졸나트륨/[M040634]침강탄산칼슘
[M070676]발프로산나트륨,복합,[D000536]SodiumValproate(발프로산나트륨),항전간제,간질발작재발,-,SodiumValproate,D000535,D000757,이미페넴,Imipenem,[M089971]이미페넴/[M095530]실라스타틴나트륨
[M070676]발프로산나트륨/[M083547]발프로산,복합,[D000536]SodiumValproate(발프로산나트륨),항전간제,간질발작재발,-,SodiumValproate,D000535,D000757,이미페넴,Imipenem,[M089971]이미페넴/[M095530]실라스타틴나트륨
[M082087]디발프로엑스나트륨,단일,-,항전간제,간질발작재발,-,DivalproexSodium,D000535,D000757,이미페넴,Imipenem,[M089971]이미페넴/[M095530]실라스타틴나트륨
[M090172]발프로산마그네슘,단일,-,항전간제,간질발작재발,-,MagnesiumValproate,D000535,D000757,이미페넴,Imipenem,[M089971]이미페넴/[M095530]실라스타틴나트륨
[M083547]발프로산,단일,-,항전간제,간질발작재발,-,ValproicAcid,D000535,D000757,이미페넴,Imipenem,[M089971]이미페넴/[M095530]실라스타틴나트륨
[M200547]멜팔란,단일,-,항악성종양제,출혈성궤양대장염과장괴사,-,Melphalan,D000320,D000783,날리딕스산,NalidixicAcid,[M040054]날리딕스산/[M040054]날리딕스산
[M253921]릴피비린염산염,단일,-,기타의화학요법제,릴피비린의혈중농도가감소하여치료효과감소혹은내성발현,-,RilpivirineHydrochloride,D000225,D000209,포스페니토인나트륨,FosphenytoinSodium,[M235712]포스페니토인나트륨
[M085529]이오파미돌,단일,-,X선조영제,급성신부전,-,Iopamidol,D000267,D000718,메트포르민염산염,MetforminHydrochloride,[M244179]메트포르민염산염/[M268453]다파글리플로진비스L-프롤린
[M085529]이오파미돌/[M085529]이오파미돌,단일,-,X선조영제,급성신부전,-,Iopamidol,D000267,D000718,메트포르민염산염,MetforminHydrochloride,[M244179]메트포르민염산염/[M268453]다파글리플로진비스L-프롤린
[M222961]돔페리돈말레산염,단일,-,기타의소화기관용약,QTc연장효과증대로심각한위험(TorsadedePointes|심각한심실성부정맥포함)가능성,-,DomperidoneMaleate,D000297,D000638,벤라팍신염산염,VenlafaxineHydrochloride,[M241528]벤라팍신염산염
[M081091]돔페리돈,단일,-,기타의소화기관용약,QTc연장효과증대로심각한위험(TorsadedePointes|심각한심실성부정맥포함)가능성,-,Domperidone,D000297,D000638,벤라팍신염산염,VenlafaxineHydrochloride,[M241528]벤라팍신염산염
[M222961]돔페리돈말레산염/[M222961]돔페리돈말레산염,단일,-,기타의소화기관용약,QTc연장효과증대로심각한위험(TorsadedePointes|심각한심실성부정맥포함)가능성,-,DomperidoneMaleate,D000297,D000638,벤라팍신염산염,VenlafaxineHydrochloride,[M241528]벤라팍신염산염
[M081091]돔페리돈/[M081091]돔페리돈,단일,-,기타의소화기관용약,QTc연장효과증대로심각한위험(TorsadedePointes|심각한심실성부정맥포함)가능성,-,Domperidone,D000297,D000638,벤라팍신염산염,VenlafaxineHydrochloride,[M241528]벤라팍신염산염
[M222961]돔페리돈말레산염/[M222961]돔페리돈말레산염/[M222961]돔페리돈말레산염,단일,-,기타의소화기관용약,QTc연장효과증대로심각한위험(TorsadedePointes|심각한심실성부정맥포함)가능성,-,DomperidoneMaleate,D000297,D000638,벤라팍신염산염,VenlafaxineHydrochloride,[M241528]벤라팍신염산염
[M085595]말레인산돔페리돈,단일,-,기타의소화기관용약,QTc연장효과증대로심각한위험(TorsadedePointes|심각한심실성부정맥포함)가능성,-,DomperidoneMaleate,D000297,D000638,벤라팍신염산염,VenlafaxineHydrochloride,[M241528]벤라팍신염산염
[M085595]말레인산돔페리돈/[M222961]돔페리돈말레산염,단일,-,기타의소화기관용약,QTc연장효과증대로심각한위험(TorsadedePointes|심각한심실성부정맥포함)가능성,-,DomperidoneMaleate,D000297,D000638,벤라팍신염산염,VenlafaxineHydrochloride,[M241528]벤라팍신염산염
[M085595]말레인산돔페리돈,단일,-,기타의소화기관용약,QTc연장효과증대로심각한위험(TorsadedePointes|심각한심실성부정맥포함)가능성강력한CYP억제제가돔페리돈의대사를감소시켜|돔페리돈의영향(이상반응포함)증대가능성,-,DomperidoneMaleate,D000297,D000762,이트라코나졸,Itraconazole,[M270057]이트라코나졸고체분산체/[M083734]이트라코나졸
[M259362]리토나비르,단일,-,기타의화학요법제,횡문근융해증/근육병증및이에수반되는급격한신기능악화,-,Ritonavir,D000712,D000419,로바스타틴,Lovastatin,[M083392]로바스타틴/[M083392]로바스타틴/[M083392]로바스타틴
[M222885]케토롤락트로메타민염,단일,-,해열.진통.소염제,중증의위장관계이상반응,-,KetorolacTromethamine,D000274,D000363,이부프로펜아르기닌,IbuprofenArginine,[M209277]이부프로펜아르기닌
[M281904]니르마트렐비르/[M259362]리토나비르,단일,-,기타의화학요법제,횡문근융해증/근육병증및이에수반되는급격한신기능악화,-,Ritonavir,D000712,D000419,로바스타틴,Lovastatin,[M083392]로바스타틴/[M083392]로바스타틴/[M083392]로바스타틴
[M253237]실데나필,단일,-,기타의비뇨생식기관및항문용약,혈압강하작용증가,-,Sildenafil,D000246,D000215,희석된니트로글리세린,DiluteNitroglycerin,[M104103]희석된니트로글리세린
[M253237]실데나필/[M253237]실데나필,단일,-,기타의비뇨생식기관및항문용약,혈압강하작용증가,-,Sildenafil,D000246,D000215,희석된니트로글리세린,DiluteNitroglycerin,[M104103]희석된니트로글리세린
[M223223]클로미프라민염산염/[M252789]실데나필시트르산염,단일,-,기타의비뇨생식기관및항문용약,혈압강하작용증가,-,SildenafilCitrate,D000246,D000215,희석된니트로글리세린,DiluteNitroglycerin,[M104103]희석된니트로글리세린
[M252789]실데나필시트르산염/[M252789]실데나필시트르산염/[M252789]실데나필시트르산염,단일,-,기타의비뇨생식기관및항문용약,혈압강하작용증가,-,SildenafilCitrate,D000246,D000215,희석된니트로글리세린,DiluteNitroglycerin,[M104103]희석된니트로글리세린
[M082905]칼시트리올/[M082905]칼시트리올,단일,-,비타민A및D제,고칼슘혈증,-,Calcitriol,D000581,D000175,칼시페디올,Calcifediol,[M088487]칼시페디올
[M082905]칼시트리올,단일,-,비타민A및D제,고칼슘혈증,-,Calcitriol,D000581,D000175,칼시페디올,Calcifediol,[M088487]칼시페디올
[M082905]칼시트리올/[M285965]칼시트리올(수출용),단일,-,비타민A및D제,고칼슘혈증,-,Calcitriol,D000581,D000175,칼시페디올,Calcifediol,[M088487]칼시페디올
[M081303]알파칼시돌,단일,-,비타민A및D제,고칼슘혈증,-,Alfacalcidol,D000151,D000175,칼시페디올,Calcifediol,[M088487]칼시페디올
[M081303]알파칼시돌/[M081303]알파칼시돌,단일,-,비타민A및D제,고칼슘혈증,-,Alfacalcidol,D000151,D000175,칼시페디올,Calcifediol,[M088487]칼시페디올
[M085529]이오파미돌,단일,-,X선조영제,급성신부전,-,Iopamidol,D000267,D000718,메트포르민염산염,MetforminHydrochloride,[M244179]메트포르민염산염/[M280507]엠파글리플로진(무정형)
[M085529]이오파미돌/[M085529]이오파미돌,단일,-,X선조영제,급성신부전,-,Iopamidol,D000267,D000718,메트포르민염산염,MetforminHydrochloride,[M244179]메트포르민염산염/[M280507]엠파글리플로진(무정형)
[M251166]아고멜라틴,단일,-,정신신경용제,아고멜라틴혈중농도증가,-,Agomelatine,D000735,D000142,시프로플록사신염산염수화물,CiprofloxacinHydrochlorideHydrate,[M223091]시프로플록사신염산염수화물/[M223091]시프로플록사신염산염수화물/[M223091]시프로플록사신염산염수화물
[M213126]덱스케토프로펜트로메타몰,단일,-,해열.진통.소염제,경련발생,-,DexketoprofenTrometamol,D000696,D000142,시프로플록사신염산염수화물,CiprofloxacinHydrochlorideHydrate,[M223091]시프로플록사신염산염수화물/[M223091]시프로플록사신염산염수화물/[M223091]시프로플록사신염산염수화물
[M222885]케토롤락트로메타민염,단일,-,해열.진통.소염제,중증의위장관계이상반응,-,KetorolacTromethamine,D000274,D000086,덱시부프로펜디씨,DexibuprofenD.C.,[M212364]덱시부프로펜디씨
[M084703]케토롤락트로메타민,단일,-,해열.진통.소염제,중증의위장관계이상반응,-,KetorolacTromethamine,D000274,D000086,덱시부프로펜디씨,DexibuprofenD.C.,[M212364]덱시부프로펜디씨
[M222885]케토롤락트로메타민염,단일,-,해열.진통.소염제,중증의위장관계이상반응,-,KetorolacTromethamine,D000274,D000835,플루페남산,FlufenamicAcid,[M051841]플루페남산
[M084703]케토롤락트로메타민,단일,-,해열.진통.소염제,중증의위장관계이상반응,-,KetorolacTromethamine,D000274,D000835,플루페남산,FlufenamicAcid,[M051841]플루페남산
[M257644]에리트로마이신스티노프레이트,단일,-,주로그람양성|음성균|리케치아|비루스에작용하는것,병용을하여도항균작용이증가되지않음,-,ErythromycinStinoprate,D000256,D000713,린코마이신염산염수화물,LincomycinHydrochlorideHydrate,[M223001]린코마이신염산염수화물/[M223001]린코마이신염산염수화물
[M223130]에리트로마이신스테아르산염,단일,-,주로그람양성균|리케치아|비루스에작용하는것,병용을하여도항균작용이증가되지않음,-,ErythromycinStearate,D000256,D000713,린코마이신염산염수화물,LincomycinHydrochlorideHydrate,[M223001]린코마이신염산염수화물/[M223001]린코마이신염산염수화물
[M253921]릴피비린염산염,단일,-,기타의화학요법제,위장pH의증가로릴피비린의흡수가저하되어릴피비린의치료효과감소,-,RilpivirineHydrochloride,D000225,D000695,덱스란소프라졸,Dexlansoprazole,[M255434]덱스란소프라졸/[M255434]덱스란소프라졸
[M258880]아만타딘황산염,단일,-,기타의중추신경용약,amantadine의효과저해,-,AmantadineSulfate,D000343,D000781,페르페나진염산염,PerphenazineHydrochloride,[M232514]페르페나진염산염
[M222885]케토롤락트로메타민염,단일,-,해열.진통.소염제,중증의위장관계이상반응,-,KetorolacTromethamine,D000274,D000081,나부메톤,Nabumetone,[M084590]나부메톤/[M084590]나부메톤/[M084590]나부메톤/[M084590]나부메톤/[M084590]나부메톤
[M084703]케토롤락트로메타민,단일,-,해열.진통.소염제,중증의위장관계이상반응,-,KetorolacTromethamine,D000274,D000081,나부메톤,Nabumetone,[M084590]나부메톤/[M084590]나부메톤/[M084590]나부메톤/[M084590]나부메톤/[M084590]나부메톤
[M252789]실데나필시트르산염/[M252789]실데나필시트르산염,단일,-,기타의비뇨생식기관및항문용약,혈압강하작용증가,-,SildenafilCitrate,D000246,D000215,희석된니트로글리세린,DiluteNitroglycerin,[M104103]희석된니트로글리세린
[M252789]실데나필시트르산염,단일,-,기타의비뇨생식기관및항문용약,혈압강하작용증가,-,SildenafilCitrate,D000246,D000215,희석된니트로글리세린,DiluteNitroglycerin,[M104103]희석된니트로글리세린
[M084703]케토롤락트로메타민,단일,-,해열.진통.소염제,중증의위장관계이상반응,-,KetorolacTromethamine,D000274,D000506,디클로페낙디에틸아민,DiclofenacDiethylamine,[M256203]디클로페낙디에틸아민
[M214384]염산미로데나필,단일,-,기타의비뇨생식기관및항문용약,동일계열병용투여금기,-,MirodenafilHydrochloride,D000128,D000181,타다라필,Tadalafil,[M095435]타다라필/[M243979]탐스로신염산염
[M080618]케토코나졸,단일,-,항원충제,횡문근융해증을비롯한근육질환등중증이상반응,-,Ketoconazole,D000769,D000419,로바스타틴,Lovastatin,[M083392]로바스타틴/[M083392]로바스타틴/[M083392]로바스타틴
[M080618]케토코나졸/[M080618]케토코나졸,단일,-,항원충제,횡문근융해증을비롯한근육질환등중증이상반응,-,Ketoconazole,D000769,D000419,로바스타틴,Lovastatin,[M083392]로바스타틴/[M083392]로바스타틴/[M083392]로바스타틴
[M092870]이트라코나졸고체분산체,단일,-,기타의화학요법제,횡문근융해증,-,ItraconazoleSolidDispersions,D000762,D000419,로바스타틴,Lovastatin,[M083392]로바스타틴/[M083392]로바스타틴/[M083392]로바스타틴
[M270057]이트라코나졸고체분산체/[M083734]이트라코나졸,단일,-,기타의화학요법제,횡문근융해증,-,Itraconazole,D000762,D000419,로바스타틴,Lovastatin,[M083392]로바스타틴/[M083392]로바스타틴/[M083392]로바스타틴
[M083734]이트라코나졸,단일,-,기타의화학요법제,횡문근융해증,-,Itraconazole,D000762,D000419,로바스타틴,Lovastatin,[M083392]로바스타틴/[M083392]로바스타틴/[M083392]로바스타틴
[M083733]이트라코나졸제피과립,단일,-,기타의화학요법제,횡문근융해증,-,ItraconazoleCoatedGranules,D000762,D000419,로바스타틴,Lovastatin,[M083392]로바스타틴/[M083392]로바스타틴/[M083392]로바스타틴
[M222885]케토롤락트로메타민염,단일,-,해열.진통.소염제,중증의위장관계이상반응,-,KetorolacTromethamine,D000274,D000452,아스피린,Aspirin,[M040353]아세트아미노펜/[M040355]아스피린/[M040580]무수카페인
[M084703]케토롤락트로메타민,단일,-,해열.진통.소염제,중증의위장관계이상반응,-,KetorolacTromethamine,D000274,D000452,아스피린,Aspirin,[M040353]아세트아미노펜/[M040355]아스피린/[M040580]무수카페인
[M222885]케토롤락트로메타민염,단일,-,해열.진통.소염제,중증의위장관계이상반응,-,KetorolacTromethamine,D000274,D000452,아스피린,Aspirin,[M040355]아스피린/[M223183]카페인무수물
[M084703]케토롤락트로메타민,단일,-,해열.진통.소염제,중증의위장관계이상반응,-,KetorolacTromethamine,D000274,D000452,아스피린,Aspirin,[M040355]아스피린/[M223183]카페인무수물
[M253534]미로데나필,단일,-,기타의비뇨생식기관및항문용약,동일계열병용투여금기,-,Mirodenafil,D000128,D000181,타다라필,Tadalafil,[M095435]타다라필/[M243979]탐스로신염산염
[M222885]케토롤락트로메타민염,단일,-,해열.진통.소염제,중증의위장관계이상반응,-,KetorolacTromethamine,D000274,D000506,디클로페낙디에틸아민,DiclofenacDiethylamine,[M256203]디클로페낙디에틸아민
[M102602]유데나필,단일,-,기타의비뇨생식기관및항문용약,동일계열병용투여금기,-,Udenafil,D000569,D000181,타다라필,Tadalafil,[M095435]타다라필/[M243979]탐스로신염산염
[M222885]케토롤락트로메타민염,단일,-,해열.진통.소염제,중증의위장관계이상반응,-,KetorolacTromethamine,D000274,D000363,이부프로펜,Ibuprofen,[M051259]이부프로펜/[M050058]구아이페네신/[M203364]슈도에페드린염산염/[M222957]덱스트로메토르판브롬화수소산염수화물/[M223211]클로르페니라민말레산염/[M264046]DL-메틸에페드린염산염
[M084703]케토롤락트로메타민,단일,-,해열.진통.소염제,중증의위장관계이상반응,-,KetorolacTromethamine,D000274,D000363,이부프로펜,Ibuprofen,[M051259]이부프로펜/[M050058]구아이페네신/[M203364]슈도에페드린염산염/[M222957]덱스트로메토르판브롬화수소산염수화물/[M223211]클로르페니라민말레산염/[M264046]DL-메틸에페드린염산염
[M222885]케토롤락트로메타민염,단일,-,해열.진통.소염제,중증의위장관계이상반응,-,KetorolacTromethamine,D000274,D000363,이부프로펜,Ibuprofen,[M051259]이부프로펜/[M203364]슈도에페드린염산염/[M223211]클로르페니라민말레산염/[M223062]브롬헥신염산염
[M084703]케토롤락트로메타민,단일,-,해열.진통.소염제,중증의위장관계이상반응,-,KetorolacTromethamine,D000274,D000363,이부프로펜,Ibuprofen,[M051259]이부프로펜/[M203364]슈도에페드린염산염/[M223211]클로르페니라민말레산염/[M223062]브롬헥신염산염
[M262752]소포스부비르/[M262910]레디파스비르,복합,[D001071]Sofosbuvir(소포스부비르),기타의화학요법제,로수바스타틴농도를현저하게증가시킬수있으며|이는횡문근융해증을포함하여근육병증의위험증가,-,Ledipasvir,D001072,D000219,로수바스타틴칼슘,RosuvastatinCalcium,[M095744]로수바스타틴칼슘/[M097492]에제티미브/[M095744]로수바스타틴칼슘/[M097492]에제티미브
[M262752]소포스부비르/[M262910]레디파스비르,복합,[D001071]Sofosbuvir(소포스부비르),기타의화학요법제,로수바스타틴농도를현저하게증가시킬수있으며|이는횡문근융해증을포함하여근육병증의위험증가,-,Ledipasvir,D001072,D000219,로수바스타틴칼슘,RosuvastatinCalcium,[M097492]에제티미브/[M095744]로수바스타틴칼슘/[M097492]에제티미브/[M095744]로수바스타틴칼슘
[M097492]에제티미브/[M089710]심바스타틴,복합,[D000027]Simvastatin(심바스타틴),동맥경화용제,근증/횡문근변성의위험성이증가,-,Ezetimibe,D000350,D000769,케토코나졸,Ketoconazole,[M080618]케토코나졸
[M097492]에제티미브/[M089710]심바스타틴/[M097492]에제티미브/[M089710]심바스타틴,복합,[D000027]Simvastatin(심바스타틴),동맥경화용제,근증/횡문근변성의위험성이증가,-,Ezetimibe,D000350,D000769,케토코나졸,Ketoconazole,[M080618]케토코나졸
[M089710]심바스타틴/[M097492]에제티미브,복합,[D000027]Simvastatin(심바스타틴),동맥경화용제,근증/횡문근변성의위험성이증가,-,Ezetimibe,D000350,D000769,케토코나졸,Ketoconazole,[M080618]케토코나졸
[M084703]케토롤락트로메타민,단일,-,해열.진통.소염제,중증의위장관계이상반응,-,KetorolacTromethamine,D000274,D000363,이부프로펜아르기닌,IbuprofenArginine,[M209277]이부프로펜아르기닌
[M080618]케토코나졸/[M080618]케토코나졸,단일,-,항원충제,triazolam의약리학적효과및작용증가,-,Ketoconazole,D000769,D000592,트리아졸람,Triazolam,[M088380]트리아졸람
[M083734]이트라코나졸,단일,-,기타의화학요법제,triazolam의약리학적효과및작용(수면유도및진정작용등의중추신경억제효과)증가,-,Itraconazole,D000762,D000592,트리아졸람,Triazolam,[M088380]트리아졸람
[M223223]클로미프라민염산염/[M252789]실데나필시트르산염,단일,-,기타의비뇨생식기관및항문용약,동일계열병용투여금기,-,SildenafilCitrate,D000246,D000181,타다라필,Tadalafil,[M095435]타다라필/[M243979]탐스로신염산염
[M262752]소포스부비르,단일,-,기타의화학요법제,소포스부비르혈장농도를현저히떨어트려소포스부비르의치료효과를감소시킬수있음,-,Sofosbuvir,D001071,D000282,페노바르비탈,Phenobarbital,[M040685]페노바르비탈
[M262752]소포스부비르/[M262910]레디파스비르,단일,-,기타의화학요법제,소포스부비르혈장농도를현저히떨어트려소포스부비르의치료효과를감소시킬수있음,-,Sofosbuvir,D001071,D000282,페노바르비탈,Phenobarbital,[M040685]페노바르비탈
[M262752]소포스부비르/[M281345]벨파타스비르/[M282286]복실라프레비르,단일,-,기타의화학요법제,소포스부비르혈장농도를현저히떨어트려소포스부비르의치료효과를감소시킬수있음,-,Sofosbuvir,D001071,D000282,페노바르비탈,Phenobarbital,[M040685]페노바르비탈
[M262752]소포스부비르/[M281345]벨파타스비르,단일,-,기타의화학요법제,소포스부비르혈장농도를현저히떨어트려소포스부비르의치료효과를감소시킬수있음,-,Sofosbuvir,D001071,D000282,페노바르비탈,Phenobarbital,[M040685]페노바르비탈
[M081543]니코란딜,단일,-,혈관확장제,혈관확장작용증가로저혈압효과상승,-,Nicorandil,D000498,D000246,실데나필시트르산염,SildenafilCitrate,[M223223]클로미프라민염산염/[M252789]실데나필시트르산염
[M223358]히드록시진염산염,단일,-,정신신경용제,심부정맥위험증가가능,-,HydroxyzineHydrochloride,D000114,D000793,레보플록사신수화물,LevofloxacinHydrate,[M085584]레보플록사신/[M251128]레보플록사신수화물
[M088960]이오헥솔,단일,-,X선조영제,기능적신부전에의해유산산성증촉진,-,Iohexol,D000669,D000718,메트포르민염산염,MetforminHydrochloride,[M251915]시타글립틴인산염수화물/[M258339]다파글리플로진프로판디올수화물/[M244179]메트포르민염산염
[M070605]몰시도민,단일,-,혈관확장제,혈압강하작용증강,-,Molsidomine,D000530,D000246,실데나필시트르산염,SildenafilCitrate,[M252789]실데나필시트르산염/[M252789]실데나필시트르산염/[M252789]실데나필시트르산염
[M081543]니코란딜,단일,-,혈관확장제,혈관확장작용증가로저혈압효과상승,-,Nicorandil,D000498,D000246,실데나필,Sildenafil,[M253237]실데나필/[M253237]실데나필
[M223162]옥시메타졸린염산염/[M223211]클로르페니라민말레산염/[M256386]글리시리진산이칼륨,단일,-,이비과용제,고혈압초래가능혈관수축작용으로혈압상승가능,-,OxymetazolineHydrochloride,D001091,D000277,클로미프라민염산염,ClomipramineHydrochloride,[M223223]클로미프라민염산염/[M252789]실데나필시트르산염
[M223162]옥시메타졸린염산염/[M223211]클로르페니라민말레산염,단일,-,이비과용제,고혈압초래가능혈관수축작용으로혈압상승가능,-,OxymetazolineHydrochloride,D001091,D000277,클로미프라민염산염,ClomipramineHydrochloride,[M223223]클로미프라민염산염/[M252789]실데나필시트르산염
[M223162]옥시메타졸린염산염,단일,-,이비과용제,고혈압초래가능혈관수축작용으로혈압상승가능,-,OxymetazolineHydrochloride,D001091,D000277,클로미프라민염산염,ClomipramineHydrochloride,[M223223]클로미프라민염산염/[M252789]실데나필시트르산염
[M223162]옥시메타졸린염산염/[M223162]옥시메타졸린염산염/[M223162]옥시메타졸린염산염/[M223162]옥시메타졸린염산염,단일,-,이비과용제,고혈압초래가능혈관수축작용으로혈압상승가능,-,OxymetazolineHydrochloride,D001091,D000277,클로미프라민염산염,ClomipramineHydrochloride,[M223223]클로미프라민염산염/[M252789]실데나필시트르산염
[M223162]옥시메타졸린염산염/[M223211]클로르페니라민말레산염/[M256386]글리시리진산이칼륨/[M279321]염화세틸피리디늄,단일,-,이비과용제,고혈압초래가능혈관수축작용으로혈압상승가능,-,OxymetazolineHydrochloride,D001091,D000277,클로미프라민염산염,ClomipramineHydrochloride,[M223223]클로미프라민염산염/[M252789]실데나필시트르산염
[M223162]옥시메타졸린염산염/[M223162]옥시메타졸린염산염/[M223162]옥시메타졸린염산염/[M223162]옥시메타졸린염산염/[M223162]옥시메타졸린염산염,단일,-,이비과용제,고혈압초래가능혈관수축작용으로혈압상승가능,-,OxymetazolineHydrochloride,D001091,D000277,클로미프라민염산염,ClomipramineHydrochloride,[M223223]클로미프라민염산염/[M252789]실데나필시트르산염
[M223162]옥시메타졸린염산염/[M223162]옥시메타졸린염산염,단일,-,이비과용제,고혈압초래가능혈관수축작용으로혈압상승가능,-,OxymetazolineHydrochloride,D001091,D000277,클로미프라민염산염,ClomipramineHydrochloride,[M223223]클로미프라민염산염/[M252789]실데나필시트르산염
[M222885]케토롤락트로메타민염,단일,-,해열.진통.소염제,중증의위장관계이상반응,-,KetorolacTromethamine,D000274,D000363,이부프로펜,Ibuprofen,[M051259]이부프로펜/[M082487]파마브롬/[M050448]메타규산알루민산마그네슘
[M084703]케토롤락트로메타민,단일,-,해열.진통.소염제,중증의위장관계이상반응,-,KetorolacTromethamine,D000274,D000363,이부프로펜,Ibuprofen,[M051259]이부프로펜/[M082487]파마브롬/[M050448]메타규산알루민산마그네슘
[M252789]실데나필시트르산염,단일,-,기타의비뇨생식기관및항문용약,동일계열병용투여금기,-,SildenafilCitrate,D000246,D000181,타다라필,Tadalafil,[M095435]타다라필/[M243979]탐스로신염산염
[M252789]실데나필시트르산염/[M252789]실데나필시트르산염,단일,-,기타의비뇨생식기관및항문용약,동일계열병용투여금기,-,SildenafilCitrate,D000246,D000181,타다라필,Tadalafil,[M095435]타다라필/[M243979]탐스로신염산염
[M253237]실데나필,단일,-,기타의비뇨생식기관및항문용약,동일계열병용투여금기,-,Sildenafil,D000246,D000181,타다라필,Tadalafil,[M095435]타다라필/[M243979]탐스로신염산염
[M080618]케토코나졸/[M080618]케토코나졸,단일,-,항원충제,효소유도로인한ketoconazole의혈중농도저하,-,Ketoconazole,D000769,D000265,이소니아지드,Isoniazid,[M223170]이소니아지드
[M080618]케토코나졸,단일,-,항원충제,효소유도로인한ketoconazole의혈중농도저하,-,Ketoconazole,D000769,D000265,이소니아지드,Isoniazid,[M223170]이소니아지드
[M223130]에리트로마이신스테아르산염,단일,-,주로그람양성균|리케치아|비루스에작용하는것,병용을하여도항균작용이증가되지않음,-,ErythromycinStearate,D000256,D000678,인산클린다마이신,ClindamycinPhosphate,[M020134]인산클린다마이신
[M083733]이트라코나졸제피과립,단일,-,기타의화학요법제,triazolam의약리학적효과및작용(수면유도및진정작용등의중추신경억제효과)증가,-,ItraconazoleCoatedGranules,D000762,D000592,트리아졸람,Triazolam,[M088380]트리아졸람
[M211313]알프라졸람,단일,-,정신신경용제,alprazolam의혈장농도증가|수면및진정작용증강및연장,-,Alprazolam,D000660,D000762,이트라코나졸제피과립,ItraconazoleCoatedGranules,[M083733]이트라코나졸제피과립
[M215219]아토르바스타틴칼슘삼수화물,단일,-,동맥경화용제,근육병증,-,AtorvastatinCalciumTrihydrate,D000455,D000762,이트라코나졸제피과립,ItraconazoleCoatedGranules,[M083733]이트라코나졸제피과립
[M256664]아토르바스타틴칼슘수화물,단일,-,동맥경화용제,근육병증,-,AtorvastatinCalciumHydrate,D000455,D000762,이트라코나졸제피과립,ItraconazoleCoatedGranules,[M083733]이트라코나졸제피과립
[M093499]아토르바스타틴칼슘,단일,-,동맥경화용제,근육병증,-,AtorvastatinCalcium,D000455,D000762,이트라코나졸제피과립,ItraconazoleCoatedGranules,[M083733]이트라코나졸제피과립
[M257644]에리트로마이신스티노프레이트,단일,-,주로그람양성|음성균|리케치아|비루스에작용하는것,병용을하여도항균작용이증가되지않음,-,ErythromycinStinoprate,D000256,D000678,인산클린다마이신,ClindamycinPhosphate,[M020134]인산클린다마이신
[M088268]이오메프롤,단일,-,X선조영제,기능적신부전에의해유산산성증촉진,-,Iomeprol,D000364,D000718,메트포르민염산염,MetforminHydrochloride,[M244179]메트포르민염산염/[M268453]다파글리플로진비스L-프롤린
[M256664]아토르바스타틴칼슘수화물/[M256664]아토르바스타틴칼슘수화물,단일,-,동맥경화용제,근육병증,-,AtorvastatinCalciumHydrate,D000455,D000762,이트라코나졸제피과립,ItraconazoleCoatedGranules,[M083733]이트라코나졸제피과립
[M215219]아토르바스타틴칼슘삼수화물/[M256664]아토르바스타틴칼슘수화물,단일,-,동맥경화용제,근육병증,-,AtorvastatinCalciumTrihydrate,D000455,D000762,이트라코나졸제피과립,ItraconazoleCoatedGranules,[M083733]이트라코나졸제피과립
[M282749]에제티미브(미분화)/[M215219]아토르바스타틴칼슘삼수화물,단일,-,동맥경화용제,근육병증,-,AtorvastatinCalciumTrihydrate,D000455,D000762,이트라코나졸제피과립,ItraconazoleCoatedGranules,[M083733]이트라코나졸제피과립
[M256381]포사코나졸(미분화),단일,-,기타의화학요법제,횡문근융해를비롯한근육병증발생가능성증가,-,PosaconazoleMicronized,D000405,D000455,아토르바스타틴칼슘수화물,AtorvastatinCalciumHydrate,[M256664]아토르바스타틴칼슘수화물/[M097492]에제티미브
[M256381]포사코나졸(미분화),단일,-,기타의화학요법제,근병증및횡문근융해,-,PosaconazoleMicronized,D000405,D000027,심바스타틴,Simvastatin,[M089710]심바스타틴/[M097492]에제티미브
[M088960]이오헥솔,단일,-,X선조영제,기능적신부전에의해유산산성증촉진,-,Iohexol,D000669,D000718,메트포르민염산염,MetforminHydrochloride,[M244179]메트포르민염산염/[M268453]다파글리플로진비스L-프롤린
[M086785]이오비트리돌,단일,-,X선조영제,기능적신부전에의해유산산성증촉진,-,Iobitridol,D000760,D000718,메트포르민염산염,MetforminHydrochloride,[M244179]메트포르민염산염/[M268453]다파글리플로진비스L-프롤린
[M253237]실데나필/[M253237]실데나필,단일,-,기타의비뇨생식기관및항문용약,동일계열병용투여금기,-,Sildenafil,D000246,D000181,타다라필,Tadalafil,[M095435]타다라필/[M243979]탐스로신염산염
[M252789]실데나필시트르산염/[M252789]실데나필시트르산염/[M252789]실데나필시트르산염,단일,-,기타의비뇨생식기관및항문용약,동일계열병용투여금기,-,SildenafilCitrate,D000246,D000181,타다라필,Tadalafil,[M095435]타다라필/[M243979]탐스로신염산염
[M253921]릴피비린염산염,단일,-,기타의화학요법제,위장pH의증가로릴피비린의흡수가저하되어릴피비린의치료효과감소,-,RilpivirineHydrochloride,D000225,D000153,에스오메프라졸스트론튬사수화물,EsomeprazoleStrontiumTetrahydrate,[M221042]에스오메프라졸스트론튬사수화물
[M071691]피모짓,단일,-,정신신경용제,QT연장및심실성부정맥유발가능,-,Pimozide,D000213,D000673,이산화규소흡착코비시스타트,CobicistatSiliconeDioxide,[M264728]엘비테그라비르(미분화)/[M250026]엠트리시타빈/[M278212]테노포비르알라페나미드헤미푸마르산염/[M256270]이산화규소흡착코비시스타트
[M266925]시타글립틴염산염수화물/[M244179]메트포르민염산염,복합,[D000244]Sitagliptin(시타글립틴),당뇨병용제,기능적신부전에의해유산산성증촉진,48시간이내병용금기,MetforminHydrochloride,D000718,D000267,이오파미돌,Iopamidol,[M085529]이오파미돌/[M085529]이오파미돌
[M244179]메트포르민염산염/[M258339]다파글리플로진프로판디올수화물/[M266925]시타글립틴염산염수화물,복합,[D000244]Sitagliptin(시타글립틴),당뇨병용제,기능적신부전에의해유산산성증촉진,48시간이내병용금기,MetforminHydrochloride,D000718,D000267,이오파미돌,Iopamidol,[M085529]이오파미돌/[M085529]이오파미돌
[M244179]메트포르민염산염/[M251915]시타글립틴인산염수화물/[M258339]다파글리플로진프로판디올수화물,복합,[D000244]Sitagliptin(시타글립틴),당뇨병용제,기능적신부전에의해유산산성증촉진,48시간이내병용금기,MetforminHydrochloride,D000718,D000267,이오파미돌,Iopamidol,[M085529]이오파미돌/[M085529]이오파미돌
[M266925]시타글립틴염산염수화물/[M266682]메트포르민염산염콜로이드성이산화규소,복합,[D000244]Sitagliptin(시타글립틴),당뇨병용제,기능적신부전에의해유산산성증촉진,48시간이내병용금기,MetforminHydrochloridewithColloidalAnhydrousSilica,D000718,D000267,이오파미돌,Iopamidol,[M085529]이오파미돌/[M085529]이오파미돌
[M260057]엠파글리플로진/[M251915]시타글립틴인산염수화물/[M266682]메트포르민염산염콜로이드성이산화규소,복합,[D000244]Sitagliptin(시타글립틴),당뇨병용제,기능적신부전에의해유산산성증촉진,48시간이내병용금기,MetforminHydrochloridewithColloidalAnhydrousSilica,D000718,D000267,이오파미돌,Iopamidol,[M085529]이오파미돌/[M085529]이오파미돌
[M244179]메트포르민염산염/[M255021]로베글리타존황산염/[M251915]시타글립틴인산염수화물,복합,[D000244]Sitagliptin(시타글립틴),당뇨병용제,기능적신부전에의해유산산성증촉진,48시간이내병용금기,MetforminHydrochloride,D000718,D000267,이오파미돌,Iopamidol,[M085529]이오파미돌/[M085529]이오파미돌
[M084154]플루코나졸,단일,-,기타의화학요법제,triazolam의약리학적효과및작용증가,-,Fluconazole,D000517,D000592,트리아졸람,Triazolam,[M088380]트리아졸람
[M084154]플루코나졸/[M084154]플루코나졸,단일,-,기타의화학요법제,triazolam의약리학적효과및작용증가,-,Fluconazole,D000517,D000592,트리아졸람,Triazolam,[M088380]트리아졸람
[M084154]플루코나졸/[M084154]플루코나졸/[M084154]플루코나졸,단일,-,기타의화학요법제,triazolam의약리학적효과및작용증가,-,Fluconazole,D000517,D000592,트리아졸람,Triazolam,[M088380]트리아졸람
[M080618]케토코나졸,단일,-,항원충제,triazolam의약리학적효과및작용증가,-,Ketoconazole,D000769,D000592,트리아졸람,Triazolam,[M088380]트리아졸람
[M262101]시타글립틴인산염/[M223014]메트포르민염산염,복합,[D000244]Sitagliptin(시타글립틴),당뇨병용제,기능적신부전에의해유산산성증촉진,48시간이내병용금기,MetforminHydrochloride,D000718,D000267,이오파미돌,Iopamidol,[M085529]이오파미돌/[M085529]이오파미돌
[M084703]케토롤락트로메타민,단일,-,해열.진통.소염제,중증의위장관계이상반응,-,KetorolacTromethamine,D000274,D000463,미분화에토돌락,EtodolacMicronized,[M257127]미분화에토돌락/[M257127]미분화에토돌락
[M222885]케토롤락트로메타민염,단일,-,해열.진통.소염제,중증의위장관계이상반응,-,KetorolacTromethamine,D000274,D000463,미분화에토돌락,EtodolacMicronized,[M257127]미분화에토돌락/[M257127]미분화에토돌락
[M086332]라미부딘,단일,-,간장질환용제,세포내인산화방해|동일한역전사효소유전자(M184V)변이를통한바이러스내성-항바이러스효과감소,상품명:트루바다정,Lamivudine,D000615,D000665,엠트리시타빈,Emtricitabine,[M250026]엠트리시타빈/[M256843]테노포비르디소프록실푸마르산염
[M279128]돌루테그라비르나트륨(미분화)/[M262968]아바카비르황산염/[M086332]라미부딘,복합,[D000654]Abacavir(아바카비르),기타의화학요법제,세포내인산화방해|동일한역전사효소유전자(M184V)변이를통한바이러스내성-항바이러스효과감소,상품명:트루바다정,Lamivudine,D000615,D000665,엠트리시타빈,Emtricitabine,[M250026]엠트리시타빈/[M278212]테노포비르알라페나미드헤미푸마르산염
[M262968]아바카비르황산염/[M086332]라미부딘,복합,[D000654]Abacavir(아바카비르),기타의화학요법제,세포내인산화방해|동일한역전사효소유전자(M184V)변이를통한바이러스내성-항바이러스효과감소,상품명:트루바다정,Lamivudine,D000615,D000665,엠트리시타빈,Emtricitabine,[M250026]엠트리시타빈/[M278212]테노포비르알라페나미드헤미푸마르산염
[M086332]라미부딘,단일,-,간장질환용제,세포내인산화방해|동일한역전사효소유전자(M184V)변이를통한바이러스내성-항바이러스효과감소,상품명:트루바다정,Lamivudine,D000615,D000665,엠트리시타빈,Emtricitabine,[M250026]엠트리시타빈/[M278212]테노포비르알라페나미드헤미푸마르산염
[M101796]아데포비어디피복실,단일,-,간장질환용제,양쪽약물모두혈장농도상승가능,-,AdefovirDipivoxil,D000028,D000665,엠트리시타빈,Emtricitabine,[M250026]엠트리시타빈/[M278212]테노포비르알라페나미드헤미푸마르산염
[M279128]돌루테그라비르나트륨(미분화)/[M262968]아바카비르황산염/[M086332]라미부딘,복합,[D000654]Abacavir(아바카비르),기타의화학요법제,세포내인산화방해|동일한역전사효소유전자(M184V)변이를통한바이러스내성-항바이러스효과감소,상품명:트루바다정,Lamivudine,D000615,D000665,엠트리시타빈,Emtricitabine,[M268156]빅테그라비르나트륨/[M250026]엠트리시타빈/[M278212]테노포비르알라페나미드헤미푸마르산염
[M262968]아바카비르황산염/[M086332]라미부딘,복합,[D000654]Abacavir(아바카비르),기타의화학요법제,세포내인산화방해|동일한역전사효소유전자(M184V)변이를통한바이러스내성-항바이러스효과감소,상품명:트루바다정,Lamivudine,D000615,D000665,엠트리시타빈,Emtricitabine,[M268156]빅테그라비르나트륨/[M250026]엠트리시타빈/[M278212]테노포비르알라페나미드헤미푸마르산염
[M086332]라미부딘,단일,-,간장질환용제,세포내인산화방해|동일한역전사효소유전자(M184V)변이를통한바이러스내성-항바이러스효과감소,상품명:트루바다정,Lamivudine,D000615,D000665,엠트리시타빈,Emtricitabine,[M268156]빅테그라비르나트륨/[M250026]엠트리시타빈/[M278212]테노포비르알라페나미드헤미푸마르산염
[M101796]아데포비어디피복실,단일,-,간장질환용제,양쪽약물모두혈장농도상승가능,-,AdefovirDipivoxil,D000028,D000665,엠트리시타빈,Emtricitabine,[M268156]빅테그라비르나트륨/[M250026]엠트리시타빈/[M278212]테노포비르알라페나미드헤미푸마르산염
[M279128]돌루테그라비르나트륨(미분화)/[M262968]아바카비르황산염/[M086332]라미부딘,복합,[D000654]Abacavir(아바카비르),기타의화학요법제,세포내인산화방해|동일한역전사효소유전자(M184V)변이를통한바이러스내성-항바이러스효과감소,상품명:트루바다정,Lamivudine,D000615,D000665,엠트리시타빈,Emtricitabine,[M250026]엠트리시타빈/[M256843]테노포비르디소프록실푸마르산염
[M262968]아바카비르황산염/[M086332]라미부딘,복합,[D000654]Abacavir(아바카비르),기타의화학요법제,세포내인산화방해|동일한역전사효소유전자(M184V)변이를통한바이러스내성-항바이러스효과감소,상품명:트루바다정,Lamivudine,D000615,D000665,엠트리시타빈,Emtricitabine,[M250026]엠트리시타빈/[M256843]테노포비르디소프록실푸마르산염
[M101796]아데포비어디피복실,단일,-,간장질환용제,양쪽약물모두혈장농도상승가능,-,AdefovirDipivoxil,D000028,D000665,엠트리시타빈,Emtricitabine,[M250026]엠트리시타빈/[M256843]테노포비르디소프록실푸마르산염
[M251308]설트랄린염산염,단일,-,정신신경용제,세로토닌증후군위험증가가능성,-,SertralineHydrochloride,D000336,D001035,리네졸리드,Linezolid,[M093034]리네졸리드
[M279128]돌루테그라비르나트륨(미분화)/[M262968]아바카비르황산염/[M086332]라미부딘,복합,[D000654]Abacavir(아바카비르),기타의화학요법제,세포내인산화방해|동일한역전사효소유전자(M184V)변이를통한바이러스내성-항바이러스효과감소,상품명:트루바다정,Lamivudine,D000615,D000665,엠트리시타빈,Emtricitabine,[M264728]엘비테그라비르(미분화)/[M250026]엠트리시타빈/[M278212]테노포비르알라페나미드헤미푸마르산염/[M256270]이산화규소흡착코비시스타트
[M262968]아바카비르황산염/[M086332]라미부딘,복합,[D000654]Abacavir(아바카비르),기타의화학요법제,세포내인산화방해|동일한역전사효소유전자(M184V)변이를통한바이러스내성-항바이러스효과감소,상품명:트루바다정,Lamivudine,D000615,D000665,엠트리시타빈,Emtricitabine,[M264728]엘비테그라비르(미분화)/[M250026]엠트리시타빈/[M278212]테노포비르알라페나미드헤미푸마르산염/[M256270]이산화규소흡착코비시스타트
[M101796]아데포비어디피복실,단일,-,간장질환용제,양쪽약물모두혈장농도상승가능,-,AdefovirDipivoxil,D000028,D000665,엠트리시타빈,Emtricitabine,[M264728]엘비테그라비르(미분화)/[M250026]엠트리시타빈/[M278212]테노포비르알라페나미드헤미푸마르산염/[M256270]이산화규소흡착코비시스타트
[M253921]릴피비린염산염,단일,-,기타의화학요법제,위장pH의증가로릴피비린의흡수가저하되어릴피비린의치료효과감소,-,RilpivirineHydrochloride,D000225,D000153,에스오메프라졸마그네슘삼수화물,EsomeprazoleMagnesiumTrihydrate,[M092321]에스오메프라졸마그네슘삼수화물/[M040306]수산화마그네슘
[M253921]릴피비린염산염,단일,-,기타의화학요법제,위장pH의증가로릴피비린의흡수가저하되어릴피비린의치료효과감소,-,RilpivirineHydrochloride,D000225,D000699,란소프라졸,Lansoprazole,[M040634]침강탄산칼슘/[M085578]란소프라졸
[M088960]이오헥솔,단일,-,X선조영제,기능적신부전에의해유산산성증촉진,-,Iohexol,D000669,D000718,메트포르민염산염,MetforminHydrochloride,[M244179]메트포르민염산염/[M280507]엠파글리플로진(무정형)
[M086785]이오비트리돌,단일,-,X선조영제,기능적신부전에의해유산산성증촉진,-,Iobitridol,D000760,D000718,메트포르민염산염,MetforminHydrochloride,[M244179]메트포르민염산염/[M280507]엠파글리플로진(무정형)
[M088268]이오메프롤,단일,-,X선조영제,기능적신부전에의해유산산성증촉진,-,Iomeprol,D000364,D000718,메트포르민염산염,MetforminHydrochloride,[M244179]메트포르민염산염/[M280507]엠파글리플로진(무정형)
[M222885]케토롤락트로메타민염,단일,-,해열.진통.소염제,중증의위장관계이상반응,-,KetorolacTromethamine,D000274,D000363,이부프로펜,Ibuprofen,[M051259]이부프로펜/[M082487]파마브롬/[M040262]산화마그네슘/[M040133]리보플라빈
[M084703]케토롤락트로메타민,단일,-,해열.진통.소염제,중증의위장관계이상반응,-,KetorolacTromethamine,D000274,D000363,이부프로펜,Ibuprofen,[M051259]이부프로펜/[M082487]파마브롬/[M040262]산화마그네슘/[M040133]리보플라빈
[M222885]케토롤락트로메타민염,단일,-,해열.진통.소염제,상가적인위장관궤양|출혈의위험,-,KetorolacTromethamine,D000274,D000525,록소프로펜나트륨수화물,LoxoprofenSodiumHydrate,[M222839]록소프로펜나트륨수화물/[M222839]록소프로펜나트륨수화물/[M222839]록소프로펜나트륨수화물
[M081091]돔페리돈,단일,-,기타의소화기관용약,QTc연장효과증대로심각한위험(TorsadedePointes|심각한심실성부정맥포함)가능성,-,Domperidone,D000297,D000142,시프로플록사신염산염수화물,CiprofloxacinHydrochlorideHydrate,[M223091]시프로플록사신염산염수화물
[M081091]돔페리돈/[M081091]돔페리돈,단일,-,기타의소화기관용약,QTc연장효과증대로심각한위험(TorsadedePointes|심각한심실성부정맥포함)가능성,-,Domperidone,D000297,D000142,시프로플록사신염산염수화물,CiprofloxacinHydrochlorideHydrate,[M223091]시프로플록사신염산염수화물
[M222961]돔페리돈말레산염/[M222961]돔페리돈말레산염/[M222961]돔페리돈말레산염,단일,-,기타의소화기관용약,QTc연장효과증대로심각한위험(TorsadedePointes|심각한심실성부정맥포함)가능성,-,DomperidoneMaleate,D000297,D000142,시프로플록사신염산염수화물,CiprofloxacinHydrochlorideHydrate,[M223091]시프로플록사신염산염수화물
[M085595]말레인산돔페리돈,단일,-,기타의소화기관용약,QTc연장효과증대로심각한위험(TorsadedePointes|심각한심실성부정맥포함)가능성,-,DomperidoneMaleate,D000297,D000142,시프로플록사신염산염수화물,CiprofloxacinHydrochlorideHydrate,[M223091]시프로플록사신염산염수화물
[M085595]말레인산돔페리돈/[M222961]돔페리돈말레산염,단일,-,기타의소화기관용약,QTc연장효과증대로심각한위험(TorsadedePointes|심각한심실성부정맥포함)가능성,-,DomperidoneMaleate,D000297,D000142,시프로플록사신염산염수화물,CiprofloxacinHydrochlorideHydrate,[M223091]시프로플록사신염산염수화물
[M248019]티자니딘염산염,단일,-,골격근이완제,저혈압에의해졸음|현기증및정신운동능력감소,-,TizanidineHydrochloride,D000187,D000142,시프로플록사신염산염수화물,CiprofloxacinHydrochlorideHydrate,[M223091]시프로플록사신염산염수화물
[M083714]염산티자니딘,단일,-,진경제,저혈압에의해졸음|현기증및정신운동능력감소,-,TizanidineHydrochloride,D000187,D000142,시프로플록사신염산염수화물,CiprofloxacinHydrochlorideHydrate,[M223091]시프로플록사신염산염수화물
[M051464]케토프로펜,단일,-,진통.진양.수렴.소염제,경련,-,Ketoprofen,D000672,D000142,시프로플록사신염산염수화물,CiprofloxacinHydrochlorideHydrate,[M223091]시프로플록사신염산염수화물
[M222961]돔페리돈말레산염,단일,-,기타의소화기관용약,QTc연장효과증대로심각한위험(TorsadedePointes|심각한심실성부정맥포함)가능성,-,DomperidoneMaleate,D000297,D000643,삼산화비소,ArsenicTrioxide,[M250326]삼산화비소
[M081091]돔페리돈,단일,-,기타의소화기관용약,QTc연장효과증대로심각한위험(TorsadedePointes|심각한심실성부정맥포함)가능성,-,Domperidone,D000297,D000643,삼산화비소,ArsenicTrioxide,[M250326]삼산화비소
[M051464]케토프로펜/[M051464]케토프로펜,단일,-,진통.진양.수렴.소염제,경련,-,Ketoprofen,D000672,D000142,시프로플록사신염산염수화물,CiprofloxacinHydrochlorideHydrate,[M223091]시프로플록사신염산염수화물
[M081361]케토프로펜리신,단일,-,해열.진통.소염제,경련,-,KetoprofenLysin,D000672,D000142,시프로플록사신염산염수화물,CiprofloxacinHydrochlorideHydrate,[M223091]시프로플록사신염산염수화물
[M051464]케토프로펜/[M051464]케토프로펜/[M051464]케토프로펜/[M051464]케토프로펜/[M051464]케토프로펜/[M051464]케토프로펜/[M051464]케토프로펜/[M051464]케토프로펜/[M051464]케토프로펜/[M051464]케토프로펜/[M051464]케토프로펜/[M051464]케토프로펜,단일,-,진통.진양.수렴.소염제,경련,-,Ketoprofen,D000672,D000142,시프로플록사신염산염수화물,CiprofloxacinHydrochlorideHydrate,[M223091]시프로플록사신염산염수화물
[M051464]케토프로펜/[M051464]케토프로펜/[M051464]케토프로펜/[M051464]케토프로펜/[M051464]케토프로펜/[M051464]케토프로펜,단일,-,진통.진양.수렴.소염제,경련,-,Ketoprofen,D000672,D000142,시프로플록사신염산염수화물,CiprofloxacinHydrochlorideHydrate,[M223091]시프로플록사신염산염수화물
[M051464]케토프로펜/[M051464]케토프로펜/[M051464]케토프로펜,단일,-,진통.진양.수렴.소염제,경련,-,Ketoprofen,D000672,D000142,시프로플록사신염산염수화물,CiprofloxacinHydrochlorideHydrate,[M223091]시프로플록사신염산염수화물
[M222961]돔페리돈말레산염/[M222961]돔페리돈말레산염,단일,-,기타의소화기관용약,QTc연장효과증대로심각한위험(TorsadedePointes|심각한심실성부정맥포함)가능성,-,DomperidoneMaleate,D000297,D000643,삼산화비소,ArsenicTrioxide,[M250326]삼산화비소
[M081091]돔페리돈/[M081091]돔페리돈,단일,-,기타의소화기관용약,QTc연장효과증대로심각한위험(TorsadedePointes|심각한심실성부정맥포함)가능성,-,Domperidone,D000297,D000643,삼산화비소,ArsenicTrioxide,[M250326]삼산화비소
[M222961]돔페리돈말레산염/[M222961]돔페리돈말레산염/[M222961]돔페리돈말레산염,단일,-,기타의소화기관용약,QTc연장효과증대로심각한위험(TorsadedePointes|심각한심실성부정맥포함)가능성,-,DomperidoneMaleate,D000297,D000643,삼산화비소,ArsenicTrioxide,[M250326]삼산화비소
[M085595]말레인산돔페리돈,단일,-,기타의소화기관용약,QTc연장효과증대로심각한위험(TorsadedePointes|심각한심실성부정맥포함)가능성,-,DomperidoneMaleate,D000297,D000643,삼산화비소,ArsenicTrioxide,[M250326]삼산화비소
[M051464]케토프로펜/[M051464]케토프로펜/[M051464]케토프로펜/[M051464]케토프로펜/[M051464]케토프로펜/[M051464]케토프로펜/[M051464]케토프로펜/[M051464]케토프로펜,단일,-,진통.진양.수렴.소염제,경련,-,Ketoprofen,D000672,D000142,시프로플록사신염산염수화물,CiprofloxacinHydrochlorideHydrate,[M223091]시프로플록사신염산염수화물
[M051464]케토프로펜/[M051464]케토프로펜/[M051464]케토프로펜/[M051464]케토프로펜,단일,-,진통.진양.수렴.소염제,경련,-,Ketoprofen,D000672,D000142,시프로플록사신염산염수화물,CiprofloxacinHydrochlorideHydrate,[M223091]시프로플록사신염산염수화물
[M085595]말레인산돔페리돈/[M222961]돔페리돈말레산염,단일,-,기타의소화기관용약,QTc연장효과증대로심각한위험(TorsadedePointes|심각한심실성부정맥포함)가능성,-,DomperidoneMaleate,D000297,D000643,삼산화비소,ArsenicTrioxide,[M250326]삼산화비소
[M086538]분무건조아시트레틴25%,단일,-,비타민A및D제,두개내압증가,-,SprayDriedAcitretin25%,D000019,D000127,미노사이클린염산염,MinocyclineHydrochloride,[M223036]미노사이클린염산염
[M222885]케토롤락트로메타민염,단일,-,해열.진통.소염제,중증의위장관계이상반응,-,KetorolacTromethamine,D000274,D000309,피록시캄,Piroxicam,[M071634]피록시캄
[M222961]돔페리돈말레산염/[M222961]돔페리돈말레산염,단일,-,기타의소화기관용약,QTc연장효과증대로심각한위험(TorsadedePointes|심각한심실성부정맥포함)가능성,-,DomperidoneMaleate,D000297,D000142,시프로플록사신염산염수화물,CiprofloxacinHydrochlorideHydrate,[M223091]시프로플록사신염산염수화물
[M222961]돔페리돈말레산염,단일,-,기타의소화기관용약,QTc연장효과증대로심각한위험(TorsadedePointes|심각한심실성부정맥포함)가능성,-,DomperidoneMaleate,D000297,D000142,시프로플록사신염산염수화물,CiprofloxacinHydrochlorideHydrate,[M223091]시프로플록사신염산염수화물
[M040059]노스카핀/[M204422]dl-메틸에페드린염산염/[M223211]클로르페니라민말레산염/[M050058]구아이페네신/[M222957]덱스트로메토르판브롬화수소산염수화물,단일,-,진해거담제,경련|반사항진|이상고열|혼수등,-,DextromethorphanHydrobromideHydrate,D000200,D000698,라사길린메실산염,RasagilineMesylate,[M257939]라사길린메실산염
[M084703]케토롤락트로메타민,단일,-,해열.진통.소염제,중증의위장관계이상반응,-,KetorolacTromethamine,D000274,D000086,덱시부프로펜디.씨.,DexibuprofenD.C.,[M215523]덱시부프로펜디.씨.
[M095435]타다라필,단일,-,기타의비뇨생식기관및항문용약,혈압강하작용증가,-,Tadalafil,D000181,D000215,희석된니트로글리세린(니트로글리세린2%유당),DiluteNitroglycerin(Nitroglycerin2%InLactose),[M104323]희석된니트로글리세린(니트로글리세린2%유당)
[M095435]타다라필/[M095435]타다라필,단일,-,기타의비뇨생식기관및항문용약,혈압강하작용증가,-,Tadalafil,D000181,D000215,희석된니트로글리세린(니트로글리세린2%유당),DiluteNitroglycerin(Nitroglycerin2%InLactose),[M104323]희석된니트로글리세린(니트로글리세린2%유당)
[M088960]이오헥솔,단일,-,X선조영제,기능적신부전에의해유산산성증촉진,-,Iohexol,D000669,D000718,메트포르민염산염,MetforminHydrochloride,[M086024]글리메피리드/[M223014]메트포르민염산염
[M095435]타다라필/[M243979]탐스로신염산염,단일,-,기타의비뇨생식기관및항문용약,혈압강하작용증가,-,Tadalafil,D000181,D000215,희석된니트로글리세린(니트로글리세린2%유당),DiluteNitroglycerin(Nitroglycerin2%InLactose),[M104323]희석된니트로글리세린(니트로글리세린2%유당)
[M088960]이오헥솔,단일,-,X선조영제,기능적신부전에의해유산산성증촉진,-,Iohexol,D000669,D000718,메트포르민염산염,MetforminHydrochloride,[M268251]다파글리플로진시트르산/[M244179]메트포르민염산염
[M086785]이오비트리돌,단일,-,X선조영제,기능적신부전에의해유산산성증촉진,-,Iobitridol,D000760,D000718,메트포르민염산염,MetforminHydrochloride,[M268251]다파글리플로진시트르산/[M244179]메트포르민염산염
[M088268]이오메프롤,단일,-,X선조영제,기능적신부전에의해유산산성증촉진,-,Iomeprol,D000364,D000718,메트포르민염산염,MetforminHydrochloride,[M268251]다파글리플로진시트르산/[M244179]메트포르민염산염
[M089840]미졸라스틴,단일,-,항히스타민제,말초혈관경련|사지허혈|감각이상등,-,Mizolastine,D000719,D000628,록시트로마이신,Roxithromycin,[M222994]록시트로마이신
[M092870]이트라코나졸고체분산체,단일,-,기타의화학요법제,횡문근융해증,-,ItraconazoleSolidDispersions,D000762,D000027,심바스타틴,Simvastatin,[M089710]심바스타틴
[M270057]이트라코나졸고체분산체/[M083734]이트라코나졸,단일,-,기타의화학요법제,횡문근융해증,-,Itraconazole,D000762,D000027,심바스타틴,Simvastatin,[M089710]심바스타틴
[M083734]이트라코나졸,단일,-,기타의화학요법제,횡문근융해증,-,Itraconazole,D000762,D000027,심바스타틴,Simvastatin,[M089710]심바스타틴
[M083733]이트라코나졸제피과립,단일,-,기타의화학요법제,횡문근융해증,-,ItraconazoleCoatedGranules,D000762,D000027,심바스타틴,Simvastatin,[M089710]심바스타틴
[M051464]케토프로펜,단일,-,진통.진양.수렴.소염제,경련,-,Ketoprofen,D000672,D000142,시프로플록사신염산염수화물,CiprofloxacinHydrochlorideHydrate,[M223091]시프로플록사신염산염수화물/[M223091]시프로플록사신염산염수화물
[M051464]케토프로펜/[M051464]케토프로펜,단일,-,진통.진양.수렴.소염제,경련,-,Ketoprofen,D000672,D000142,시프로플록사신염산염수화물,CiprofloxacinHydrochlorideHydrate,[M223091]시프로플록사신염산염수화물/[M223091]시프로플록사신염산염수화물
[M081361]케토프로펜리신,단일,-,해열.진통.소염제,경련,-,KetoprofenLysin,D000672,D000142,시프로플록사신염산염수화물,CiprofloxacinHydrochlorideHydrate,[M223091]시프로플록사신염산염수화물/[M223091]시프로플록사신염산염수화물
[M051464]케토프로펜/[M051464]케토프로펜/[M051464]케토프로펜/[M051464]케토프로펜/[M051464]케토프로펜/[M051464]케토프로펜/[M051464]케토프로펜/[M051464]케토프로펜/[M051464]케토프로펜/[M051464]케토프로펜/[M051464]케토프로펜/[M051464]케토프로펜,단일,-,진통.진양.수렴.소염제,경련,-,Ketoprofen,D000672,D000142,시프로플록사신염산염수화물,CiprofloxacinHydrochlorideHydrate,[M223091]시프로플록사신염산염수화물/[M223091]시프로플록사신염산염수화물
[M051464]케토프로펜/[M051464]케토프로펜/[M051464]케토프로펜/[M051464]케토프로펜/[M051464]케토프로펜/[M051464]케토프로펜,단일,-,진통.진양.수렴.소염제,경련,-,Ketoprofen,D000672,D000142,시프로플록사신염산염수화물,CiprofloxacinHydrochlorideHydrate,[M223091]시프로플록사신염산염수화물/[M223091]시프로플록사신염산염수화물
[M051464]케토프로펜/[M051464]케토프로펜/[M051464]케토프로펜,단일,-,진통.진양.수렴.소염제,경련,-,Ketoprofen,D000672,D000142,시프로플록사신염산염수화물,CiprofloxacinHydrochlorideHydrate,[M223091]시프로플록사신염산염수화물/[M223091]시프로플록사신염산염수화물
[M051464]케토프로펜/[M051464]케토프로펜/[M051464]케토프로펜/[M051464]케토프로펜/[M051464]케토프로펜/[M051464]케토프로펜/[M051464]케토프로펜/[M051464]케토프로펜,단일,-,진통.진양.수렴.소염제,경련,-,Ketoprofen,D000672,D000142,시프로플록사신염산염수화물,CiprofloxacinHydrochlorideHydrate,[M223091]시프로플록사신염산염수화물/[M223091]시프로플록사신염산염수화물
[M051464]케토프로펜/[M051464]케토프로펜/[M051464]케토프로펜/[M051464]케토프로펜,단일,-,진통.진양.수렴.소염제,경련,-,Ketoprofen,D000672,D000142,시프로플록사신염산염수화물,CiprofloxacinHydrochlorideHydrate,[M223091]시프로플록사신염산염수화물/[M223091]시프로플록사신염산염수화물
[M222885]케토롤락트로메타민염,단일,-,해열.진통.소염제,중증의위장관계이상반응,-,KetorolacTromethamine,D000274,D000086,덱시부프로펜디.씨.,DexibuprofenD.C.,[M215523]덱시부프로펜디.씨.
[M084703]케토롤락트로메타민,단일,-,해열.진통.소염제,중증의위장관계이상반응,-,KetorolacTromethamine,D000274,D000309,피록시캄,Piroxicam,[M071634]피록시캄
[M089055]칸데사르탄실렉세틸/[M222875]암로디핀베실산염/[M251687]아토르바스타틴칼슘,복합,[D000152]Amlodipine(암로디핀)/[D000273]Candesartancilexetil(칸데사르탄실렉세틸),기타의순환계용약,근육병증|횡문근융해위험증가가능,-,AtorvastatinCalcium,D000455,D000769,케토코나졸,Ketoconazole,[M080618]케토코나졸
[M215219]아토르바스타틴칼슘삼수화물/[M261637]오메가3산에틸에스테르90,복합,[D001688]Omega-3-AcidEthylEsters90(오메가3산에틸에스테르90),동맥경화용제,근육병증|횡문근융해위험증가가능,-,AtorvastatinCalciumTrihydrate,D000455,D000769,케토코나졸,Ketoconazole,[M080618]케토코나졸
[M256664]아토르바스타틴칼슘수화물/[M270410]오메가-3-산에틸에스테르90,복합,[D001688]Omega-3-AcidEthylEsters90(오메가3산에틸에스테르90),동맥경화용제,근육병증|횡문근융해위험증가가능,-,AtorvastatinCalciumHydrate,D000455,D000769,케토코나졸,Ketoconazole,[M080618]케토코나졸
[M088960]이오헥솔,단일,-,X선조영제,기능적신부전에의해유산산성증촉진,-,Iohexol,D000669,D000718,메트포르민염산염,MetforminHydrochloride,[M244179]메트포르민염산염
[M256664]아토르바스타틴칼슘수화물/[M261637]오메가3산에틸에스테르90,단일,-,동맥경화용제,근육병증,-,AtorvastatinCalciumHydrate,D000455,D000769,케토코나졸,Ketoconazole,[M080618]케토코나졸
[M086785]이오비트리돌,단일,-,X선조영제,기능적신부전에의해유산산성증촉진,-,Iobitridol,D000760,D000718,메트포르민염산염,MetforminHydrochloride,[M244179]메트포르민염산염
[M088268]이오메프롤,단일,-,X선조영제,기능적신부전에의해유산산성증촉진,-,Iomeprol,D000364,D000718,메트포르민염산염,MetforminHydrochloride,[M244179]메트포르민염산염
[M253921]릴피비린염산염,단일,-,기타의화학요법제,위장pH의증가로릴피비린의흡수가저하되어릴피비린의치료효과감소,-,RilpivirineHydrochloride,D000225,D000153,에스오메프라졸나트륨,EsomeprazoleSodium,[M100498]에스오메프라졸나트륨
[M215219]아토르바스타틴칼슘삼수화물/[M256664]아토르바스타틴칼슘수화물,단일,-,동맥경화용제,근육병증,-,AtorvastatinCalciumTrihydrate,D000455,D000769,케토코나졸,Ketoconazole,[M080618]케토코나졸
[M256664]아토르바스타틴칼슘수화물/[M097492]에제티미브,단일,-,동맥경화용제,근육병증,-,AtorvastatinCalciumHydrate,D000455,D000769,케토코나졸,Ketoconazole,[M080618]케토코나졸
[M088960]이오헥솔,단일,-,X선조영제,기능적신부전에의해유산산성증촉진,-,Iohexol,D000669,D000718,메트포르민염산염,MetforminHydrochloride,[M258339]다파글리플로진프로판디올수화물/[M244179]메트포르민염산염
[M086785]이오비트리돌,단일,-,X선조영제,기능적신부전에의해유산산성증촉진,-,Iobitridol,D000760,D000718,메트포르민염산염,MetforminHydrochloride,[M258339]다파글리플로진프로판디올수화물/[M244179]메트포르민염산염
[M088268]이오메프롤,단일,-,X선조영제,기능적신부전에의해유산산성증촉진,-,Iomeprol,D000364,D000718,메트포르민염산염,MetforminHydrochloride,[M258339]다파글리플로진프로판디올수화물/[M244179]메트포르민염산염
[M282749]에제티미브(미분화)/[M215219]아토르바스타틴칼슘삼수화물,단일,-,동맥경화용제,근육병증,-,AtorvastatinCalciumTrihydrate,D000455,D000769,케토코나졸,Ketoconazole,[M080618]케토코나졸
[M070605]몰시도민,단일,-,혈관확장제,혈압강하작용증강,-,Molsidomine,D000530,D000246,실데나필시트르산염,SildenafilCitrate,[M252789]실데나필시트르산염/[M252789]실데나필시트르산염
[M040351]아세타졸아미드,단일,-,이뇨제,신결석,-,Acetazolamide,D000249,D000065,토피라메이트,Topiramate,[M087104]토피라메이트
[M256381]포사코나졸(미분화),단일,-,기타의화학요법제,횡문근융해를비롯한근육병증발생가능성증가,-,PosaconazoleMicronized,D000405,D000455,아토르바스타틴칼슘삼수화물,AtorvastatinCalciumTrihydrate,[M215219]아토르바스타틴칼슘삼수화물/[M097492]에제티미브
[M257939]라사길린메실산염,단일,-,기타의중추신경용약,고혈압위기|세로토닌증후군발생위험증가,-,RasagilineMesylate,D000698,D000773,트라마돌염산염,TramadolHydrochloride,[M255410]트라마돌염산염/[M040353]아세트아미노펜
[M253921]릴피비린염산염,단일,-,기타의화학요법제,위장pH의증가로릴피비린의흡수가저하되어릴피비린의치료효과감소,-,RilpivirineHydrochloride,D000225,D000153,에스오메프라졸마그네슘이수화물,EsomeprazoleMagnesiumDihydrate,[M242227]에스오메프라졸마그네슘이수화물
[M256381]포사코나졸(미분화),단일,-,기타의화학요법제,횡문근융해를비롯한근육병증발생가능성증가,-,PosaconazoleMicronized,D000405,D000455,아토르바스타틴칼슘,AtorvastatinCalcium,[M251687]아토르바스타틴칼슘
[M071691]피모짓,단일,-,정신신경용제,QT간격연장,-,Pimozide,D000213,D000516,플루옥세틴염산염,FluoxetineHydrochloride,[M222903]플루옥세틴염산염
[M222885]케토롤락트로메타민염,단일,-,해열.진통.소염제,중증의위장관계이상반응,-,KetorolacTromethamine,D000274,D000086,덱시부프로펜,Dexibuprofen,[M254719]덱시부프로펜
[M084703]케토롤락트로메타민,단일,-,해열.진통.소염제,중증의위장관계이상반응,-,KetorolacTromethamine,D000274,D000086,덱시부프로펜,Dexibuprofen,[M254719]덱시부프로펜
[M071691]피모짓,단일,-,정신신경용제,QT간격연장,-,Pimozide,D000213,D000516,플루옥세틴염산염,FluoxetineHydrochloride,[M222903]플루옥세틴염산염/[M222903]플루옥세틴염산염
[M222885]케토롤락트로메타민염,단일,-,해열.진통.소염제,중증의위장관계이상반응,-,KetorolacTromethamine,D000274,D000739,아세클로페낙,Aceclofenac,[M040359]아세클로페낙
[M088960]이오헥솔,단일,-,X선조영제,기능적신부전에의해유산산성증촉진,-,Iohexol,D000669,D000718,메트포르민염산염,MetforminHydrochloride,[M280507]엠파글리플로진(무정형)/[M244179]메트포르민염산염
[M256664]아토르바스타틴칼슘수화물/[M256664]아토르바스타틴칼슘수화물,단일,-,동맥경화용제,근육병증,-,AtorvastatinCalciumHydrate,D000455,D000769,케토코나졸,Ketoconazole,[M080618]케토코나졸
[M251687]아토르바스타틴칼슘,단일,-,동맥경화용제,근육병증,-,AtorvastatinCalcium,D000455,D000769,케토코나졸,Ketoconazole,[M080618]케토코나졸
[M222875]암로디핀베실산염/[M215219]아토르바스타틴칼슘삼수화물,복합,[D000152]Amlodipine(암로디핀),기타의순환계용약,근질환위험증가,-,AtorvastatinCalciumTrihydrate,D000455,D000769,케토코나졸,Ketoconazole,[M080618]케토코나졸
[M215219]아토르바스타틴칼슘삼수화물/[M222875]암로디핀베실산염/[M282749]에제티미브(미분화),복합,[D000152]Amlodipine(암로디핀),기타의순환계용약,근질환위험증가,-,AtorvastatinCalciumTrihydrate,D000455,D000769,케토코나졸,Ketoconazole,[M080618]케토코나졸
[M282749]에제티미브(미분화)/[M222875]암로디핀베실산염/[M215219]아토르바스타틴칼슘삼수화물,복합,[D000152]Amlodipine(암로디핀),기타의순환계용약,근질환위험증가,-,AtorvastatinCalciumTrihydrate,D000455,D000769,케토코나졸,Ketoconazole,[M080618]케토코나졸
[M093499]아토르바스타틴칼슘/[M222875]암로디핀베실산염,복합,[D000152]Amlodipine(암로디핀),기타의순환계용약,근질환위험증가,-,AtorvastatinCalcium,D000455,D000769,케토코나졸,Ketoconazole,[M080618]케토코나졸
[M256664]아토르바스타틴칼슘수화물/[M222875]암로디핀베실산염,복합,[D000152]Amlodipine(암로디핀),기타의순환계용약,근질환위험증가,-,AtorvastatinCalciumHydrate,D000455,D000769,케토코나졸,Ketoconazole,[M080618]케토코나졸
[M222875]암로디핀베실산염/[M213543]무수아토르바스타틴칼슘,복합,[D000152]Amlodipine(암로디핀),기타의순환계용약,근질환위험증가,-,AnhydrousAtorvastatinCalcium,D000455,D000769,케토코나졸,Ketoconazole,[M080618]케토코나졸
[M222875]암로디핀베실산염/[M090403]발사르탄/[M256664]아토르바스타틴칼슘수화물,복합,[D000152]Amlodipine(암로디핀),기타의순환계용약,근질환위험증가,-,AtorvastatinCalciumHydrate,D000455,D000769,케토코나졸,Ketoconazole,[M080618]케토코나졸
[M097492]에제티미브/[M222875]암로디핀베실산염/[M215219]아토르바스타틴칼슘삼수화물,복합,[D000152]Amlodipine(암로디핀),기타의순환계용약,근질환위험증가,-,AtorvastatinCalciumTrihydrate,D000455,D000769,케토코나졸,Ketoconazole,[M080618]케토코나졸
[M222875]암로디핀베실산염/[M093499]아토르바스타틴칼슘,복합,[D000152]Amlodipine(암로디핀),기타의순환계용약,근질환위험증가,-,AtorvastatinCalcium,D000455,D000769,케토코나졸,Ketoconazole,[M080618]케토코나졸
[M213543]무수아토르바스타틴칼슘/[M222875]암로디핀베실산염,복합,[D000152]Amlodipine(암로디핀),기타의순환계용약,근질환위험증가,-,AnhydrousAtorvastatinCalcium,D000455,D000769,케토코나졸,Ketoconazole,[M080618]케토코나졸
[M256664]아토르바스타틴칼슘수화물/[M222875]암로디핀베실산염/[M213543]무수아토르바스타틴칼슘/[M222875]암로디핀베실산염,복합,[D000152]Amlodipine(암로디핀),기타의순환계용약,근질환위험증가,-,AnhydrousAtorvastatinCalcium,D000455,D000769,케토코나졸,Ketoconazole,[M080618]케토코나졸
[M215219]아토르바스타틴칼슘삼수화물/[M222875]암로디핀베실산염,복합,[D000152]Amlodipine(암로디핀),기타의순환계용약,근질환위험증가,-,AtorvastatinCalciumTrihydrate,D000455,D000769,케토코나졸,Ketoconazole,[M080618]케토코나졸
[M215219]아토르바스타틴칼슘삼수화물/[M083437]베실산암로디핀,복합,[D000152]Amlodipine(암로디핀),기타의순환계용약,근질환위험증가,-,AtorvastatinCalciumTrihydrate,D000455,D000769,케토코나졸,Ketoconazole,[M080618]케토코나졸
[M215219]아토르바스타틴칼슘삼수화물,단일,-,동맥경화용제,근육병증,-,AtorvastatinCalciumTrihydrate,D000455,D000769,케토코나졸,Ketoconazole,[M080618]케토코나졸
[M097492]에제티미브/[M215219]아토르바스타틴칼슘삼수화물,단일,-,동맥경화용제,근육병증,-,AtorvastatinCalciumTrihydrate,D000455,D000769,케토코나졸,Ketoconazole,[M080618]케토코나졸
[M256664]아토르바스타틴칼슘수화물,단일,-,동맥경화용제,근육병증,-,AtorvastatinCalciumHydrate,D000455,D000769,케토코나졸,Ketoconazole,[M080618]케토코나졸
[M251687]아토르바스타틴칼슘/[M097492]에제티미브,단일,-,동맥경화용제,근육병증,-,AtorvastatinCalcium,D000455,D000769,케토코나졸,Ketoconazole,[M080618]케토코나졸
[M215219]아토르바스타틴칼슘삼수화물/[M097492]에제티미브,단일,-,동맥경화용제,근육병증,-,AtorvastatinCalciumTrihydrate,D000455,D000769,케토코나졸,Ketoconazole,[M080618]케토코나졸
[M102602]유데나필,단일,-,기타의비뇨생식기관및항문용약,혈압강하작용증가,-,Udenafil,D000569,D000215,희석된니트로글리세린(니트로글리세린2%유당),DiluteNitroglycerin(Nitroglycerin2%InLactose),[M104323]희석된니트로글리세린(니트로글리세린2%유당)
[M253534]미로데나필,단일,-,기타의비뇨생식기관및항문용약,혈압강하증가,-,Mirodenafil,D000128,D000215,희석된니트로글리세린(니트로글리세린2%유당),DiluteNitroglycerin(Nitroglycerin2%InLactose),[M104323]희석된니트로글리세린(니트로글리세린2%유당)
[M214384]염산미로데나필,단일,-,기타의비뇨생식기관및항문용약,혈압강하증가,-,MirodenafilHydrochloride,D000128,D000215,희석된니트로글리세린(니트로글리세린2%유당),DiluteNitroglycerin(Nitroglycerin2%InLactose),[M104323]희석된니트로글리세린(니트로글리세린2%유당)
[M262752]소포스부비르/[M281345]벨파타스비르,단일,-,기타의화학요법제,소포스부비르농도를감소시켜소포스부비르의치료효과를감소시킬수있음,-,Sofosbuvir,D001071,D000632,모다피닐,Modafinil,[M100572]모다피닐
[M201260]염산메트포민/[M050102]글리벤클라미드,복합,[D000690]Glibenclamide(글리벤클라미드),당뇨병용제,기능적신부전에의해유산산성증촉진,48시간이내병용금기,MetforminHydrochloride,D000718,D000669,이오헥솔,Iohexol,[M088960]이오헥솔
[M097492]에제티미브/[M089710]심바스타틴/[M097492]에제티미브/[M089710]심바스타틴,복합,[D000027]Simvastatin(심바스타틴),동맥경화용제,근증/횡문근변성의위험성이증가,-,Ezetimibe,D000350,D000762,이트라코나졸,Itraconazole,[M083734]이트라코나졸
[M244179]메트포르민염산염/[M050102]글리벤클라미드,복합,[D000690]Glibenclamide(글리벤클라미드),당뇨병용제,기능적신부전에의해유산산성증촉진,48시간이내병용금기,MetforminHydrochloride,D000718,D000669,이오헥솔,Iohexol,[M088960]이오헥솔
[M230909]실로도신,단일,-,기타의비뇨생식기관및항문용약,실로도신의혈중농도증가,-,Silodosin,D000342,D000762,이트라코나졸,Itraconazole,[M083734]이트라코나졸
[M252922]톨밥탄분무건조분말,단일,-,기타의순환계용약,톨밥탄의혈중농도증가,-,TolvaptanSprayDryPowder,D000487,D000373,클래리트로마이신제피과립,ClarithromycinCoatedGranules,[M245961]클래리트로마이신제피과립
[M222961]돔페리돈말레산염,단일,-,기타의소화기관용약,QTc연장효과증대로심각한위험(TorsadedePointes|심각한심실성부정맥포함)가능성강력한CYP억제제가돔페리돈의대사를감소시켜|돔페리돈의영향(이상반응포함)증대가능성,-,DomperidoneMaleate,D000297,D000373,클래리트로마이신제피과립,ClarithromycinCoatedGranules,[M245961]클래리트로마이신제피과립
[M081091]돔페리돈,단일,-,기타의소화기관용약,QTc연장효과증대로심각한위험(TorsadedePointes|심각한심실성부정맥포함)가능성강력한CYP억제제가돔페리돈의대사를감소시켜|돔페리돈의영향(이상반응포함)증대가능성,-,Domperidone,D000297,D000373,클래리트로마이신제피과립,ClarithromycinCoatedGranules,[M245961]클래리트로마이신제피과립
[M222961]돔페리돈말레산염/[M222961]돔페리돈말레산염,단일,-,기타의소화기관용약,QTc연장효과증대로심각한위험(TorsadedePointes|심각한심실성부정맥포함)가능성강력한CYP억제제가돔페리돈의대사를감소시켜|돔페리돈의영향(이상반응포함)증대가능성,-,DomperidoneMaleate,D000297,D000373,클래리트로마이신제피과립,ClarithromycinCoatedGranules,[M245961]클래리트로마이신제피과립
[M081091]돔페리돈/[M081091]돔페리돈,단일,-,기타의소화기관용약,QTc연장효과증대로심각한위험(TorsadedePointes|심각한심실성부정맥포함)가능성강력한CYP억제제가돔페리돈의대사를감소시켜|돔페리돈의영향(이상반응포함)증대가능성,-,Domperidone,D000297,D000373,클래리트로마이신제피과립,ClarithromycinCoatedGranules,[M245961]클래리트로마이신제피과립
[M222961]돔페리돈말레산염/[M222961]돔페리돈말레산염/[M222961]돔페리돈말레산염,단일,-,기타의소화기관용약,QTc연장효과증대로심각한위험(TorsadedePointes|심각한심실성부정맥포함)가능성강력한CYP억제제가돔페리돈의대사를감소시켜|돔페리돈의영향(이상반응포함)증대가능성,-,DomperidoneMaleate,D000297,D000373,클래리트로마이신제피과립,ClarithromycinCoatedGranules,[M245961]클래리트로마이신제피과립
[M085595]말레인산돔페리돈,단일,-,기타의소화기관용약,QTc연장효과증대로심각한위험(TorsadedePointes|심각한심실성부정맥포함)가능성강력한CYP억제제가돔페리돈의대사를감소시켜|돔페리돈의영향(이상반응포함)증대가능성,-,DomperidoneMaleate,D000297,D000373,클래리트로마이신제피과립,ClarithromycinCoatedGranules,[M245961]클래리트로마이신제피과립
[M085595]말레인산돔페리돈/[M222961]돔페리돈말레산염,단일,-,기타의소화기관용약,QTc연장효과증대로심각한위험(TorsadedePointes|심각한심실성부정맥포함)가능성강력한CYP억제제가돔페리돈의대사를감소시켜|돔페리돈의영향(이상반응포함)증대가능성,-,DomperidoneMaleate,D000297,D000373,클래리트로마이신제피과립,ClarithromycinCoatedGranules,[M245961]클래리트로마이신제피과립
[M252585]티카그렐러,단일,-,동맥경화용제,티카그렐러의혈중농도증가,-,Ticagrelor,D000385,D000373,클래리트로마이신제피과립,ClarithromycinCoatedGranules,[M245961]클래리트로마이신제피과립
[M222885]케토롤락트로메타민염,단일,-,해열.진통.소염제,중증의위장관계이상반응,-,KetorolacTromethamine,D000274,D000982,나프록센,Naproxen,[M050116]나프록센
[M084703]케토롤락트로메타민,단일,-,해열.진통.소염제,중증의위장관계이상반응,-,KetorolacTromethamine,D000274,D000982,나프록센,Naproxen,[M050116]나프록센
[M244179]메트포르민염산염/[M258339]다파글리플로진프로판디올수화물/[M266925]시타글립틴염산염수화물,복합,[D000244]Sitagliptin(시타글립틴),당뇨병용제,기능적신부전에의해유산산성증촉진,48시간이내병용금기,MetforminHydrochloride,D000718,D000669,이오헥솔,Iohexol,[M088960]이오헥솔
[M256664]아토르바스타틴칼슘수화물/[M256664]아토르바스타틴칼슘수화물,단일,-,동맥경화용제,근육병증,-,AtorvastatinCalciumHydrate,D000455,D000762,이트라코나졸고체분산체,ItraconazoleSolidDispersions,[M092870]이트라코나졸고체분산체
[M256664]아토르바스타틴칼슘수화물/[M261637]오메가3산에틸에스테르90,단일,-,동맥경화용제,근육병증,-,AtorvastatinCalciumHydrate,D000455,D000762,이트라코나졸고체분산체,ItraconazoleSolidDispersions,[M092870]이트라코나졸고체분산체
[M244179]메트포르민염산염/[M244179]메트포르민염산염/[M221584]빌다글립틴,복합,[D000445]Vildagliptin(빌다글립틴),당뇨병용제,기능적신부전에의해유산산성증촉진,48시간이내병용금기,MetforminHydrochloride,D000718,D000669,이오헥솔,Iohexol,[M088960]이오헥솔
[M215219]아토르바스타틴칼슘삼수화물/[M256664]아토르바스타틴칼슘수화물,단일,-,동맥경화용제,근육병증,-,AtorvastatinCalciumTrihydrate,D000455,D000762,이트라코나졸고체분산체,ItraconazoleSolidDispersions,[M092870]이트라코나졸고체분산체
[M262101]시타글립틴인산염/[M223014]메트포르민염산염,복합,[D000244]Sitagliptin(시타글립틴),당뇨병용제,기능적신부전에의해유산산성증촉진,48시간이내병용금기,MetforminHydrochloride,D000718,D000669,이오헥솔,Iohexol,[M088960]이오헥솔
[M266925]시타글립틴염산염수화물/[M244179]메트포르민염산염,복합,[D000244]Sitagliptin(시타글립틴),당뇨병용제,기능적신부전에의해유산산성증촉진,48시간이내병용금기,MetforminHydrochloride,D000718,D000669,이오헥솔,Iohexol,[M088960]이오헥솔
[M266925]시타글립틴염산염수화물/[M266682]메트포르민염산염콜로이드성이산화규소,복합,[D000244]Sitagliptin(시타글립틴),당뇨병용제,기능적신부전에의해유산산성증촉진,48시간이내병용금기,MetforminHydrochloridewithColloidalAnhydrousSilica,D000718,D000669,이오헥솔,Iohexol,[M088960]이오헥솔
[M097492]에제티미브/[M089710]심바스타틴,복합,[D000027]Simvastatin(심바스타틴),동맥경화용제,근증/횡문근변성의위험성이증가,-,Ezetimibe,D000350,D000762,이트라코나졸,Itraconazole,[M083734]이트라코나졸
[M256664]아토르바스타틴칼슘수화물/[M097492]에제티미브,단일,-,동맥경화용제,근육병증,-,AtorvastatinCalciumHydrate,D000455,D000762,이트라코나졸고체분산체,ItraconazoleSolidDispersions,[M092870]이트라코나졸고체분산체
[M244179]메트포르민염산염/[M251915]시타글립틴인산염수화물/[M258339]다파글리플로진프로판디올수화물,복합,[D000244]Sitagliptin(시타글립틴),당뇨병용제,기능적신부전에의해유산산성증촉진,48시간이내병용금기,MetforminHydrochloride,D000718,D000669,이오헥솔,Iohexol,[M088960]이오헥솔
[M260057]엠파글리플로진/[M251915]시타글립틴인산염수화물/[M266682]메트포르민염산염콜로이드성이산화규소,복합,[D000244]Sitagliptin(시타글립틴),당뇨병용제,기능적신부전에의해유산산성증촉진,48시간이내병용금기,MetforminHydrochloridewithColloidalAnhydrousSilica,D000718,D000669,이오헥솔,Iohexol,[M088960]이오헥솔
[M282749]에제티미브(미분화)/[M215219]아토르바스타틴칼슘삼수화물,단일,-,동맥경화용제,근육병증,-,AtorvastatinCalciumTrihydrate,D000455,D000762,이트라코나졸고체분산체,ItraconazoleSolidDispersions,[M092870]이트라코나졸고체분산체
[M244179]메트포르민염산염/[M255021]로베글리타존황산염/[M251915]시타글립틴인산염수화물,복합,[D000244]Sitagliptin(시타글립틴),당뇨병용제,기능적신부전에의해유산산성증촉진,48시간이내병용금기,MetforminHydrochloride,D000718,D000669,이오헥솔,Iohexol,[M088960]이오헥솔
[M222885]케토롤락트로메타민염,단일,-,해열.진통.소염제,중증의위장관계이상반응,-,KetorolacTromethamine,D000274,D000506,디클로페낙β-디메틸아미노에탄올,DiclofenacBeta-Dimethylaminoethanol,[M252249]디클로페낙β-디메틸아미노에탄올
[M262752]소포스부비르,단일,-,기타의화학요법제,소포스부비르농도를감소시켜소포스부비르의치료효과를감소시킬수있음,-,Sofosbuvir,D001071,D000632,모다피닐,Modafinil,[M100572]모다피닐
[M256381]포사코나졸(미분화),단일,-,기타의화학요법제,횡문근융해를비롯한근육병증발생가능성증가,-,PosaconazoleMicronized,D000405,D000455,아토르바스타틴칼슘수화물,AtorvastatinCalciumHydrate,[M256664]아토르바스타틴칼슘수화물/[M256664]아토르바스타틴칼슘수화물
[M262752]소포스부비르/[M262910]레디파스비르,단일,-,기타의화학요법제,소포스부비르농도를감소시켜소포스부비르의치료효과를감소시킬수있음,-,Sofosbuvir,D001071,D000632,모다피닐,Modafinil,[M100572]모다피닐
[M257644]에리트로마이신스티노프레이트,단일,-,주로그람양성|음성균|리케치아|비루스에작용하는것,병용을하여도항균작용이증가되지않음,-,ErythromycinStinoprate,D000256,D000678,클린다마이신포스페이트,ClindamycinPhosphate,[M223228]클린다마이신포스페이트
[M223130]에리트로마이신스테아르산염,단일,-,주로그람양성균|리케치아|비루스에작용하는것,병용을하여도항균작용이증가되지않음,-,ErythromycinStearate,D000256,D000678,클린다마이신포스페이트,ClindamycinPhosphate,[M223228]클린다마이신포스페이트
[M244179]메트포르민염산염/[M255021]로베글리타존황산염/[M251915]시타글립틴인산염수화물,복합,[D000244]Sitagliptin(시타글립틴),당뇨병용제,기능적신부전에의해유산산성증촉진,48시간이내병용금기,MetforminHydrochloride,D000718,D000267,이오파미돌,Iopamidol,[M085529]이오파미돌
[M071691]피모짓,단일,-,정신신경용제,QT연장및심실성부정맥유발가능,-,Pimozide,D000213,D000517,플루코나졸,Fluconazole,[M084154]플루코나졸
[M222961]돔페리돈말레산염,단일,-,기타의소화기관용약,QTc연장효과증대로심각한위험(TorsadedePointes|심각한심실성부정맥포함)가능성,-,DomperidoneMaleate,D000297,D000517,플루코나졸,Fluconazole,[M084154]플루코나졸
[M081091]돔페리돈,단일,-,기타의소화기관용약,QTc연장효과증대로심각한위험(TorsadedePointes|심각한심실성부정맥포함)가능성,-,Domperidone,D000297,D000517,플루코나졸,Fluconazole,[M084154]플루코나졸
[M222961]돔페리돈말레산염/[M222961]돔페리돈말레산염,단일,-,기타의소화기관용약,QTc연장효과증대로심각한위험(TorsadedePointes|심각한심실성부정맥포함)가능성,-,DomperidoneMaleate,D000297,D000517,플루코나졸,Fluconazole,[M084154]플루코나졸
[M081091]돔페리돈/[M081091]돔페리돈,단일,-,기타의소화기관용약,QTc연장효과증대로심각한위험(TorsadedePointes|심각한심실성부정맥포함)가능성,-,Domperidone,D000297,D000517,플루코나졸,Fluconazole,[M084154]플루코나졸
[M222961]돔페리돈말레산염/[M222961]돔페리돈말레산염/[M222961]돔페리돈말레산염,단일,-,기타의소화기관용약,QTc연장효과증대로심각한위험(TorsadedePointes|심각한심실성부정맥포함)가능성,-,DomperidoneMaleate,D000297,D000517,플루코나졸,Fluconazole,[M084154]플루코나졸
[M085595]말레인산돔페리돈,단일,-,기타의소화기관용약,QTc연장효과증대로심각한위험(TorsadedePointes|심각한심실성부정맥포함)가능성,-,DomperidoneMaleate,D000297,D000517,플루코나졸,Fluconazole,[M084154]플루코나졸
[M085595]말레인산돔페리돈/[M222961]돔페리돈말레산염,단일,-,기타의소화기관용약,QTc연장효과증대로심각한위험(TorsadedePointes|심각한심실성부정맥포함)가능성,-,DomperidoneMaleate,D000297,D000517,플루코나졸,Fluconazole,[M084154]플루코나졸
[M256381]포사코나졸(미분화),단일,-,기타의화학요법제,횡문근융해를비롯한근육병증발생가능성증가,-,PosaconazoleMicronized,D000405,D000455,아토르바스타틴칼슘수화물,AtorvastatinCalciumHydrate,[M256664]아토르바스타틴칼슘수화물
[M213126]덱스케토프로펜트로메타몰,단일,-,해열.진통.소염제,경련발생,-,DexketoprofenTrometamol,D000696,D000142,시프로플록사신,Ciprofloxacin,[M091139]시프로플록사신
[M251166]아고멜라틴,단일,-,정신신경용제,아고멜라틴혈중농도증가,-,Agomelatine,D000735,D000142,시프로플록사신,Ciprofloxacin,[M091139]시프로플록사신
[M260057]엠파글리플로진/[M251915]시타글립틴인산염수화물/[M266682]메트포르민염산염콜로이드성이산화규소,복합,[D000244]Sitagliptin(시타글립틴),당뇨병용제,기능적신부전에의해유산산성증촉진,48시간이내병용금기,MetforminHydrochloridewithColloidalAnhydrousSilica,D000718,D000267,이오파미돌,Iopamidol,[M085529]이오파미돌
[M262752]소포스부비르/[M281345]벨파타스비르/[M282286]복실라프레비르,단일,-,기타의화학요법제,소포스부비르농도를감소시켜소포스부비르의치료효과를감소시킬수있음,-,Sofosbuvir,D001071,D000632,모다피닐,Modafinil,[M100572]모다피닐
[M084703]케토롤락트로메타민,단일,-,해열.진통.소염제,중증의위장관계이상반응,-,KetorolacTromethamine,D000274,D000506,디클로페낙β-디메틸아미노에탄올,DiclofenacBeta-Dimethylaminoethanol,[M252249]디클로페낙β-디메틸아미노에탄올
[M222885]케토롤락트로메타민염,단일,-,해열.진통.소염제,중증의위장관계이상반응,-,KetorolacTromethamine,D000274,D000427,멜록시캄,Meloxicam,[M086439]멜록시캄
[M084703]케토롤락트로메타민,단일,-,해열.진통.소염제,중증의위장관계이상반응,-,KetorolacTromethamine,D000274,D000427,멜록시캄,Meloxicam,[M086439]멜록시캄
[M092870]이트라코나졸고체분산체,단일,-,기타의화학요법제,횡문근융해증,-,ItraconazoleSolidDispersions,D000762,D000027,심바스타틴,Simvastatin,[M097492]에제티미브/[M089710]심바스타틴
[M222885]케토롤락트로메타민염,단일,-,해열.진통.소염제,중증의위장관계이상반응,-,KetorolacTromethamine,D000274,D000506,디클로페낙베타디메틸아미노에탄올,DiclofenacBeta-Dimethylaminoethanol,[M251996]디클로페낙베타디메틸아미노에탄올
[M084703]케토롤락트로메타민,단일,-,해열.진통.소염제,중증의위장관계이상반응,-,KetorolacTromethamine,D000274,D000506,디클로페낙베타디메틸아미노에탄올,DiclofenacBeta-Dimethylaminoethanol,[M251996]디클로페낙베타디메틸아미노에탄올
[M085529]이오파미돌,단일,-,X선조영제,급성신부전,-,Iopamidol,D000267,D000718,메트포르민염산염,MetforminHydrochloride,[M262009]아나글립틴/[M223014]메트포르민염산염
[M085529]이오파미돌/[M085529]이오파미돌,단일,-,X선조영제,급성신부전,-,Iopamidol,D000267,D000718,메트포르민염산염,MetforminHydrochloride,[M262009]아나글립틴/[M223014]메트포르민염산염
[M262101]시타글립틴인산염/[M223014]메트포르민염산염,복합,[D000244]Sitagliptin(시타글립틴),당뇨병용제,기능적신부전에의해유산산성증촉진,48시간이내병용금기,MetforminHydrochloride,D000718,D000267,이오파미돌,Iopamidol,[M085529]이오파미돌
[M266925]시타글립틴염산염수화물/[M244179]메트포르민염산염,복합,[D000244]Sitagliptin(시타글립틴),당뇨병용제,기능적신부전에의해유산산성증촉진,48시간이내병용금기,MetforminHydrochloride,D000718,D000267,이오파미돌,Iopamidol,[M085529]이오파미돌
[M244179]메트포르민염산염/[M258339]다파글리플로진프로판디올수화물/[M266925]시타글립틴염산염수화물,복합,[D000244]Sitagliptin(시타글립틴),당뇨병용제,기능적신부전에의해유산산성증촉진,48시간이내병용금기,MetforminHydrochloride,D000718,D000267,이오파미돌,Iopamidol,[M085529]이오파미돌
[M244179]메트포르민염산염/[M251915]시타글립틴인산염수화물/[M258339]다파글리플로진프로판디올수화물,복합,[D000244]Sitagliptin(시타글립틴),당뇨병용제,기능적신부전에의해유산산성증촉진,48시간이내병용금기,MetforminHydrochloride,D000718,D000267,이오파미돌,Iopamidol,[M085529]이오파미돌
[M266925]시타글립틴염산염수화물/[M266682]메트포르민염산염콜로이드성이산화규소,복합,[D000244]Sitagliptin(시타글립틴),당뇨병용제,기능적신부전에의해유산산성증촉진,48시간이내병용금기,MetforminHydrochloridewithColloidalAnhydrousSilica,D000718,D000267,이오파미돌,Iopamidol,[M085529]이오파미돌
[M084703]케토롤락트로메타민,단일,-,해열.진통.소염제,중증의위장관계이상반응,-,KetorolacTromethamine,D000274,D000739,아세클로페낙,Aceclofenac,[M040359]아세클로페낙
[M222885]케토롤락트로메타민염,단일,-,해열.진통.소염제,중증의위장관계이상반응,-,KetorolacTromethamine,D000274,D000739,아세클로페낙,Aceclofenac,[M040359]아세클로페낙/[M040359]아세클로페낙
[M084703]케토롤락트로메타민,단일,-,해열.진통.소염제,중증의위장관계이상반응,-,KetorolacTromethamine,D000274,D000739,아세클로페낙,Aceclofenac,[M040359]아세클로페낙/[M040359]아세클로페낙
[M223307]프로카테롤염산염수화물,단일,-,진해거담제,부정맥또는심정지,소생등의응급상황제외,ProcaterolHydrochlorideHydrate,D000514,D000082,노르에피네프린타르타르산염수화물,NorepinephrineTartrateHydrate,[M252333]노르에피네프린타르타르산염수화물
[M086785]이오비트리돌,단일,-,X선조영제,기능적신부전에의해유산산성증촉진,-,Iobitridol,D000760,D000718,메트포르민염산염콜로이드성이산화규소,MetforminHydrochloridewithColloidalAnhydrousSilica,[M268745]리나글립틴(미분화)/[M266682]메트포르민염산염콜로이드성이산화규소
[M088268]이오메프롤,단일,-,X선조영제,기능적신부전에의해유산산성증촉진,-,Iomeprol,D000364,D000718,메트포르민염산염콜로이드성이산화규소,MetforminHydrochloridewithColloidalAnhydrousSilica,[M268745]리나글립틴(미분화)/[M266682]메트포르민염산염콜로이드성이산화규소
[M223216]클로르프로마진염산염,단일,-,정신신경용제,혈압강하,-,ChlorpromazineHydrochloride,D000584,D000560,에피네프린타르타르산염,EpinephrineTartrate,[M251244]에피네프린타르타르산염
[M040618]염산클로르프로마진,단일,-,정신신경용제,혈압강하,-,ChlorpromazineHydrochloride,D000584,D000560,에피네프린타르타르산염,EpinephrineTartrate,[M251244]에피네프린타르타르산염
[M223069]살부타몰황산염,단일,-,진해거담제,부정맥또는심정지,-,SalbutamolSulfate,D000137,D000560,에피네프린타르타르산염,EpinephrineTartrate,[M251244]에피네프린타르타르산염
[M091367]페르페나진,단일,-,정신신경용제,혈압강하효과,-,Perphenazine,D000781,D000560,에피네프린타르타르산염,EpinephrineTartrate,[M251244]에피네프린타르타르산염
[M232514]페르페나진염산염,단일,-,정신신경용제,혈압강하효과,-,PerphenazineHydrochloride,D000781,D000560,에피네프린타르타르산염,EpinephrineTartrate,[M251244]에피네프린타르타르산염
[M084482]부데소니드/[M223288]포르모테롤푸마르산염수화물,단일,-,진해거담제,부정맥또는심정지,-,FormoterolFumarateHydrate,D000838,D000082,노르에피네프린타르타르산염수화물,NorepinephrineTartrateHydrate,[M252333]노르에피네프린타르타르산염수화물
[M256708]부데소니드(미분화)/[M258126]포르모테롤푸마르산염수화물(미분화),단일,-,진해거담제,부정맥또는심정지,-,FormoterolFumarateHydrateMicronized,D000838,D000082,노르에피네프린타르타르산염수화물,NorepinephrineTartrateHydrate,[M252333]노르에피네프린타르타르산염수화물
[M256708]부데소니드(미분화)/[M280913]글리코피로니움브롬화물(미분화)/[M258126]포르모테롤푸마르산염수화물(미분화),단일,-,진해거담제,부정맥또는심정지,-,FormoterolFumarateHydrateMicronized,D000838,D000082,노르에피네프린타르타르산염수화물,NorepinephrineTartrateHydrate,[M252333]노르에피네프린타르타르산염수화물
[M256708]부데소니드(미분화)/[M257129]포르모테롤푸마르산염수화물,단일,-,진해거담제,부정맥또는심정지,-,FormoterolFumarateHydrate,D000838,D000082,노르에피네프린타르타르산염수화물,NorepinephrineTartrateHydrate,[M252333]노르에피네프린타르타르산염수화물
[M223288]포르모테롤푸마르산염수화물,단일,-,진해거담제,부정맥또는심정지,-,FormoterolFumarateHydrate,D000838,D000082,노르에피네프린타르타르산염수화물,NorepinephrineTartrateHydrate,[M252333]노르에피네프린타르타르산염수화물
[M280472]베클로메타손디프로피오네이트(미분화)/[M258126]포르모테롤푸마르산염수화물(미분화),단일,-,진해거담제,부정맥또는심정지,-,FormoterolFumarateHydrateMicronized,D000838,D000082,노르에피네프린타르타르산염수화물,NorepinephrineTartrateHydrate,[M252333]노르에피네프린타르타르산염수화물
[M265404]베클로메타손디프로피오네이트무수물(미분화)/[M258126]포르모테롤푸마르산염수화물(미분화),단일,-,진해거담제,부정맥또는심정지,-,FormoterolFumarateHydrateMicronized,D000838,D000082,노르에피네프린타르타르산염수화물,NorepinephrineTartrateHydrate,[M252333]노르에피네프린타르타르산염수화물
[M257139]베클로메타손디프로피오네이트/[M258126]포르모테롤푸마르산염수화물(미분화),단일,-,진해거담제,부정맥또는심정지,-,FormoterolFumarateHydrateMicronized,D000838,D000082,노르에피네프린타르타르산염수화물,NorepinephrineTartrateHydrate,[M252333]노르에피네프린타르타르산염수화물
[M239060]베클로메타손디프로피오네이트/[M088695]푸마르산포르모테롤이수화물,단일,-,진해거담제,부정맥또는심정지,-,FormoterolFumarateDihydrate,D000838,D000082,노르에피네프린타르타르산염수화물,NorepinephrineTartrateHydrate,[M252333]노르에피네프린타르타르산염수화물
[M243509]플루티카손프로피오네이트(미분화)/[M258126]포르모테롤푸마르산염수화물(미분화),단일,-,진해거담제,부정맥또는심정지,-,FormoterolFumarateHydrateMicronized,D000838,D000082,노르에피네프린타르타르산염수화물,NorepinephrineTartrateHydrate,[M252333]노르에피네프린타르타르산염수화물
[M081683]푸마르산포르모테롤,단일,-,진해거담제,부정맥또는심정지,-,FormoterolFumarate,D000838,D000082,노르에피네프린타르타르산염수화물,NorepinephrineTartrateHydrate,[M252333]노르에피네프린타르타르산염수화물
[M223155]에페드린염산염,단일,-,진해거담제,부정맥또는심정지,소생등의응급상황제외,EphedrineHydrochloride,D000155,D000082,노르에피네프린타르타르산염수화물,NorepinephrineTartrateHydrate,[M252333]노르에피네프린타르타르산염수화물
[M088960]이오헥솔,단일,-,X선조영제,기능적신부전에의해유산산성증촉진,-,Iohexol,D000669,D000718,메트포르민염산염콜로이드성이산화규소,MetforminHydrochloridewithColloidalAnhydrousSilica,[M268745]리나글립틴(미분화)/[M266682]메트포르민염산염콜로이드성이산화규소
[M222889]클렌부테롤염산염/[M233843]암브록솔염산염,단일,-,진해거담제,부정맥또는심정지,-,ClenbuterolHydrochloride,D000477,D000560,에피네프린타르타르산염,EpinephrineTartrate,[M251244]에피네프린타르타르산염
[M233843]암브록솔염산염/[M222889]클렌부테롤염산염,단일,-,진해거담제,부정맥또는심정지,-,ClenbuterolHydrochloride,D000477,D000560,에피네프린타르타르산염,EpinephrineTartrate,[M251244]에피네프린타르타르산염
[M222885]케토롤락트로메타민염,단일,-,해열.진통.소염제,중증의위장관계이상반응,-,KetorolacTromethamine,D000274,D000363,이부프로펜,Ibuprofen,[M279284]L-멘톨/[M051259]이부프로펜
[M256664]아토르바스타틴칼슘수화물/[M222875]암로디핀베실산염/[M213543]무수아토르바스타틴칼슘/[M222875]암로디핀베실산염,복합,[D000152]Amlodipine(암로디핀),기타의순환계용약,횡문근융해증발생가능,-,AnhydrousAtorvastatinCalcium,D000455,D000405,포사코나졸(미분화),PosaconazoleMicronized,[M256381]포사코나졸(미분화)
[M215219]아토르바스타틴칼슘삼수화물/[M222875]암로디핀베실산염,복합,[D000152]Amlodipine(암로디핀),기타의순환계용약,횡문근융해증발생가능,-,AtorvastatinCalciumTrihydrate,D000455,D000405,포사코나졸(미분화),PosaconazoleMicronized,[M256381]포사코나졸(미분화)
[M081543]니코란딜,단일,-,혈관확장제,혈관확장작용증가로저혈압효과상승,-,Nicorandil,D000498,D000246,실데나필시트르산염,SildenafilCitrate,[M252789]실데나필시트르산염/[M252789]실데나필시트르산염
[M215219]아토르바스타틴칼슘삼수화물/[M083437]베실산암로디핀,복합,[D000152]Amlodipine(암로디핀),기타의순환계용약,횡문근융해증발생가능,-,AtorvastatinCalciumTrihydrate,D000455,D000405,포사코나졸(미분화),PosaconazoleMicronized,[M256381]포사코나졸(미분화)
[M215219]아토르바스타틴칼슘삼수화물/[M261637]오메가3산에틸에스테르90,복합,[D001688]Omega-3-AcidEthylEsters90(오메가3산에틸에스테르90),동맥경화용제,근육병증|횡문근융해위험증가가능,-,AtorvastatinCalciumTrihydrate,D000455,D000405,포사코나졸(미분화),PosaconazoleMicronized,[M256381]포사코나졸(미분화)
[M222885]케토롤락트로메타민염,단일,-,해열.진통.소염제,중증의위장관계이상반응,-,KetorolacTromethamine,D000274,D000363,이부프로펜,Ibuprofen,[M051259]이부프로펜/[M051259]이부프로펜
[M084703]케토롤락트로메타민,단일,-,해열.진통.소염제,중증의위장관계이상반응,-,KetorolacTromethamine,D000274,D000363,이부프로펜,Ibuprofen,[M051259]이부프로펜/[M051259]이부프로펜
[M071691]피모짓,단일,-,정신신경용제,QT간격연장,-,Pimozide,D000213,D000405,포사코나졸(미분화),PosaconazoleMicronized,[M256381]포사코나졸(미분화)
[M084703]케토롤락트로메타민,단일,-,해열.진통.소염제,중증의위장관계이상반응,-,KetorolacTromethamine,D000274,D000363,이부프로펜,Ibuprofen,[M279284]L-멘톨/[M051259]이부프로펜
[M223307]프로카테롤염산염수화물,단일,-,진해거담제,부정맥또는심정지유도,소생등의위급상황제외,ProcaterolHydrochlorideHydrate,D000514,D000560,에피네프린타르타르산염,EpinephrineTartrate,[M251244]에피네프린타르타르산염
[M086310]리스페리돈,단일,-,정신신경용제,-,-,Risperidone,D000422,D000560,에피네프린타르타르산염,EpinephrineTartrate,[M251244]에피네프린타르타르산염
[M243782]쿠에티아핀푸마르산염,단일,-,정신신경용제,-,-,QuetiapineFumarate,D000583,D000560,에피네프린타르타르산염,EpinephrineTartrate,[M251244]에피네프린타르타르산염
[M089222]올란자핀,단일,-,정신신경용제,중증의혈압강하를일으킬수있음,-,Olanzapine,D000357,D000560,에피네프린타르타르산염,EpinephrineTartrate,[M251244]에피네프린타르타르산염
[M233301]미세올란자핀,단일,-,정신신경용제,중증의혈압강하를일으킬수있음,-,OlanzapineMicronized,D000357,D000560,에피네프린타르타르산염,EpinephrineTartrate,[M251244]에피네프린타르타르산염
[M050302]디프로필린/[M050468]염산메톡시페나민/[M223211]클로르페니라민말레산염/[M040059]노스카핀,단일,-,진해거담제,부정맥또는심정지,소생등의응급상황제외,MethoxyphenamineHydrochloride,D000125,D000560,에피네프린타르타르산염,EpinephrineTartrate,[M251244]에피네프린타르타르산염
[M099457]툴로부테롤,단일,-,진해거담제,부정맥또는심정지,소생등의응급상황제외,Tulobuterol,D000185,D000560,에피네프린타르타르산염,EpinephrineTartrate,[M251244]에피네프린타르타르산염
[M099457]툴로부테롤/[M099457]툴로부테롤,단일,-,진해거담제,부정맥또는심정지,소생등의응급상황제외,Tulobuterol,D000185,D000560,에피네프린타르타르산염,EpinephrineTartrate,[M251244]에피네프린타르타르산염
[M223155]에페드린염산염,단일,-,진해거담제,부정맥또는심정지유도,-,EphedrineHydrochloride,D000155,D000560,에피네프린타르타르산염,EpinephrineTartrate,[M251244]에피네프린타르타르산염
[M222898]페노테롤브롬화수소산염,단일,-,진해거담제,부정맥또는심정지유도,-,FenoterolHydrobromide,D000070,D000560,에피네프린타르타르산염,EpinephrineTartrate,[M251244]에피네프린타르타르산염
[M223069]살부타몰황산염,단일,-,진해거담제,부정맥또는심정지,소생등의응급상황제외,SalbutamolSulfate,D000137,D000082,노르에피네프린타르타르산염수화물,NorepinephrineTartrateHydrate,[M252333]노르에피네프린타르타르산염수화물
[M257939]라사길린메실산염,단일,-,기타의중추신경용약,고혈압위기|세로토닌증후군발생위험증가,-,RasagilineMesylate,D000698,D000773,트라마돌염산염,TramadolHydrochloride,[M222893]트라마돌염산염/[M222893]트라마돌염산염
[M089055]칸데사르탄실렉세틸/[M222875]암로디핀베실산염/[M251687]아토르바스타틴칼슘,복합,[D000152]Amlodipine(암로디핀),기타의순환계용약,횡문근융해증발생가능,-,AtorvastatinCalcium,D000455,D000405,포사코나졸(미분화),PosaconazoleMicronized,[M256381]포사코나졸(미분화)
[M257939]라사길린메실산염,단일,-,기타의중추신경용약,고혈압위기|세로토닌증후군발생위험증가,-,RasagilineMesylate,D000698,D000773,트라마돌염산염,TramadolHydrochloride,[M040353]아세트아미노펜/[M040353]아세트아미노펜/[M222893]트라마돌염산염
[M095435]타다라필/[M095435]타다라필,단일,-,기타의비뇨생식기관및항문용약,혈압강하작용증강,-,Tadalafil,D000181,D000498,니코란딜,Nicorandil,[M081543]니코란딜
[M222885]케토롤락트로메타민염,단일,-,해열.진통.소염제,중증의위장관계이상반응,-,KetorolacTromethamine,D000274,D000086,덱시부프로펜,Dexibuprofen,[M092057]덱시부프로펜/[M092057]덱시부프로펜
[M084703]케토롤락트로메타민,단일,-,해열.진통.소염제,중증의위장관계이상반응,-,KetorolacTromethamine,D000274,D000086,덱시부프로펜,Dexibuprofen,[M092057]덱시부프로펜/[M092057]덱시부프로펜
[M095435]타다라필/[M243979]탐스로신염산염,단일,-,기타의비뇨생식기관및항문용약,혈압강하작용증강,-,Tadalafil,D000181,D000498,니코란딜,Nicorandil,[M081543]니코란딜
[M222961]돔페리돈말레산염,단일,-,기타의소화기관용약,QTc연장효과증대로심각한위험(TorsadedePointes|심각한심실성부정맥포함)가능성,-,DomperidoneMaleate,D000297,D000348,에바스틴,Ebastine,[M085337]에바스틴
[M081091]돔페리돈,단일,-,기타의소화기관용약,QTc연장효과증대로심각한위험(TorsadedePointes|심각한심실성부정맥포함)가능성,-,Domperidone,D000297,D000348,에바스틴,Ebastine,[M085337]에바스틴
[M222961]돔페리돈말레산염/[M222961]돔페리돈말레산염,단일,-,기타의소화기관용약,QTc연장효과증대로심각한위험(TorsadedePointes|심각한심실성부정맥포함)가능성,-,DomperidoneMaleate,D000297,D000348,에바스틴,Ebastine,[M085337]에바스틴
[M071691]피모짓,단일,-,정신신경용제,QT간격연장,-,Pimozide,D000213,D000353,파록세틴염산염반수화물,ParoxetineHydrochlorideHemihydrate,[M234807]파록세틴염산염반수화물
[M081091]돔페리돈/[M081091]돔페리돈,단일,-,기타의소화기관용약,QTc연장효과증대로심각한위험(TorsadedePointes|심각한심실성부정맥포함)가능성,-,Domperidone,D000297,D000348,에바스틴,Ebastine,[M085337]에바스틴
[M222961]돔페리돈말레산염/[M222961]돔페리돈말레산염/[M222961]돔페리돈말레산염,단일,-,기타의소화기관용약,QTc연장효과증대로심각한위험(TorsadedePointes|심각한심실성부정맥포함)가능성,-,DomperidoneMaleate,D000297,D000348,에바스틴,Ebastine,[M085337]에바스틴
[M085595]말레인산돔페리돈,단일,-,기타의소화기관용약,QTc연장효과증대로심각한위험(TorsadedePointes|심각한심실성부정맥포함)가능성,-,DomperidoneMaleate,D000297,D000348,에바스틴,Ebastine,[M085337]에바스틴
[M085595]말레인산돔페리돈/[M222961]돔페리돈말레산염,단일,-,기타의소화기관용약,QTc연장효과증대로심각한위험(TorsadedePointes|심각한심실성부정맥포함)가능성,-,DomperidoneMaleate,D000297,D000348,에바스틴,Ebastine,[M085337]에바스틴
[M223358]히드록시진염산염,단일,-,정신신경용제,심부정맥위험증가가능,-,HydroxyzineHydrochloride,D000114,D000635,반데타닙,Vandetanib,[M257061]반데타닙
[M222957]덱스트로메토르판브롬화수소산염수화물/[M050058]구아이페네신/[M223249]트리메토퀴놀염산염수화물,단일,-,진해거담제,경련|반사항진|이상고열|혼수등,-,DextromethorphanHydrobromideHydrate,D000200,D000698,라사길린메실산염,RasagilineMesylate,[M257939]라사길린메실산염
[M204422]dl-메틸에페드린염산염/[M223211]클로르페니라민말레산염/[M050058]구아이페네신/[M222957]덱스트로메토르판브롬화수소산염수화물,단일,-,진해거담제,경련|반사항진|이상고열|혼수등,-,DextromethorphanHydrobromideHydrate,D000200,D000698,라사길린메실산염,RasagilineMesylate,[M257939]라사길린메실산염
[M222957]덱스트로메토르판브롬화수소산염수화물/[M223470]노스카핀염산염수화물/[M223249]트리메토퀴놀염산염수화물/[M050058]구아이페네신/[M223211]클로르페니라민말레산염,단일,-,진해거담제,경련|반사항진|이상고열|혼수등,-,DextromethorphanHydrobromideHydrate,D000200,D000698,라사길린메실산염,RasagilineMesylate,[M257939]라사길린메실산염
[M222957]덱스트로메토르판브롬화수소산염수화물/[M223211]클로르페니라민말레산염/[M204422]dl-메틸에페드린염산염/[M050058]구아이페네신,단일,-,진해거담제,경련|반사항진|이상고열|혼수등,-,DextromethorphanHydrobromideHydrate,D000200,D000698,라사길린메실산염,RasagilineMesylate,[M257939]라사길린메실산염
[M223211]클로르페니라민말레산염/[M204422]dl-메틸에페드린염산염/[M050058]구아이페네신/[M222957]덱스트로메토르판브롬화수소산염수화물,단일,-,진해거담제,경련|반사항진|이상고열|혼수등,-,DextromethorphanHydrobromideHydrate,D000200,D000698,라사길린메실산염,RasagilineMesylate,[M257939]라사길린메실산염
[M222957]덱스트로메토르판브롬화수소산염수화물/[M223470]노스카핀염산염수화물/[M223249]트리메토퀴놀염산염수화물/[M050058]구아이페네신/[M223212]d-클로르페니라민말레산염,단일,-,진해거담제,경련|반사항진|이상고열|혼수등,-,DextromethorphanHydrobromideHydrate,D000200,D000698,라사길린메실산염,RasagilineMesylate,[M257939]라사길린메실산염
[M222957]덱스트로메토르판브롬화수소산염수화물/[M223211]클로르페니라민말레산염/[M270039]dl-메틸에페드린염산염/[M050059]구아야콜설폰산칼륨/[M070086]길경유동엑스/[M082882]차전초유동엑스,단일,-,진해거담제,경련|반사항진|이상고열|혼수등,-,DextromethorphanHydrobromideHydrate,D000200,D000698,라사길린메실산염,RasagilineMesylate,[M257939]라사길린메실산염
[M040059]노스카핀/[M204422]dl-메틸에페드린염산염/[M223211]클로르페니라민말레산염/[M050059]구아야콜설폰산칼륨/[M222957]덱스트로메토르판브롬화수소산염수화물,단일,-,진해거담제,경련|반사항진|이상고열|혼수등,-,DextromethorphanHydrobromideHydrate,D000200,D000698,라사길린메실산염,RasagilineMesylate,[M257939]라사길린메실산염
[M222957]덱스트로메토르판브롬화수소산염수화물/[M050059]구아야콜설폰산칼륨/[M040059]노스카핀/[M204422]dl-메틸에페드린염산염/[M251260]카르비녹사민말레산염,단일,-,진해거담제,경련|반사항진|이상고열|혼수등,-,DextromethorphanHydrobromideHydrate,D000200,D000698,라사길린메실산염,RasagilineMesylate,[M257939]라사길린메실산염
[M095435]타다라필,단일,-,기타의비뇨생식기관및항문용약,혈압강하작용증강,-,Tadalafil,D000181,D000498,니코란딜,Nicorandil,[M081543]니코란딜
[M085529]이오파미돌,단일,-,X선조영제,급성신부전,-,Iopamidol,D000267,D000718,메트포르민염산염,MetforminHydrochloride,[M086024]글리메피리드/[M244179]메트포르민염산염
[M256381]포사코나졸(미분화),단일,-,기타의화학요법제,횡문근융해를비롯한근육병증발생가능성증가,-,PosaconazoleMicronized,D000405,D000455,아토르바스타틴칼슘,AtorvastatinCalcium,[M251687]아토르바스타틴칼슘/[M097492]에제티미브
[M085529]이오파미돌,단일,-,X선조영제,급성신부전,-,Iopamidol,D000267,D000718,메트포르민염산염,MetforminHydrochloride,[M244179]메트포르민염산염
[M085529]이오파미돌/[M085529]이오파미돌,단일,-,X선조영제,급성신부전,-,Iopamidol,D000267,D000718,메트포르민염산염,MetforminHydrochloride,[M244179]메트포르민염산염
[M085529]이오파미돌,단일,-,X선조영제,급성신부전,-,Iopamidol,D000267,D000718,메트포르민염산염,MetforminHydrochloride,[M258339]다파글리플로진프로판디올수화물/[M244179]메트포르민염산염
[M257939]라사길린메실산염,단일,-,기타의중추신경용약,고혈압위기|세로토닌증후군발생위험증가,-,RasagilineMesylate,D000698,D000773,트라마돌염산염,TramadolHydrochloride,[M040353]아세트아미노펜/[M222893]트라마돌염산염
[M085529]이오파미돌/[M085529]이오파미돌,단일,-,X선조영제,급성신부전,-,Iopamidol,D000267,D000718,메트포르민염산염,MetforminHydrochloride,[M258339]다파글리플로진프로판디올수화물/[M244179]메트포르민염산염
[M085595]말레인산돔페리돈/[M222961]돔페리돈말레산염,단일,-,기타의소화기관용약,QTc연장효과증대로심각한위험(TorsadedePointes|심각한심실성부정맥포함)가능성,-,DomperidoneMaleate,D000297,D000742,아지트로마이신수화물,AzithromycinHydrate,[M250781]아지트로마이신수화물
[M257939]라사길린메실산염,단일,-,기타의중추신경용약,고혈압위기|세로토닌증후군발생위험증가,-,RasagilineMesylate,D000698,D000773,트라마돌염산염,TramadolHydrochloride,[M255410]트라마돌염산염
[M085529]이오파미돌,단일,-,X선조영제,급성신부전,-,Iopamidol,D000267,D000718,메트포르민염산염,MetforminHydrochloride,[M280507]엠파글리플로진(무정형)/[M244179]메트포르민염산염
[M085529]이오파미돌/[M085529]이오파미돌,단일,-,X선조영제,급성신부전,-,Iopamidol,D000267,D000718,메트포르민염산염,MetforminHydrochloride,[M280507]엠파글리플로진(무정형)/[M244179]메트포르민염산염
[M081543]니코란딜,단일,-,혈관확장제,혈관확장작용증가로저혈압효과상승,-,Nicorandil,D000498,D000246,실데나필시트르산염,SildenafilCitrate,[M252789]실데나필시트르산염
[M222961]돔페리돈말레산염,단일,-,기타의소화기관용약,QTc연장효과증대로심각한위험(TorsadedePointes|심각한심실성부정맥포함)가능성,-,DomperidoneMaleate,D000297,D000742,아지트로마이신수화물,AzithromycinHydrate,[M250781]아지트로마이신수화물
[M081091]돔페리돈,단일,-,기타의소화기관용약,QTc연장효과증대로심각한위험(TorsadedePointes|심각한심실성부정맥포함)가능성,-,Domperidone,D000297,D000742,아지트로마이신수화물,AzithromycinHydrate,[M250781]아지트로마이신수화물
[M222961]돔페리돈말레산염/[M222961]돔페리돈말레산염,단일,-,기타의소화기관용약,QTc연장효과증대로심각한위험(TorsadedePointes|심각한심실성부정맥포함)가능성,-,DomperidoneMaleate,D000297,D000742,아지트로마이신수화물,AzithromycinHydrate,[M250781]아지트로마이신수화물
[M081091]돔페리돈/[M081091]돔페리돈,단일,-,기타의소화기관용약,QTc연장효과증대로심각한위험(TorsadedePointes|심각한심실성부정맥포함)가능성,-,Domperidone,D000297,D000742,아지트로마이신수화물,AzithromycinHydrate,[M250781]아지트로마이신수화물
[M222961]돔페리돈말레산염/[M222961]돔페리돈말레산염/[M222961]돔페리돈말레산염,단일,-,기타의소화기관용약,QTc연장효과증대로심각한위험(TorsadedePointes|심각한심실성부정맥포함)가능성,-,DomperidoneMaleate,D000297,D000742,아지트로마이신수화물,AzithromycinHydrate,[M250781]아지트로마이신수화물
[M085595]말레인산돔페리돈,단일,-,기타의소화기관용약,QTc연장효과증대로심각한위험(TorsadedePointes|심각한심실성부정맥포함)가능성,-,DomperidoneMaleate,D000297,D000742,아지트로마이신수화물,AzithromycinHydrate,[M250781]아지트로마이신수화물
[M213543]무수아토르바스타틴칼슘/[M222875]암로디핀베실산염,복합,[D000152]Amlodipine(암로디핀),기타의순환계용약,횡문근융해증발생가능,-,AnhydrousAtorvastatinCalcium,D000455,D000405,포사코나졸(미분화),PosaconazoleMicronized,[M256381]포사코나졸(미분화)
[M222875]암로디핀베실산염/[M215219]아토르바스타틴칼슘삼수화물,복합,[D000152]Amlodipine(암로디핀),기타의순환계용약,횡문근융해증발생가능,-,AtorvastatinCalciumTrihydrate,D000455,D000405,포사코나졸(미분화),PosaconazoleMicronized,[M256381]포사코나졸(미분화)
[M086785]이오비트리돌,단일,-,X선조영제,기능적신부전에의해유산산성증촉진,-,Iobitridol,D000760,D000718,메트포르민염산염,MetforminHydrochloride,[M280507]엠파글리플로진(무정형)/[M244179]메트포르민염산염
[M222885]케토롤락트로메타민염,단일,-,해열.진통.소염제,중증의위장관계이상반응,-,KetorolacTromethamine,D000274,D000982,나프록센,Naproxen,[M050116]나프록센/[M092321]에스오메프라졸마그네슘삼수화물
[M051464]케토프로펜/[M051464]케토프로펜/[M051464]케토프로펜/[M051464]케토프로펜,단일,-,진통.진양.수렴.소염제,경련,-,Ketoprofen,D000672,D000142,시프로플록사신,Ciprofloxacin,[M091139]시프로플록사신
[M223014]메트포르민염산염/[M086024]글리메피리드,복합,[D000392]Glimepiride(글리메피리드),당뇨병용제,기능적신부전에의해유산산성증촉진,48시간이내병용금기,MetforminHydrochloride,D000718,D000669,이오헥솔,Iohexol,[M088960]이오헥솔
[M253921]릴피비린염산염,단일,-,기타의화학요법제,위장pH의증가로릴피비린의흡수가저하되어릴피비린의치료효과감소,-,RilpivirineHydrochloride,D000225,D000204,라베프라졸나트륨,RabeprazoleSodium,[M089852]라베프라졸나트륨/[M089852]라베프라졸나트륨
[M070676]발프로산나트륨,단일,-,항전간제,간질발작재발,-,SodiumValproate,D000535,D000122,메로페넴삼수화물,MeropenemHydrate,[M240683]메로페넴삼수화물
[M082087]디발프로엑스나트륨,단일,-,항전간제,간질발작재발,-,DivalproexSodium,D000535,D000122,메로페넴삼수화물,MeropenemHydrate,[M240683]메로페넴삼수화물
[M070676]발프로산나트륨/[M083547]발프로산,단일,-,항전간제,간질발작재발,-,SodiumValproate,D000535,D000122,메로페넴삼수화물,MeropenemHydrate,[M240683]메로페넴삼수화물
[M090172]발프로산마그네슘,단일,-,항전간제,간질발작재발,-,MagnesiumValproate,D000535,D000122,메로페넴삼수화물,MeropenemHydrate,[M240683]메로페넴삼수화물
[M083547]발프로산,단일,-,항전간제,간질발작재발,-,ValproicAcid,D000535,D000122,메로페넴삼수화물,MeropenemHydrate,[M240683]메로페넴삼수화물
[M253921]릴피비린염산염,단일,-,기타의화학요법제,위장pH의증가로릴피비린의흡수가저하되어릴피비린의치료효과감소,-,RilpivirineHydrochloride,D000225,D000153,에스오메프라졸마그네슘과립,EsomeprazoleMagnesiumGranules,[M262063]에스오메프라졸마그네슘과립
[M252145]타펜타돌염산염,단일,-,합성마약,-,-,TapentadolHydrochloride,D001016,D000698,라사길린메실산염,RasagilineMesylate,[M257939]라사길린메실산염
[M262752]소포스부비르/[M262910]레디파스비르,복합,[D001071]Sofosbuvir(소포스부비르),기타의화학요법제,로수바스타틴농도를현저하게증가시킬수있으며|이는횡문근융해증을포함하여근육병증의위험증가,-,Ledipasvir,D001072,D000219,로수바스타틴칼슘,RosuvastatinCalcium,[M095744]로수바스타틴칼슘/[M097492]에제티미브
[M097492]에제티미브/[M089710]심바스타틴,복합,[D000350]Ezetimibe(에제티미브),동맥경화용제,근육병증의위험증가가능,-,Simvastatin,D000027,D000373,클래리트로마이신제피과립,ClarithromycinCoatedGranules,[M245961]클래리트로마이신제피과립
[M097492]에제티미브/[M089710]심바스타틴/[M097492]에제티미브/[M089710]심바스타틴,복합,[D000350]Ezetimibe(에제티미브),동맥경화용제,근육병증의위험증가가능,-,Simvastatin,D000027,D000373,클래리트로마이신제피과립,ClarithromycinCoatedGranules,[M245961]클래리트로마이신제피과립
[M089710]심바스타틴/[M097492]에제티미브,복합,[D000350]Ezetimibe(에제티미브),동맥경화용제,근육병증의위험증가가능,-,Simvastatin,D000027,D000373,클래리트로마이신제피과립,ClarithromycinCoatedGranules,[M245961]클래리트로마이신제피과립
[M245775]이바브라딘염산염,단일,-,기타의순환계용약,이바브라딘의혈중농도증가,-,IvabradineHydrochloride,D000571,D000373,클래리트로마이신제피과립,ClarithromycinCoatedGranules,[M245961]클래리트로마이신제피과립
[M051464]케토프로펜/[M051464]케토프로펜/[M051464]케토프로펜/[M051464]케토프로펜/[M051464]케토프로펜/[M051464]케토프로펜/[M051464]케토프로펜/[M051464]케토프로펜,단일,-,진통.진양.수렴.소염제,경련,-,Ketoprofen,D000672,D000142,시프로플록사신,Ciprofloxacin,[M091139]시프로플록사신
[M051464]케토프로펜/[M051464]케토프로펜/[M051464]케토프로펜,단일,-,진통.진양.수렴.소염제,경련,-,Ketoprofen,D000672,D000142,시프로플록사신,Ciprofloxacin,[M091139]시프로플록사신
[M051464]케토프로펜/[M051464]케토프로펜/[M051464]케토프로펜/[M051464]케토프로펜/[M051464]케토프로펜/[M051464]케토프로펜,단일,-,진통.진양.수렴.소염제,경련,-,Ketoprofen,D000672,D000142,시프로플록사신,Ciprofloxacin,[M091139]시프로플록사신
[M222961]돔페리돈말레산염,단일,-,기타의소화기관용약,QTc연장효과증대로심각한위험(TorsadedePointes|심각한심실성부정맥포함)가능성,-,DomperidoneMaleate,D000297,D000142,시프로플록사신,Ciprofloxacin,[M091139]시프로플록사신
[M088268]이오메프롤,단일,-,X선조영제,기능적신부전에의해유산산성증촉진,-,Iomeprol,D000364,D000718,메트포르민염산염,MetforminHydrochloride,[M280507]엠파글리플로진(무정형)/[M244179]메트포르민염산염
[M070605]몰시도민,단일,-,혈관확장제,혈압강하작용증강,-,Molsidomine,D000530,D000246,실데나필시트르산염,SildenafilCitrate,[M252789]실데나필시트르산염
[M222885]케토롤락트로메타민염,단일,-,해열.진통.소염제,중증의위장관계이상반응,-,KetorolacTromethamine,D000274,D000081,나부메톤,Nabumetone,[M084590]나부메톤
[M084703]케토롤락트로메타민,단일,-,해열.진통.소염제,중증의위장관계이상반응,-,KetorolacTromethamine,D000274,D000081,나부메톤,Nabumetone,[M084590]나부메톤
[M256381]포사코나졸(미분화),단일,-,기타의화학요법제,근병증및횡문근융해,-,PosaconazoleMicronized,D000405,D000027,심바스타틴,Simvastatin,[M097492]에제티미브/[M089710]심바스타틴
[M222885]케토롤락트로메타민염,단일,-,해열.진통.소염제,중증의위장관계이상반응,-,KetorolacTromethamine,D000274,D000452,아스피린,Aspirin,[M040355]아스피린
[M084703]케토롤락트로메타민,단일,-,해열.진통.소염제,중증의위장관계이상반응,-,KetorolacTromethamine,D000274,D000452,아스피린,Aspirin,[M040355]아스피린
[M257939]라사길린메실산염,단일,-,기타의중추신경용약,고혈압위기|세로토닌증후군발생위험증가,-,RasagilineMesylate,D000698,D000773,염산트라마돌,TramadolHydrochloride,[M080418]염산트라마돌
[M081091]돔페리돈,단일,-,기타의소화기관용약,QTc연장효과증대로심각한위험(TorsadedePointes|심각한심실성부정맥포함)가능성,-,Domperidone,D000297,D000142,시프로플록사신,Ciprofloxacin,[M091139]시프로플록사신
[M051464]케토프로펜/[M051464]케토프로펜/[M051464]케토프로펜/[M051464]케토프로펜/[M051464]케토프로펜/[M051464]케토프로펜/[M051464]케토프로펜/[M051464]케토프로펜/[M051464]케토프로펜/[M051464]케토프로펜/[M051464]케토프로펜/[M051464]케토프로펜,단일,-,진통.진양.수렴.소염제,경련,-,Ketoprofen,D000672,D000142,시프로플록사신,Ciprofloxacin,[M091139]시프로플록사신
[M222961]돔페리돈말레산염/[M222961]돔페리돈말레산염,단일,-,기타의소화기관용약,QTc연장효과증대로심각한위험(TorsadedePointes|심각한심실성부정맥포함)가능성,-,DomperidoneMaleate,D000297,D000142,시프로플록사신,Ciprofloxacin,[M091139]시프로플록사신
[M081091]돔페리돈/[M081091]돔페리돈,단일,-,기타의소화기관용약,QTc연장효과증대로심각한위험(TorsadedePointes|심각한심실성부정맥포함)가능성,-,Domperidone,D000297,D000142,시프로플록사신,Ciprofloxacin,[M091139]시프로플록사신
[M222961]돔페리돈말레산염/[M222961]돔페리돈말레산염/[M222961]돔페리돈말레산염,단일,-,기타의소화기관용약,QTc연장효과증대로심각한위험(TorsadedePointes|심각한심실성부정맥포함)가능성,-,DomperidoneMaleate,D000297,D000142,시프로플록사신,Ciprofloxacin,[M091139]시프로플록사신
[M085595]말레인산돔페리돈,단일,-,기타의소화기관용약,QTc연장효과증대로심각한위험(TorsadedePointes|심각한심실성부정맥포함)가능성,-,DomperidoneMaleate,D000297,D000142,시프로플록사신,Ciprofloxacin,[M091139]시프로플록사신
[M085595]말레인산돔페리돈/[M222961]돔페리돈말레산염,단일,-,기타의소화기관용약,QTc연장효과증대로심각한위험(TorsadedePointes|심각한심실성부정맥포함)가능성,-,DomperidoneMaleate,D000297,D000142,시프로플록사신,Ciprofloxacin,[M091139]시프로플록사신
[M248019]티자니딘염산염,단일,-,골격근이완제,저혈압에의해졸음|현기증및정신운동능력감소,-,TizanidineHydrochloride,D000187,D000142,시프로플록사신,Ciprofloxacin,[M091139]시프로플록사신
[M083714]염산티자니딘,단일,-,진경제,저혈압에의해졸음|현기증및정신운동능력감소,-,TizanidineHydrochloride,D000187,D000142,시프로플록사신,Ciprofloxacin,[M091139]시프로플록사신
[M051464]케토프로펜,단일,-,진통.진양.수렴.소염제,경련,-,Ketoprofen,D000672,D000142,시프로플록사신,Ciprofloxacin,[M091139]시프로플록사신
[M051464]케토프로펜/[M051464]케토프로펜,단일,-,진통.진양.수렴.소염제,경련,-,Ketoprofen,D000672,D000142,시프로플록사신,Ciprofloxacin,[M091139]시프로플록사신
[M081361]케토프로펜리신,단일,-,해열.진통.소염제,경련,-,KetoprofenLysin,D000672,D000142,시프로플록사신,Ciprofloxacin,[M091139]시프로플록사신
[M084703]케토롤락트로메타민,단일,-,해열.진통.소염제,중증의위장관계이상반응,-,KetorolacTromethamine,D000274,D000982,나프록센,Naproxen,[M050116]나프록센/[M092321]에스오메프라졸마그네슘삼수화물
[M222875]암로디핀베실산염/[M093499]아토르바스타틴칼슘,복합,[D000152]Amlodipine(암로디핀),기타의순환계용약,횡문근융해증발생가능,-,AtorvastatinCalcium,D000455,D000405,포사코나졸(미분화),PosaconazoleMicronized,[M256381]포사코나졸(미분화)
[M222885]케토롤락트로메타민염,단일,-,해열.진통.소염제,중증의위장관계이상반응,-,KetorolacTromethamine,D000274,D000463,에토돌락,Etodolac,[M083240]에토돌락
[M084703]케토롤락트로메타민,단일,-,해열.진통.소염제,중증의위장관계이상반응,-,KetorolacTromethamine,D000274,D000463,에토돌락,Etodolac,[M083240]에토돌락
[M252789]실데나필시트르산염,단일,-,기타의비뇨생식기관및항문용약,동일계열병용투여금기,-,SildenafilCitrate,D000246,D000181,타다라필,Tadalafil,[M095435]타다라필
[M252789]실데나필시트르산염/[M252789]실데나필시트르산염,단일,-,기타의비뇨생식기관및항문용약,동일계열병용투여금기,-,SildenafilCitrate,D000246,D000181,타다라필,Tadalafil,[M095435]타다라필
[M253237]실데나필,단일,-,기타의비뇨생식기관및항문용약,동일계열병용투여금기,-,Sildenafil,D000246,D000181,타다라필,Tadalafil,[M095435]타다라필
[M253237]실데나필/[M253237]실데나필,단일,-,기타의비뇨생식기관및항문용약,동일계열병용투여금기,-,Sildenafil,D000246,D000181,타다라필,Tadalafil,[M095435]타다라필
[M223223]클로미프라민염산염/[M252789]실데나필시트르산염,단일,-,기타의비뇨생식기관및항문용약,동일계열병용투여금기,-,SildenafilCitrate,D000246,D000181,타다라필,Tadalafil,[M095435]타다라필
[M081303]알파칼시돌,단일,-,비타민A및D제,고칼슘혈증,-,Alfacalcidol,D000151,D000581,칼시트리올,Calcitriol,[M082905]칼시트리올
[M252789]실데나필시트르산염/[M252789]실데나필시트르산염/[M252789]실데나필시트르산염,단일,-,기타의비뇨생식기관및항문용약,동일계열병용투여금기,-,SildenafilCitrate,D000246,D000181,타다라필,Tadalafil,[M095435]타다라필
[M215219]아토르바스타틴칼슘삼수화물/[M251853]이르베사르탄,복합,[D000046]Irbesartan(이르베사르탄),기타의순환계용약,근육병증|횡문근융해위험증가가능,-,AtorvastatinCalciumTrihydrate,D000455,D000405,포사코나졸(미분화),PosaconazoleMicronized,[M256381]포사코나졸(미분화)
[M215219]아토르바스타틴칼슘삼수화물/[M222875]암로디핀베실산염/[M282749]에제티미브(미분화),복합,[D000152]Amlodipine(암로디핀),기타의순환계용약,횡문근융해증발생가능,-,AtorvastatinCalciumTrihydrate,D000455,D000405,포사코나졸(미분화),PosaconazoleMicronized,[M256381]포사코나졸(미분화)
[M282749]에제티미브(미분화)/[M222875]암로디핀베실산염/[M215219]아토르바스타틴칼슘삼수화물,복합,[D000152]Amlodipine(암로디핀),기타의순환계용약,횡문근융해증발생가능,-,AtorvastatinCalciumTrihydrate,D000455,D000405,포사코나졸(미분화),PosaconazoleMicronized,[M256381]포사코나졸(미분화)
[M093499]아토르바스타틴칼슘/[M222875]암로디핀베실산염,복합,[D000152]Amlodipine(암로디핀),기타의순환계용약,횡문근융해증발생가능,-,AtorvastatinCalcium,D000455,D000405,포사코나졸(미분화),PosaconazoleMicronized,[M256381]포사코나졸(미분화)
[M081303]알파칼시돌/[M081303]알파칼시돌,단일,-,비타민A및D제,고칼슘혈증,-,Alfacalcidol,D000151,D000581,칼시트리올,Calcitriol,[M082905]칼시트리올
[M256664]아토르바스타틴칼슘수화물/[M222875]암로디핀베실산염,복합,[D000152]Amlodipine(암로디핀),기타의순환계용약,횡문근융해증발생가능,-,AtorvastatinCalciumHydrate,D000455,D000405,포사코나졸(미분화),PosaconazoleMicronized,[M256381]포사코나졸(미분화)
[M222875]암로디핀베실산염/[M213543]무수아토르바스타틴칼슘,복합,[D000152]Amlodipine(암로디핀),기타의순환계용약,횡문근융해증발생가능,-,AnhydrousAtorvastatinCalcium,D000455,D000405,포사코나졸(미분화),PosaconazoleMicronized,[M256381]포사코나졸(미분화)
[M222875]암로디핀베실산염/[M090403]발사르탄/[M256664]아토르바스타틴칼슘수화물,복합,[D000152]Amlodipine(암로디핀),기타의순환계용약,횡문근융해증발생가능,-,AtorvastatinCalciumHydrate,D000455,D000405,포사코나졸(미분화),PosaconazoleMicronized,[M256381]포사코나졸(미분화)
[M097492]에제티미브/[M222875]암로디핀베실산염/[M215219]아토르바스타틴칼슘삼수화물,복합,[D000152]Amlodipine(암로디핀),기타의순환계용약,횡문근융해증발생가능,-,AtorvastatinCalciumTrihydrate,D000455,D000405,포사코나졸(미분화),PosaconazoleMicronized,[M256381]포사코나졸(미분화)
[M253921]릴피비린염산염,단일,-,기타의화학요법제,위장pH의증가로릴피비린의흡수가저하되어릴피비린의치료효과감소,-,RilpivirineHydrochloride,D000225,D000469,오메프라졸장용성과립,OmeprazoleEntericCoatedGranules,[M083697]오메프라졸장용성과립/[M083697]오메프라졸장용성과립
[M084703]케토롤락트로메타민,단일,-,해열.진통.소염제,상가적인위장관궤양|출혈의위험,-,KetorolacTromethamine,D000274,D000696,덱스케토프로펜트로메타몰,DexketoprofenTrometamol,[M213126]덱스케토프로펜트로메타몰
[M222885]케토롤락트로메타민염,단일,-,해열.진통.소염제,상가적인위장관궤양|출혈의위험,-,KetorolacTromethamine,D000274,D000696,덱스케토프로펜트로메타몰,DexketoprofenTrometamol,[M213126]덱스케토프로펜트로메타몰
[M253921]릴피비린염산염,단일,-,기타의화학요법제,위장pH의증가로릴피비린의흡수가저하되어릴피비린의치료효과감소,-,RilpivirineHydrochloride,D000225,D000153,에스오메프라졸마그네슘삼수화물,EsomeprazoleMagnesiumTrihydrate,[M092321]에스오메프라졸마그네슘삼수화물/[M207094]탄산수소나트륨/[M207094]탄산수소나트륨
[M253921]릴피비린염산염,단일,-,기타의화학요법제,위장pH의증가로릴피비린의흡수가저하되어릴피비린의치료효과감소,-,RilpivirineHydrochloride,D000225,D000469,오메프라졸장용성과립,OmeprazoleEntericCoatedGranules,[M083697]오메프라졸장용성과립
[M085529]이오파미돌,단일,-,X선조영제,급성신부전,-,Iopamidol,D000267,D000718,메트포르민염산염,MetforminHydrochloride,[M268251]다파글리플로진시트르산/[M244179]메트포르민염산염
[M085529]이오파미돌/[M085529]이오파미돌,단일,-,X선조영제,급성신부전,-,Iopamidol,D000267,D000718,메트포르민염산염,MetforminHydrochloride,[M268251]다파글리플로진시트르산/[M244179]메트포르민염산염
[M102602]유데나필,단일,-,기타의비뇨생식기관및항문용약,혈압강하작용증강,-,Udenafil,D000569,D000498,니코란딜,Nicorandil,[M081543]니코란딜
[M214384]염산미로데나필,단일,-,기타의비뇨생식기관및항문용약,혈압강하작용증강,-,MirodenafilHydrochloride,D000128,D000498,니코란딜,Nicorandil,[M081543]니코란딜
[M253534]미로데나필,단일,-,기타의비뇨생식기관및항문용약,혈압강하작용증강,-,Mirodenafil,D000128,D000498,니코란딜,Nicorandil,[M081543]니코란딜
[M088960]이오헥솔,단일,-,X선조영제,기능적신부전에의해유산산성증촉진,-,Iohexol,D000669,D000718,메트포르민염산염,MetforminHydrochloride,[M252996]리나글립틴/[M244179]메트포르민염산염
[M071691]피모짓,단일,-,정신신경용제,QT간격연장,-,Pimozide,D000213,D000353,파록세틴염산염수화물,ParoxetineHydrochlorideHydrate,[M222896]파록세틴염산염수화물
[M223126]에르고타민타르타르산염/[M223183]카페인무수물,복합,[D001266]AnhydrousCaffeine(카페인무수물),해열.진통.소염제,맥각독성(혈관경련|말단및기타조직허혈),-,ErgotamineTartrate,D000747,D000628,록시트로마이신,Roxithromycin,[M222994]록시트로마이신
[M256381]포사코나졸(미분화),단일,-,기타의화학요법제,근병증및횡문근융해,-,PosaconazoleMicronized,D000405,D000027,심바스타틴,Simvastatin,[M089710]심바스타틴
[M086785]이오비트리돌,단일,-,X선조영제,기능적신부전에의해유산산성증촉진,-,Iobitridol,D000760,D000718,메트포르민염산염,MetforminHydrochloride,[M252996]리나글립틴/[M244179]메트포르민염산염
[M088268]이오메프롤,단일,-,X선조영제,기능적신부전에의해유산산성증촉진,-,Iomeprol,D000364,D000718,메트포르민염산염,MetforminHydrochloride,[M252996]리나글립틴/[M244179]메트포르민염산염
[M211313]알프라졸람,단일,-,정신신경용제,alprazolam의혈장농도증가|수면및진정작용증강및연장,-,Alprazolam,D000660,D000769,케토코나졸,Ketoconazole,[M080618]케토코나졸
[M256664]아토르바스타틴칼슘수화물/[M270410]오메가-3-산에틸에스테르90,단일,-,동맥경화용제,근육병증,-,AtorvastatinCalciumHydrate,D000455,D000762,이트라코나졸고체분산체,ItraconazoleSolidDispersions,[M092870]이트라코나졸고체분산체
[M251687]아토르바스타틴칼슘,단일,-,동맥경화용제,근육병증,-,AtorvastatinCalcium,D000455,D000762,이트라코나졸고체분산체,ItraconazoleSolidDispersions,[M092870]이트라코나졸고체분산체
[M081091]돔페리돈/[M081091]돔페리돈,단일,-,기타의소화기관용약,QTc연장효과증대로심각한위험(TorsadedePointes|심각한심실성부정맥포함)가능성강력한CYP억제제가돔페리돈의대사를감소시켜|돔페리돈의영향(이상반응포함)증대가능성,-,Domperidone,D000297,D000762,이트라코나졸고체분산체,ItraconazoleSolidDispersions,[M092870]이트라코나졸고체분산체
[M222875]암로디핀베실산염/[M213543]무수아토르바스타틴칼슘,복합,[D000152]Amlodipine(암로디핀),기타의순환계용약,근육병증|횡문근융해증|간효소이상발생위험증가,-,AnhydrousAtorvastatinCalcium,D000455,D000762,이트라코나졸,Itraconazole,[M083734]이트라코나졸
[M085595]말레인산돔페리돈/[M222961]돔페리돈말레산염,단일,-,기타의소화기관용약,QTc연장효과증대로심각한위험(TorsadedePointes|심각한심실성부정맥포함)가능성강력한CYP억제제가돔페리돈의대사를감소시켜|돔페리돈의영향(이상반응포함)증대가능성,-,DomperidoneMaleate,D000297,D000762,이트라코나졸,Itraconazole,[M083734]이트라코나졸
[M222875]암로디핀베실산염/[M090403]발사르탄/[M256664]아토르바스타틴칼슘수화물,복합,[D000152]Amlodipine(암로디핀),기타의순환계용약,근육병증|횡문근융해증|간효소이상발생위험증가,-,AtorvastatinCalciumHydrate,D000455,D000762,이트라코나졸,Itraconazole,[M083734]이트라코나졸
[M097492]에제티미브/[M222875]암로디핀베실산염/[M215219]아토르바스타틴칼슘삼수화물,복합,[D000152]Amlodipine(암로디핀),기타의순환계용약,근육병증|횡문근융해증|간효소이상발생위험증가,-,AtorvastatinCalciumTrihydrate,D000455,D000762,이트라코나졸,Itraconazole,[M083734]이트라코나졸
[M222875]암로디핀베실산염/[M093499]아토르바스타틴칼슘,복합,[D000152]Amlodipine(암로디핀),기타의순환계용약,근육병증|횡문근융해증|간효소이상발생위험증가,-,AtorvastatinCalcium,D000455,D000762,이트라코나졸,Itraconazole,[M083734]이트라코나졸
[M222875]암로디핀베실산염/[M215219]아토르바스타틴칼슘삼수화물,복합,[D000152]Amlodipine(암로디핀),기타의순환계용약,근육병증|횡문근융해증|간효소이상발생위험증가,-,AtorvastatinCalciumTrihydrate,D000455,D000762,이트라코나졸,Itraconazole,[M083734]이트라코나졸
[M089055]칸데사르탄실렉세틸/[M222875]암로디핀베실산염/[M251687]아토르바스타틴칼슘,복합,[D000152]Amlodipine(암로디핀),기타의순환계용약,근육병증|횡문근융해증|간효소이상발생위험증가,-,AtorvastatinCalcium,D000455,D000762,이트라코나졸,Itraconazole,[M083734]이트라코나졸
[M213543]무수아토르바스타틴칼슘/[M222875]암로디핀베실산염,복합,[D000152]Amlodipine(암로디핀),기타의순환계용약,근육병증|횡문근융해증|간효소이상발생위험증가,-,AnhydrousAtorvastatinCalcium,D000455,D000762,이트라코나졸,Itraconazole,[M083734]이트라코나졸
[M256664]아토르바스타틴칼슘수화물/[M222875]암로디핀베실산염/[M213543]무수아토르바스타틴칼슘/[M222875]암로디핀베실산염,복합,[D000152]Amlodipine(암로디핀),기타의순환계용약,근육병증|횡문근융해증|간효소이상발생위험증가,-,AnhydrousAtorvastatinCalcium,D000455,D000762,이트라코나졸,Itraconazole,[M083734]이트라코나졸
[M215219]아토르바스타틴칼슘삼수화물/[M222875]암로디핀베실산염,복합,[D000152]Amlodipine(암로디핀),기타의순환계용약,근육병증|횡문근융해증|간효소이상발생위험증가,-,AtorvastatinCalciumTrihydrate,D000455,D000762,이트라코나졸,Itraconazole,[M083734]이트라코나졸
[M244179]메트포르민염산염/[M244179]메트포르민염산염/[M221584]빌다글립틴,복합,[D000445]Vildagliptin(빌다글립틴),당뇨병용제,기능적신부전에의해유산산성증촉진,48시간이내병용금기,MetforminHydrochloride,D000718,D000267,이오파미돌,Iopamidol,[M085529]이오파미돌
[M215219]아토르바스타틴칼슘삼수화물/[M083437]베실산암로디핀,복합,[D000152]Amlodipine(암로디핀),기타의순환계용약,근육병증|횡문근융해증|간효소이상발생위험증가,-,AtorvastatinCalciumTrihydrate,D000455,D000762,이트라코나졸,Itraconazole,[M083734]이트라코나졸
[M215219]아토르바스타틴칼슘삼수화물/[M261637]오메가3산에틸에스테르90,복합,[D001688]Omega-3-AcidEthylEsters90(오메가3산에틸에스테르90),동맥경화용제,근육병증|횡문근융해위험증가가능,-,AtorvastatinCalciumTrihydrate,D000455,D000762,이트라코나졸,Itraconazole,[M083734]이트라코나졸
[M256664]아토르바스타틴칼슘수화물/[M270410]오메가-3-산에틸에스테르90,복합,[D001688]Omega-3-AcidEthylEsters90(오메가3산에틸에스테르90),동맥경화용제,근육병증|횡문근융해위험증가가능,-,AtorvastatinCalciumHydrate,D000455,D000762,이트라코나졸,Itraconazole,[M083734]이트라코나졸
[M256664]아토르바스타틴칼슘수화물/[M261637]오메가3산에틸에스테르90,복합,[D001688]Omega-3-AcidEthylEsters90(오메가3산에틸에스테르90),동맥경화용제,근육병증|횡문근융해위험증가가능,-,AtorvastatinCalciumHydrate,D000455,D000762,이트라코나졸,Itraconazole,[M083734]이트라코나졸
[M215219]아토르바스타틴칼슘삼수화물/[M251853]이르베사르탄,복합,[D000046]Irbesartan(이르베사르탄),기타의순환계용약,근육병증|횡문근융해위험증가가능,-,AtorvastatinCalciumTrihydrate,D000455,D000762,이트라코나졸,Itraconazole,[M083734]이트라코나졸
[M245775]이바브라딘염산염,단일,-,기타의순환계용약,이바브라딘의혈중농도증가,-,IvabradineHydrochloride,D000571,D000762,이트라코나졸고체분산체,ItraconazoleSolidDispersions,[M092870]이트라코나졸고체분산체
[M223126]에르고타민타르타르산염/[M223183]카페인무수물,복합,[D001266]AnhydrousCaffeine(카페인무수물),해열.진통.소염제,맥각독성(혈관경련|말단및기타조직허혈),-,ErgotamineTartrate,D000747,D000762,이트라코나졸고체분산체,ItraconazoleSolidDispersions,[M092870]이트라코나졸고체분산체
[M222961]돔페리돈말레산염,단일,-,기타의소화기관용약,QTc연장효과증대로심각한위험(TorsadedePointes|심각한심실성부정맥포함)가능성강력한CYP억제제가돔페리돈의대사를감소시켜|돔페리돈의영향(이상반응포함)증대가능성,-,DomperidoneMaleate,D000297,D000762,이트라코나졸고체분산체,ItraconazoleSolidDispersions,[M092870]이트라코나졸고체분산체
[M081091]돔페리돈,단일,-,기타의소화기관용약,QTc연장효과증대로심각한위험(TorsadedePointes|심각한심실성부정맥포함)가능성강력한CYP억제제가돔페리돈의대사를감소시켜|돔페리돈의영향(이상반응포함)증대가능성,-,Domperidone,D000297,D000762,이트라코나졸고체분산체,ItraconazoleSolidDispersions,[M092870]이트라코나졸고체분산체
[M256664]아토르바스타틴칼슘수화물/[M222875]암로디핀베실산염,복합,[D000152]Amlodipine(암로디핀),기타의순환계용약,근육병증|횡문근융해증|간효소이상발생위험증가,-,AtorvastatinCalciumHydrate,D000455,D000762,이트라코나졸,Itraconazole,[M083734]이트라코나졸
[M251687]아토르바스타틴칼슘/[M222875]암로디핀베실산염,복합,[D000152]Amlodipine(암로디핀),기타의순환계용약,근육병증|횡문근융해증|간효소이상발생위험증가,-,AtorvastatinCalcium,D000455,D000762,이트라코나졸,Itraconazole,[M083734]이트라코나졸
[M222885]케토롤락트로메타민염,단일,-,해열.진통.소염제,중증의위장관계이상반응,-,KetorolacTromethamine,D000274,D000138,세레콕시브,Celecoxib,[M089149]세레콕시브/[M265871]당귀·모과·방풍·속단·오가피·우슬·위령선·육계·진교·천궁·천마·홍화25%에탄올연조엑스(3.5→1)
[M085595]말레인산돔페리돈,단일,-,기타의소화기관용약,QTc연장효과증대로심각한위험(TorsadedePointes|심각한심실성부정맥포함)가능성,-,DomperidoneMaleate,D000297,D000113,할로페리돌,Haloperidol,[M040766]할로페리돌
[M264048]피마사르탄칼륨삼수화물과립/[M215219]아토르바스타틴칼슘삼수화물,복합,[D000624]Fimasartan(피마사르탄),기타의순환계용약,근육병증|횡문근융해위험증가가능,-,AtorvastatinCalciumTrihydrate,D000455,D000762,이트라코나졸,Itraconazole,[M083734]이트라코나졸
[M097492]에제티미브/[M215219]아토르바스타틴칼슘삼수화물,복합,[D000350]Ezetimibe(에제티미브),동맥경화용제,근육병증|횡문근융해증|간효소이상발생위험증가,-,AtorvastatinCalciumTrihydrate,D000455,D000762,이트라코나졸,Itraconazole,[M083734]이트라코나졸
[M085595]말레인산돔페리돈/[M222961]돔페리돈말레산염,단일,-,기타의소화기관용약,QTc연장효과증대로심각한위험(TorsadedePointes|심각한심실성부정맥포함)가능성,-,DomperidoneMaleate,D000297,D000113,할로페리돌,Haloperidol,[M040766]할로페리돌
[M251687]아토르바스타틴칼슘/[M097492]에제티미브,복합,[D000350]Ezetimibe(에제티미브),동맥경화용제,근육병증|횡문근융해증|간효소이상발생위험증가,-,AtorvastatinCalcium,D000455,D000762,이트라코나졸,Itraconazole,[M083734]이트라코나졸
[M215219]아토르바스타틴칼슘삼수화물/[M097492]에제티미브,복합,[D000350]Ezetimibe(에제티미브),동맥경화용제,근육병증|횡문근융해증|간효소이상발생위험증가,-,AtorvastatinCalciumTrihydrate,D000455,D000762,이트라코나졸,Itraconazole,[M083734]이트라코나졸
[M263856]팔보시클립,단일,-,항악성종양제,팔보시클립의혈장농도증가,-,Palbociclib,D001149,D000476,카르바마제핀,Carbamazepine,[M040569]카르바마제핀
[M262752]소포스부비르/[M262910]레디파스비르,복합,[D001071]Sofosbuvir(소포스부비르),기타의화학요법제,레디파스비르및소포스부비르혈장농도를현저히떨어뜨려이약의치료효과를감소시킬수있음,-,Ledipasvir,D001072,D000476,카르바마제핀,Carbamazepine,[M040569]카르바마제핀
[M236272]에트라비린,단일,-,기타의화학요법제,에트라비린의혈중농도가감소하여치료효과감소혹은내성발현,-,Etravirine,D000036,D000476,카르바마제핀,Carbamazepine,[M040569]카르바마제핀
[M256664]아토르바스타틴칼슘수화물/[M097492]에제티미브,복합,[D000350]Ezetimibe(에제티미브),동맥경화용제,근육병증|횡문근융해증|간효소이상발생위험증가,-,AtorvastatinCalciumHydrate,D000455,D000762,이트라코나졸,Itraconazole,[M083734]이트라코나졸
[M084703]케토롤락트로메타민,단일,-,해열.진통.소염제,중증의위장관계이상반응,-,KetorolacTromethamine,D000274,D000138,세레콕시브,Celecoxib,[M089149]세레콕시브/[M265871]당귀·모과·방풍·속단·오가피·우슬·위령선·육계·진교·천궁·천마·홍화25%에탄올연조엑스(3.5→1)
[M282749]에제티미브(미분화)/[M222875]암로디핀베실산염/[M215219]아토르바스타틴칼슘삼수화물,복합,[D000152]Amlodipine(암로디핀),기타의순환계용약,근육병증|횡문근융해증|간효소이상발생위험증가,-,AtorvastatinCalciumTrihydrate,D000455,D000762,이트라코나졸,Itraconazole,[M083734]이트라코나졸
[M222885]케토롤락트로메타민염,단일,-,해열.진통.소염제,중증의위장관계이상반응,-,KetorolacTromethamine,D000274,D000138,세레콕시브,Celecoxib,[M089149]세레콕시브/[M089149]세레콕시브
[M084703]케토롤락트로메타민,단일,-,해열.진통.소염제,중증의위장관계이상반응,-,KetorolacTromethamine,D000274,D000138,세레콕시브,Celecoxib,[M089149]세레콕시브/[M089149]세레콕시브
[M256381]포사코나졸(미분화),단일,-,기타의화학요법제,횡문근융해를비롯한근육병증발생가능성증가,-,PosaconazoleMicronized,D000405,D000455,아토르바스타틴칼슘삼수화물,AtorvastatinCalciumTrihydrate,[M215219]아토르바스타틴칼슘삼수화물
[M222961]돔페리돈말레산염,단일,-,기타의소화기관용약,QTc연장효과증대로심각한위험(TorsadedePointes|심각한심실성부정맥포함)가능성강력한CYP억제제가돔페리돈의대사를감소시켜|돔페리돈의영향(이상반응포함)증대가능성,-,DomperidoneMaleate,D000297,D000762,이트라코나졸,Itraconazole,[M083734]이트라코나졸
[M081091]돔페리돈,단일,-,기타의소화기관용약,QTc연장효과증대로심각한위험(TorsadedePointes|심각한심실성부정맥포함)가능성강력한CYP억제제가돔페리돈의대사를감소시켜|돔페리돈의영향(이상반응포함)증대가능성,-,Domperidone,D000297,D000762,이트라코나졸,Itraconazole,[M083734]이트라코나졸
[M222961]돔페리돈말레산염/[M222961]돔페리돈말레산염,단일,-,기타의소화기관용약,QTc연장효과증대로심각한위험(TorsadedePointes|심각한심실성부정맥포함)가능성강력한CYP억제제가돔페리돈의대사를감소시켜|돔페리돈의영향(이상반응포함)증대가능성,-,DomperidoneMaleate,D000297,D000762,이트라코나졸,Itraconazole,[M083734]이트라코나졸
[M081091]돔페리돈/[M081091]돔페리돈,단일,-,기타의소화기관용약,QTc연장효과증대로심각한위험(TorsadedePointes|심각한심실성부정맥포함)가능성강력한CYP억제제가돔페리돈의대사를감소시켜|돔페리돈의영향(이상반응포함)증대가능성,-,Domperidone,D000297,D000762,이트라코나졸,Itraconazole,[M083734]이트라코나졸
[M222961]돔페리돈말레산염/[M222961]돔페리돈말레산염/[M222961]돔페리돈말레산염,단일,-,기타의소화기관용약,QTc연장효과증대로심각한위험(TorsadedePointes|심각한심실성부정맥포함)가능성강력한CYP억제제가돔페리돈의대사를감소시켜|돔페리돈의영향(이상반응포함)증대가능성,-,DomperidoneMaleate,D000297,D000762,이트라코나졸,Itraconazole,[M083734]이트라코나졸
[M215219]아토르바스타틴칼슘삼수화물/[M222875]암로디핀베실산염/[M282749]에제티미브(미분화),복합,[D000152]Amlodipine(암로디핀),기타의순환계용약,근육병증|횡문근융해증|간효소이상발생위험증가,-,AtorvastatinCalciumTrihydrate,D000455,D000762,이트라코나졸,Itraconazole,[M083734]이트라코나졸
[M085595]말레인산돔페리돈,단일,-,기타의소화기관용약,QTc연장효과증대로심각한위험(TorsadedePointes|심각한심실성부정맥포함)가능성강력한CYP억제제가돔페리돈의대사를감소시켜|돔페리돈의영향(이상반응포함)증대가능성,-,DomperidoneMaleate,D000297,D000762,이트라코나졸,Itraconazole,[M083734]이트라코나졸
[M222961]돔페리돈말레산염/[M222961]돔페리돈말레산염,단일,-,기타의소화기관용약,QTc연장효과증대로심각한위험(TorsadedePointes|심각한심실성부정맥포함)가능성강력한CYP억제제가돔페리돈의대사를감소시켜|돔페리돈의영향(이상반응포함)증대가능성,-,DomperidoneMaleate,D000297,D000762,이트라코나졸고체분산체,ItraconazoleSolidDispersions,[M092870]이트라코나졸고체분산체
[M222961]돔페리돈말레산염/[M222961]돔페리돈말레산염/[M222961]돔페리돈말레산염,단일,-,기타의소화기관용약,QTc연장효과증대로심각한위험(TorsadedePointes|심각한심실성부정맥포함)가능성강력한CYP억제제가돔페리돈의대사를감소시켜|돔페리돈의영향(이상반응포함)증대가능성,-,DomperidoneMaleate,D000297,D000762,이트라코나졸고체분산체,ItraconazoleSolidDispersions,[M092870]이트라코나졸고체분산체
[M081091]돔페리돈/[M081091]돔페리돈,단일,-,기타의소화기관용약,QTc연장효과증대로심각한위험(TorsadedePointes|심각한심실성부정맥포함)가능성,-,Domperidone,D000297,D000113,할로페리돌,Haloperidol,[M040766]할로페리돌
[M263856]팔보시클립,단일,-,항악성종양제,팔보시클립의혈장농도증가,-,Palbociclib,D001149,D000762,이트라코나졸,Itraconazole,[M083734]이트라코나졸
[M251687]아토르바스타틴칼슘,단일,-,동맥경화용제,근육병증,-,AtorvastatinCalcium,D000455,D000762,이트라코나졸,Itraconazole,[M083734]이트라코나졸
[M256664]아토르바스타틴칼슘수화물/[M256664]아토르바스타틴칼슘수화물,단일,-,동맥경화용제,근육병증,-,AtorvastatinCalciumHydrate,D000455,D000762,이트라코나졸,Itraconazole,[M083734]이트라코나졸
[M222961]돔페리돈말레산염,단일,-,기타의소화기관용약,QTc연장효과증대로심각한위험(TorsadedePointes|심각한심실성부정맥포함)가능성,-,DomperidoneMaleate,D000297,D000793,레보플록사신,Levofloxacin,[M085584]레보플록사신
[M081091]돔페리돈,단일,-,기타의소화기관용약,QTc연장효과증대로심각한위험(TorsadedePointes|심각한심실성부정맥포함)가능성,-,Domperidone,D000297,D000793,레보플록사신,Levofloxacin,[M085584]레보플록사신
[M222961]돔페리돈말레산염/[M222961]돔페리돈말레산염,단일,-,기타의소화기관용약,QTc연장효과증대로심각한위험(TorsadedePointes|심각한심실성부정맥포함)가능성,-,DomperidoneMaleate,D000297,D000793,레보플록사신,Levofloxacin,[M085584]레보플록사신
[M081091]돔페리돈/[M081091]돔페리돈,단일,-,기타의소화기관용약,QTc연장효과증대로심각한위험(TorsadedePointes|심각한심실성부정맥포함)가능성,-,Domperidone,D000297,D000793,레보플록사신,Levofloxacin,[M085584]레보플록사신
[M222961]돔페리돈말레산염/[M222961]돔페리돈말레산염/[M222961]돔페리돈말레산염,단일,-,기타의소화기관용약,QTc연장효과증대로심각한위험(TorsadedePointes|심각한심실성부정맥포함)가능성,-,DomperidoneMaleate,D000297,D000793,레보플록사신,Levofloxacin,[M085584]레보플록사신
[M085595]말레인산돔페리돈,단일,-,기타의소화기관용약,QTc연장효과증대로심각한위험(TorsadedePointes|심각한심실성부정맥포함)가능성,-,DomperidoneMaleate,D000297,D000793,레보플록사신,Levofloxacin,[M085584]레보플록사신
[M085595]말레인산돔페리돈/[M222961]돔페리돈말레산염,단일,-,기타의소화기관용약,QTc연장효과증대로심각한위험(TorsadedePointes|심각한심실성부정맥포함)가능성,-,DomperidoneMaleate,D000297,D000793,레보플록사신,Levofloxacin,[M085584]레보플록사신
[M088960]이오헥솔,단일,-,X선조영제,기능적신부전에의해유산산성증촉진,-,Iohexol,D000669,D000718,메트포르민염산염,MetforminHydrochloride,[M279438]테네리글립틴염산염수화물/[M244179]메트포르민염산염
[M086785]이오비트리돌,단일,-,X선조영제,기능적신부전에의해유산산성증촉진,-,Iobitridol,D000760,D000718,메트포르민염산염,MetforminHydrochloride,[M279438]테네리글립틴염산염수화물/[M244179]메트포르민염산염
[M088268]이오메프롤,단일,-,X선조영제,기능적신부전에의해유산산성증촉진,-,Iomeprol,D000364,D000718,메트포르민염산염,MetforminHydrochloride,[M279438]테네리글립틴염산염수화물/[M244179]메트포르민염산염
[M252922]톨밥탄분무건조분말,단일,-,기타의순환계용약,톨밥탄의혈중농도증가,-,TolvaptanSprayDryPowder,D000487,D000373,클래리트로마이신,Clarithromycin,[M223198]클래리트로마이신
[M222961]돔페리돈말레산염,단일,-,기타의소화기관용약,QTc연장효과증대로심각한위험(TorsadedePointes|심각한심실성부정맥포함)가능성강력한CYP억제제가돔페리돈의대사를감소시켜|돔페리돈의영향(이상반응포함)증대가능성,-,DomperidoneMaleate,D000297,D000373,클래리트로마이신,Clarithromycin,[M223198]클래리트로마이신
[M081091]돔페리돈,단일,-,기타의소화기관용약,QTc연장효과증대로심각한위험(TorsadedePointes|심각한심실성부정맥포함)가능성강력한CYP억제제가돔페리돈의대사를감소시켜|돔페리돈의영향(이상반응포함)증대가능성,-,Domperidone,D000297,D000373,클래리트로마이신,Clarithromycin,[M223198]클래리트로마이신
[M222961]돔페리돈말레산염/[M222961]돔페리돈말레산염,단일,-,기타의소화기관용약,QTc연장효과증대로심각한위험(TorsadedePointes|심각한심실성부정맥포함)가능성강력한CYP억제제가돔페리돈의대사를감소시켜|돔페리돈의영향(이상반응포함)증대가능성,-,DomperidoneMaleate,D000297,D000373,클래리트로마이신,Clarithromycin,[M223198]클래리트로마이신
[M081091]돔페리돈/[M081091]돔페리돈,단일,-,기타의소화기관용약,QTc연장효과증대로심각한위험(TorsadedePointes|심각한심실성부정맥포함)가능성강력한CYP억제제가돔페리돈의대사를감소시켜|돔페리돈의영향(이상반응포함)증대가능성,-,Domperidone,D000297,D000373,클래리트로마이신,Clarithromycin,[M223198]클래리트로마이신
[M222961]돔페리돈말레산염/[M222961]돔페리돈말레산염/[M222961]돔페리돈말레산염,단일,-,기타의소화기관용약,QTc연장효과증대로심각한위험(TorsadedePointes|심각한심실성부정맥포함)가능성강력한CYP억제제가돔페리돈의대사를감소시켜|돔페리돈의영향(이상반응포함)증대가능성,-,DomperidoneMaleate,D000297,D000373,클래리트로마이신,Clarithromycin,[M223198]클래리트로마이신
[M085595]말레인산돔페리돈,단일,-,기타의소화기관용약,QTc연장효과증대로심각한위험(TorsadedePointes|심각한심실성부정맥포함)가능성강력한CYP억제제가돔페리돈의대사를감소시켜|돔페리돈의영향(이상반응포함)증대가능성,-,DomperidoneMaleate,D000297,D000373,클래리트로마이신,Clarithromycin,[M223198]클래리트로마이신
[M253921]릴피비린염산염,단일,-,기타의화학요법제,위장pH의증가로릴피비린의흡수가저하되어릴피비린의치료효과감소,-,RilpivirineHydrochloride,D000225,D000204,라베프라졸나트륨,RabeprazoleSodium,[M089852]라베프라졸나트륨/[M207094]탄산수소나트륨
[M264293]리바록사반(미분화),단일,-,혈액응고저지제,리바록사반의혈중농도가상승하여출혈위험증가,-,RivaroxabanMicronized,D000527,D000762,이트라코나졸,Itraconazole,[M083734]이트라코나졸
[M085595]말레인산돔페리돈,단일,-,기타의소화기관용약,QTc연장효과증대로심각한위험(TorsadedePointes|심각한심실성부정맥포함)가능성강력한CYP억제제가돔페리돈의대사를감소시켜|돔페리돈의영향(이상반응포함)증대가능성,-,DomperidoneMaleate,D000297,D000762,이트라코나졸고체분산체,ItraconazoleSolidDispersions,[M092870]이트라코나졸고체분산체
[M085595]말레인산돔페리돈/[M222961]돔페리돈말레산염,단일,-,기타의소화기관용약,QTc연장효과증대로심각한위험(TorsadedePointes|심각한심실성부정맥포함)가능성강력한CYP억제제가돔페리돈의대사를감소시켜|돔페리돈의영향(이상반응포함)증대가능성,-,DomperidoneMaleate,D000297,D000762,이트라코나졸고체분산체,ItraconazoleSolidDispersions,[M092870]이트라코나졸고체분산체
[M071788]헤모코아귤라제,단일,-,지혈제,혈전형성,-,Hemocoagulase,D000520,D000777,트롬빈,Thrombin,[M040658]트롬빈
[M100530]헤모코아귤라제액,단일,-,지혈제,혈전형성,-,HemocoagulaseSolution,D000520,D000777,트롬빈,Thrombin,[M040658]트롬빈
[M051614]트라넥삼산,단일,-,지혈제,혈전형성,-,TranexamicAcid,D000590,D000777,트롬빈,Thrombin,[M040658]트롬빈
[M254091]리바록사반(미세화),단일,-,혈액응고저지제,리바록사반의혈중농도가상승하여출혈위험증가,-,RivaroxabanMicronized,D000527,D000762,이트라코나졸,Itraconazole,[M083734]이트라코나졸
[M082938]트라넥사민산/[M051614]트라넥삼산,단일,-,지혈제,혈전형성,-,TranexamicAcid,D000590,D000777,트롬빈,Thrombin,[M040658]트롬빈
[M051614]트라넥삼산/[M051614]트라넥삼산,단일,-,지혈제,혈전형성,-,TranexamicAcid,D000590,D000777,트롬빈,Thrombin,[M040658]트롬빈
[M252922]톨밥탄분무건조분말,단일,-,기타의순환계용약,톨밥탄의혈중농도증가,-,TolvaptanSprayDryPowder,D000487,D000762,이트라코나졸,Itraconazole,[M083734]이트라코나졸
[M253921]릴피비린염산염,단일,-,기타의화학요법제,위장pH의증가로릴피비린의흡수가저하되어릴피비린의치료효과감소,-,RilpivirineHydrochloride,D000225,D000204,라베프라졸나트륨,RabeprazoleSodium,[M089852]라베프라졸나트륨
[M253921]릴피비린염산염,단일,-,기타의화학요법제,위장pH의증가로릴피비린의흡수가저하되어릴피비린의치료효과감소,-,RilpivirineHydrochloride,D000225,D000699,란소프라졸과립,LansoprazoleGranules,[M091244]란소프라졸과립
[M211313]알프라졸람,단일,-,정신신경용제,alprazolam의혈장농도증가|수면및진정작용증강및연장,-,Alprazolam,D000660,D000762,이트라코나졸,Itraconazole,[M083734]이트라코나졸
[M215219]아토르바스타틴칼슘삼수화물,단일,-,동맥경화용제,근육병증,-,AtorvastatinCalciumTrihydrate,D000455,D000762,이트라코나졸,Itraconazole,[M083734]이트라코나졸
[M256664]아토르바스타틴칼슘수화물,단일,-,동맥경화용제,근육병증,-,AtorvastatinCalciumHydrate,D000455,D000762,이트라코나졸,Itraconazole,[M083734]이트라코나졸
[M222961]돔페리돈말레산염/[M222961]돔페리돈말레산염/[M222961]돔페리돈말레산염,단일,-,기타의소화기관용약,QTc연장효과증대로심각한위험(TorsadedePointes|심각한심실성부정맥포함)가능성,-,DomperidoneMaleate,D000297,D000113,할로페리돌,Haloperidol,[M040766]할로페리돌
[M222961]돔페리돈말레산염/[M222961]돔페리돈말레산염,단일,-,기타의소화기관용약,QTc연장효과증대로심각한위험(TorsadedePointes|심각한심실성부정맥포함)가능성,-,DomperidoneMaleate,D000297,D000113,할로페리돌,Haloperidol,[M040766]할로페리돌
[M085595]말레인산돔페리돈/[M222961]돔페리돈말레산염,단일,-,기타의소화기관용약,QTc연장효과증대로심각한위험(TorsadedePointes|심각한심실성부정맥포함)가능성강력한CYP억제제가돔페리돈의대사를감소시켜|돔페리돈의영향(이상반응포함)증대가능성,-,DomperidoneMaleate,D000297,D000373,클래리트로마이신,Clarithromycin,[M223198]클래리트로마이신
[M222885]케토롤락트로메타민염,단일,-,해열.진통.소염제,중증의위장관계이상반응,-,KetorolacTromethamine,D000274,D000506,디클로페낙나트륨,DiclofenacSodium,[M050288]디클로페낙나트륨/[M050288]디클로페낙나트륨
[M084703]케토롤락트로메타민,단일,-,해열.진통.소염제,중증의위장관계이상반응,-,KetorolacTromethamine,D000274,D000363,이부프로펜,Ibuprofen,[M051259]이부프로펜/[M203364]슈도에페드린염산염/[M223211]클로르페니라민말레산염
[M222875]암로디핀베실산염/[M090403]발사르탄/[M256664]아토르바스타틴칼슘수화물,복합,[D000152]Amlodipine(암로디핀)/[D000011]Valsartan(발사르탄),기타의순환계용약,근육병증|횡문근융해위험증가가능,-,AtorvastatinCalciumHydrate,D000455,D000762,이트라코나졸고체분산체,ItraconazoleSolidDispersions,[M092870]이트라코나졸고체분산체
[M222885]케토롤락트로메타민염,단일,-,해열.진통.소염제,중증의위장관계이상반응,-,KetorolacTromethamine,D000274,D000363,이부프로펜,Ibuprofen,[M051259]이부프로펜/[M050058]구아이페네신/[M203364]슈도에페드린염산염/[M222957]덱스트로메토르판브롬화수소산염수화물/[M223211]클로르페니라민말레산염/[M264046]DL-메틸에페드린염산염/[M223062]브롬헥신염산염
[M084703]케토롤락트로메타민,단일,-,해열.진통.소염제,중증의위장관계이상반응,-,KetorolacTromethamine,D000274,D000363,이부프로펜,Ibuprofen,[M051259]이부프로펜/[M050058]구아이페네신/[M203364]슈도에페드린염산염/[M222957]덱스트로메토르판브롬화수소산염수화물/[M223211]클로르페니라민말레산염/[M264046]DL-메틸에페드린염산염/[M223062]브롬헥신염산염
[M264048]피마사르탄칼륨삼수화물과립/[M215219]아토르바스타틴칼슘삼수화물,복합,[D000624]Fimasartan(피마사르탄),기타의순환계용약,근육병증|횡문근융해위험증가가능,-,AtorvastatinCalciumTrihydrate,D000455,D000762,이트라코나졸고체분산체,ItraconazoleSolidDispersions,[M092870]이트라코나졸고체분산체
[M097492]에제티미브/[M215219]아토르바스타틴칼슘삼수화물,복합,[D000350]Ezetimibe(에제티미브),동맥경화용제,근육병증|횡문근융해증|간효소이상발생위험증가,-,AtorvastatinCalciumTrihydrate,D000455,D000762,이트라코나졸고체분산체,ItraconazoleSolidDispersions,[M092870]이트라코나졸고체분산체
[M222885]케토롤락트로메타민염,단일,-,해열.진통.소염제,상가적인위장관궤양|출혈의위험,-,KetorolacTromethamine,D000274,D000525,록소프로펜나트륨수화물,LoxoprofenSodiumHydrate,[M222839]록소프로펜나트륨수화물
[M084703]케토롤락트로메타민,단일,-,해열.진통.소염제,상가적인위장관궤양|출혈의위험,-,KetorolacTromethamine,D000274,D000525,록소프로펜나트륨수화물,LoxoprofenSodiumHydrate,[M222839]록소프로펜나트륨수화물
[M251687]아토르바스타틴칼슘/[M097492]에제티미브,복합,[D000350]Ezetimibe(에제티미브),동맥경화용제,근육병증|횡문근융해증|간효소이상발생위험증가,-,AtorvastatinCalcium,D000455,D000762,이트라코나졸고체분산체,ItraconazoleSolidDispersions,[M092870]이트라코나졸고체분산체
[M215219]아토르바스타틴칼슘삼수화물/[M097492]에제티미브,복합,[D000350]Ezetimibe(에제티미브),동맥경화용제,근육병증|횡문근융해증|간효소이상발생위험증가,-,AtorvastatinCalciumTrihydrate,D000455,D000762,이트라코나졸고체분산체,ItraconazoleSolidDispersions,[M092870]이트라코나졸고체분산체
[M213126]덱스케토프로펜트로메타몰,단일,-,해열.진통.소염제,경련발생,-,DexketoprofenTrometamol,D000696,D000142,염산시프로플록사신,CiprofloxacinHydrochloride,[M095543]염산시프로플록사신
[M244179]메트포르민염산염/[M256664]아토르바스타틴칼슘수화물,복합,[D000718]Metformin(메트포르민),당뇨병용제,근육병증|횡문근융해위험증가가능,-,AtorvastatinCalciumHydrate,D000455,D000762,이트라코나졸,Itraconazole,[M083734]이트라코나졸
[M245775]이바브라딘염산염,단일,-,기타의순환계용약,이바브라딘의혈중농도증가,-,IvabradineHydrochloride,D000571,D000762,이트라코나졸,Itraconazole,[M083734]이트라코나졸
[M223126]에르고타민타르타르산염/[M223183]카페인무수물,복합,[D001266]AnhydrousCaffeine(카페인무수물),해열.진통.소염제,맥각독성(혈관경련|말단및기타조직허혈),-,ErgotamineTartrate,D000747,D000762,이트라코나졸,Itraconazole,[M083734]이트라코나졸
[M222885]케토롤락트로메타민염,단일,-,해열.진통.소염제,중증의위장관계이상반응,-,KetorolacTromethamine,D000274,D000506,디클로페낙나트륨,DiclofenacSodium,[M050288]디클로페낙나트륨
[M222885]케토롤락트로메타민염,단일,-,해열.진통.소염제,중증의위장관계이상반응,-,KetorolacTromethamine,D000274,D000363,이부프로펜,Ibuprofen,[M051259]이부프로펜/[M203364]슈도에페드린염산염/[M223211]클로르페니라민말레산염
[M084703]케토롤락트로메타민,단일,-,해열.진통.소염제,중증의위장관계이상반응,-,KetorolacTromethamine,D000274,D000363,이부프로펜,Ibuprofen,[M051259]이부프로펜/[M050058]구아이페네신/[M222957]덱스트로메토르판브롬화수소산염수화물/[M264046]DL-메틸에페드린염산염/[M223062]브롬헥신염산염
[M222885]케토롤락트로메타민염,단일,-,해열.진통.소염제,중증의위장관계이상반응,-,KetorolacTromethamine,D000274,D000363,이부프로펜,Ibuprofen,[M051259]이부프로펜/[M050058]구아이페네신/[M222957]덱스트로메토르판브롬화수소산염수화물/[M264046]DL-메틸에페드린염산염/[M223062]브롬헥신염산염
[M085595]말레인산돔페리돈,단일,-,기타의소화기관용약,QTc연장효과증대로심각한위험(TorsadedePointes|심각한심실성부정맥포함)가능성,-,DomperidoneMaleate,D000297,D000142,염산시프로플록사신,CiprofloxacinHydrochloride,[M095543]염산시프로플록사신
[M251166]아고멜라틴,단일,-,정신신경용제,아고멜라틴혈중농도증가,-,Agomelatine,D000735,D000142,염산시프로플록사신,CiprofloxacinHydrochloride,[M095543]염산시프로플록사신
[M222885]케토롤락트로메타민염,단일,-,해열.진통.소염제,중증의위장관계이상반응,-,KetorolacTromethamine,D000274,D000506,디클로페낙디에틸암모늄,DiclofenacDiethylammonium,[M249599]디클로페낙디에틸암모늄
[M084703]케토롤락트로메타민,단일,-,해열.진통.소염제,중증의위장관계이상반응,-,KetorolacTromethamine,D000274,D000506,디클로페낙디에틸암모늄,DiclofenacDiethylammonium,[M249599]디클로페낙디에틸암모늄
[M262752]소포스부비르/[M262910]레디파스비르,복합,[D001071]Sofosbuvir(소포스부비르),기타의화학요법제,로수바스타틴농도를현저하게증가시킬수있으며|이는횡문근융해증을포함하여근육병증의위험증가,-,Ledipasvir,D001072,D000219,로수바스타틴칼슘,RosuvastatinCalcium,[M097492]에제티미브/[M095744]로수바스타틴칼슘
[M262752]소포스부비르/[M262910]레디파스비르,복합,[D001071]Sofosbuvir(소포스부비르),기타의화학요법제,로수바스타틴농도를현저하게증가시킬수있으며|이는횡문근융해증을포함하여근육병증의위험증가,-,Ledipasvir,D001072,D000219,로수바스타틴칼슘,RosuvastatinCalcium,[M095744]로수바스타틴칼슘
[M222961]돔페리돈말레산염,단일,-,기타의소화기관용약,QTc연장효과증대로심각한위험(TorsadedePointes|심각한심실성부정맥포함)가능성,-,DomperidoneMaleate,D000297,D000142,염산시프로플록사신,CiprofloxacinHydrochloride,[M095543]염산시프로플록사신
[M081091]돔페리돈,단일,-,기타의소화기관용약,QTc연장효과증대로심각한위험(TorsadedePointes|심각한심실성부정맥포함)가능성,-,Domperidone,D000297,D000142,염산시프로플록사신,CiprofloxacinHydrochloride,[M095543]염산시프로플록사신
[M222961]돔페리돈말레산염/[M222961]돔페리돈말레산염,단일,-,기타의소화기관용약,QTc연장효과증대로심각한위험(TorsadedePointes|심각한심실성부정맥포함)가능성,-,DomperidoneMaleate,D000297,D000142,염산시프로플록사신,CiprofloxacinHydrochloride,[M095543]염산시프로플록사신
[M081091]돔페리돈/[M081091]돔페리돈,단일,-,기타의소화기관용약,QTc연장효과증대로심각한위험(TorsadedePointes|심각한심실성부정맥포함)가능성,-,Domperidone,D000297,D000142,염산시프로플록사신,CiprofloxacinHydrochloride,[M095543]염산시프로플록사신
[M222961]돔페리돈말레산염/[M222961]돔페리돈말레산염/[M222961]돔페리돈말레산염,단일,-,기타의소화기관용약,QTc연장효과증대로심각한위험(TorsadedePointes|심각한심실성부정맥포함)가능성,-,DomperidoneMaleate,D000297,D000142,염산시프로플록사신,CiprofloxacinHydrochloride,[M095543]염산시프로플록사신
[M223014]메트포르민염산염/[M256664]아토르바스타틴칼슘수화물,복합,[D000718]Metformin(메트포르민),당뇨병용제,근육병증|횡문근융해위험증가가능,-,AtorvastatinCalciumHydrate,D000455,D000762,이트라코나졸고체분산체,ItraconazoleSolidDispersions,[M092870]이트라코나졸고체분산체
[M085595]말레인산돔페리돈/[M222961]돔페리돈말레산염,단일,-,기타의소화기관용약,QTc연장효과증대로심각한위험(TorsadedePointes|심각한심실성부정맥포함)가능성,-,DomperidoneMaleate,D000297,D000142,염산시프로플록사신,CiprofloxacinHydrochloride,[M095543]염산시프로플록사신
[M248019]티자니딘염산염,단일,-,골격근이완제,저혈압에의해졸음|현기증및정신운동능력감소,-,TizanidineHydrochloride,D000187,D000142,염산시프로플록사신,CiprofloxacinHydrochloride,[M095543]염산시프로플록사신
[M083714]염산티자니딘,단일,-,진경제,저혈압에의해졸음|현기증및정신운동능력감소,-,TizanidineHydrochloride,D000187,D000142,염산시프로플록사신,CiprofloxacinHydrochloride,[M095543]염산시프로플록사신
[M081543]니코란딜,단일,-,혈관확장제,혈관확장작용증가로저혈압효과상승,-,Nicorandil,D000498,D000246,실데나필,Sildenafil,[M253237]실데나필
[M070605]몰시도민,단일,-,혈관확장제,혈압강하작용증강,-,Molsidomine,D000530,D000246,실데나필,Sildenafil,[M253237]실데나필
[M084703]케토롤락트로메타민,단일,-,해열.진통.소염제,중증의위장관계이상반응,-,KetorolacTromethamine,D000274,D000506,디클로페낙나트륨,DiclofenacSodium,[M050288]디클로페낙나트륨
[M084703]케토롤락트로메타민,단일,-,해열.진통.소염제,중증의위장관계이상반응,-,KetorolacTromethamine,D000274,D000506,디클로페낙나트륨,DiclofenacSodium,[M050288]디클로페낙나트륨/[M050288]디클로페낙나트륨
[M051464]케토프로펜/[M051464]케토프로펜/[M051464]케토프로펜/[M051464]케토프로펜,단일,-,진통.진양.수렴.소염제,경련,-,Ketoprofen,D000672,D000142,염산시프로플록사신,CiprofloxacinHydrochloride,[M095543]염산시프로플록사신
[M215219]아토르바스타틴칼슘삼수화물/[M261637]오메가3산에틸에스테르90,복합,[D001688]Omega-3-AcidEthylEsters90(오메가3산에틸에스테르90),동맥경화용제,근육병증|횡문근융해위험증가가능,-,AtorvastatinCalciumTrihydrate,D000455,D000762,이트라코나졸고체분산체,ItraconazoleSolidDispersions,[M092870]이트라코나졸고체분산체
[M089055]칸데사르탄실렉세틸/[M222875]암로디핀베실산염/[M251687]아토르바스타틴칼슘,복합,[D000152]Amlodipine(암로디핀)/[D000273]Candesartancilexetil(칸데사르탄실렉세틸),기타의순환계용약,근육병증|횡문근융해위험증가가능,-,AtorvastatinCalcium,D000455,D000762,이트라코나졸고체분산체,ItraconazoleSolidDispersions,[M092870]이트라코나졸고체분산체
[M215219]아토르바스타틴칼슘삼수화물/[M251853]이르베사르탄,복합,[D000046]Irbesartan(이르베사르탄),기타의순환계용약,근육병증|횡문근융해위험증가가능,-,AtorvastatinCalciumTrihydrate,D000455,D000762,이트라코나졸고체분산체,ItraconazoleSolidDispersions,[M092870]이트라코나졸고체분산체
[M080618]케토코나졸,단일,-,항원충제,횡문근융해증을비롯한근육질환등중증이상반응,-,Ketoconazole,D000769,D000419,로바스타틴,Lovastatin,[M083392]로바스타틴
[M080618]케토코나졸/[M080618]케토코나졸,단일,-,항원충제,횡문근융해증을비롯한근육질환등중증이상반응,-,Ketoconazole,D000769,D000419,로바스타틴,Lovastatin,[M083392]로바스타틴
[M092870]이트라코나졸고체분산체,단일,-,기타의화학요법제,횡문근융해증,-,ItraconazoleSolidDispersions,D000762,D000419,로바스타틴,Lovastatin,[M083392]로바스타틴
[M270057]이트라코나졸고체분산체/[M083734]이트라코나졸,단일,-,기타의화학요법제,횡문근융해증,-,Itraconazole,D000762,D000419,로바스타틴,Lovastatin,[M083392]로바스타틴
[M083734]이트라코나졸,단일,-,기타의화학요법제,횡문근융해증,-,Itraconazole,D000762,D000419,로바스타틴,Lovastatin,[M083392]로바스타틴
[M088268]이오메프롤,단일,-,X선조영제,기능적신부전에의해유산산성증촉진,-,Iomeprol,D000364,D000718,염산메트포르민,MetforminHydrochloride,[M214651]염산메트포르민
[M051464]케토프로펜,단일,-,진통.진양.수렴.소염제,경련,-,Ketoprofen,D000672,D000142,염산시프로플록사신,CiprofloxacinHydrochloride,[M095543]염산시프로플록사신
[M083733]이트라코나졸제피과립,단일,-,기타의화학요법제,횡문근융해증,-,ItraconazoleCoatedGranules,D000762,D000419,로바스타틴,Lovastatin,[M083392]로바스타틴
[M051464]케토프로펜/[M051464]케토프로펜,단일,-,진통.진양.수렴.소염제,경련,-,Ketoprofen,D000672,D000142,염산시프로플록사신,CiprofloxacinHydrochloride,[M095543]염산시프로플록사신
[M081361]케토프로펜리신,단일,-,해열.진통.소염제,경련,-,KetoprofenLysin,D000672,D000142,염산시프로플록사신,CiprofloxacinHydrochloride,[M095543]염산시프로플록사신
[M051464]케토프로펜/[M051464]케토프로펜/[M051464]케토프로펜/[M051464]케토프로펜/[M051464]케토프로펜/[M051464]케토프로펜/[M051464]케토프로펜/[M051464]케토프로펜/[M051464]케토프로펜/[M051464]케토프로펜/[M051464]케토프로펜/[M051464]케토프로펜,단일,-,진통.진양.수렴.소염제,경련,-,Ketoprofen,D000672,D000142,염산시프로플록사신,CiprofloxacinHydrochloride,[M095543]염산시프로플록사신
[M051464]케토프로펜/[M051464]케토프로펜/[M051464]케토프로펜/[M051464]케토프로펜/[M051464]케토프로펜/[M051464]케토프로펜,단일,-,진통.진양.수렴.소염제,경련,-,Ketoprofen,D000672,D000142,염산시프로플록사신,CiprofloxacinHydrochloride,[M095543]염산시프로플록사신
[M051464]케토프로펜/[M051464]케토프로펜/[M051464]케토프로펜,단일,-,진통.진양.수렴.소염제,경련,-,Ketoprofen,D000672,D000142,염산시프로플록사신,CiprofloxacinHydrochloride,[M095543]염산시프로플록사신
[M223358]히드록시진염산염,단일,-,정신신경용제,심부정맥위험증가가능,-,HydroxyzineHydrochloride,D000114,D000113,할로페리돌,Haloperidol,[M040766]할로페리돌
[M222961]돔페리돈말레산염,단일,-,기타의소화기관용약,QTc연장효과증대로심각한위험(TorsadedePointes|심각한심실성부정맥포함)가능성,-,DomperidoneMaleate,D000297,D000113,할로페리돌,Haloperidol,[M040766]할로페리돌
[M081091]돔페리돈,단일,-,기타의소화기관용약,QTc연장효과증대로심각한위험(TorsadedePointes|심각한심실성부정맥포함)가능성,-,Domperidone,D000297,D000113,할로페리돌,Haloperidol,[M040766]할로페리돌
[M051464]케토프로펜/[M051464]케토프로펜/[M051464]케토프로펜/[M051464]케토프로펜/[M051464]케토프로펜/[M051464]케토프로펜/[M051464]케토프로펜/[M051464]케토프로펜,단일,-,진통.진양.수렴.소염제,경련,-,Ketoprofen,D000672,D000142,염산시프로플록사신,CiprofloxacinHydrochloride,[M095543]염산시프로플록사신
[M215219]아토르바스타틴칼슘삼수화물/[M083437]베실산암로디핀,복합,[D000152]Amlodipine(암로디핀),기타의순환계용약,근육병증|횡문근융해증|간효소이상발생위험증가,-,AtorvastatinCalciumTrihydrate,D000455,D000762,이트라코나졸고체분산체,ItraconazoleSolidDispersions,[M092870]이트라코나졸고체분산체
[M223358]히드록시진염산염,단일,-,정신신경용제,심부정맥위험증가가능,-,HydroxyzineHydrochloride,D000114,D000035,에스시탈로프람옥살산염,EscitalopramOxalate,[M234885]에스시탈로프람옥살산염
[M071691]피모짓,단일,-,정신신경용제,QT간격연장,-,Pimozide,D000213,D000035,에스시탈로프람옥살산염,EscitalopramOxalate,[M234885]에스시탈로프람옥살산염
[M097492]에제티미브/[M222875]암로디핀베실산염/[M215219]아토르바스타틴칼슘삼수화물,복합,[D000152]Amlodipine(암로디핀),기타의순환계용약,근육병증|횡문근융해증|간효소이상발생위험증가,-,AtorvastatinCalciumTrihydrate,D000455,D000762,이트라코나졸고체분산체,ItraconazoleSolidDispersions,[M092870]이트라코나졸고체분산체
[M215219]아토르바스타틴칼슘삼수화물/[M222875]암로디핀베실산염/[M282749]에제티미브(미분화),복합,[D000152]Amlodipine(암로디핀),기타의순환계용약,근육병증|횡문근융해증|간효소이상발생위험증가,-,AtorvastatinCalciumTrihydrate,D000455,D000762,이트라코나졸고체분산체,ItraconazoleSolidDispersions,[M092870]이트라코나졸고체분산체
[M282749]에제티미브(미분화)/[M222875]암로디핀베실산염/[M215219]아토르바스타틴칼슘삼수화물,복합,[D000152]Amlodipine(암로디핀),기타의순환계용약,근육병증|횡문근융해증|간효소이상발생위험증가,-,AtorvastatinCalciumTrihydrate,D000455,D000762,이트라코나졸고체분산체,ItraconazoleSolidDispersions,[M092870]이트라코나졸고체분산체
[M093499]아토르바스타틴칼슘/[M222875]암로디핀베실산염,복합,[D000152]Amlodipine(암로디핀),기타의순환계용약,근육병증|횡문근융해증|간효소이상발생위험증가,-,AtorvastatinCalcium,D000455,D000762,이트라코나졸고체분산체,ItraconazoleSolidDispersions,[M092870]이트라코나졸고체분산체
[M256664]아토르바스타틴칼슘수화물/[M222875]암로디핀베실산염,복합,[D000152]Amlodipine(암로디핀),기타의순환계용약,근육병증|횡문근융해증|간효소이상발생위험증가,-,AtorvastatinCalciumHydrate,D000455,D000762,이트라코나졸고체분산체,ItraconazoleSolidDispersions,[M092870]이트라코나졸고체분산체
[M222875]암로디핀베실산염/[M213543]무수아토르바스타틴칼슘,복합,[D000152]Amlodipine(암로디핀),기타의순환계용약,근육병증|횡문근융해증|간효소이상발생위험증가,-,AnhydrousAtorvastatinCalcium,D000455,D000762,이트라코나졸고체분산체,ItraconazoleSolidDispersions,[M092870]이트라코나졸고체분산체
[M222875]암로디핀베실산염/[M093499]아토르바스타틴칼슘,복합,[D000152]Amlodipine(암로디핀),기타의순환계용약,근육병증|횡문근융해증|간효소이상발생위험증가,-,AtorvastatinCalcium,D000455,D000762,이트라코나졸고체분산체,ItraconazoleSolidDispersions,[M092870]이트라코나졸고체분산체
[M215219]아토르바스타틴칼슘삼수화물/[M222875]암로디핀베실산염,복합,[D000152]Amlodipine(암로디핀),기타의순환계용약,근육병증|횡문근융해증|간효소이상발생위험증가,-,AtorvastatinCalciumTrihydrate,D000455,D000762,이트라코나졸고체분산체,ItraconazoleSolidDispersions,[M092870]이트라코나졸고체분산체
[M222836]독시사이클린수화물,단일,-,주로그람양성|음성균|리케치아|비루스에작용하는것,두개내고혈압,-,DoxycyclineHydrate,D000503,D000758,이소트레티노인,Isotretinoin,[M088250]이소트레티노인
[M020027]독시사이클린하이클레이트,단일,-,주로그람양성|음성균|리케치아|비루스에작용하는것,두개내고혈압,-,DoxycyclineHyclate,D000503,D000758,이소트레티노인,Isotretinoin,[M088250]이소트레티노인
[M222960]독시사이클린하이클레이트수화물,단일,-,주로그람양성|음성균|리케치아|비루스에작용하는것,두개내고혈압,-,DoxycyclineHyclateHydrate,D000503,D000758,이소트레티노인,Isotretinoin,[M088250]이소트레티노인
[M222960]독시사이클린하이클레이트수화물/[M222960]독시사이클린하이클레이트수화물,단일,-,주로그람양성|음성균|리케치아|비루스에작용하는것,두개내고혈압,-,DoxycyclineHyclateHydrate,D000503,D000758,이소트레티노인,Isotretinoin,[M088250]이소트레티노인
[M222875]암로디핀베실산염/[M215219]아토르바스타틴칼슘삼수화물,복합,[D000152]Amlodipine(암로디핀),기타의순환계용약,근육병증|횡문근융해증|간효소이상발생위험증가,-,AtorvastatinCalciumTrihydrate,D000455,D000762,이트라코나졸고체분산체,ItraconazoleSolidDispersions,[M092870]이트라코나졸고체분산체
[M213543]무수아토르바스타틴칼슘/[M222875]암로디핀베실산염,복합,[D000152]Amlodipine(암로디핀),기타의순환계용약,근육병증|횡문근융해증|간효소이상발생위험증가,-,AnhydrousAtorvastatinCalcium,D000455,D000762,이트라코나졸고체분산체,ItraconazoleSolidDispersions,[M092870]이트라코나졸고체분산체
[M256664]아토르바스타틴칼슘수화물/[M222875]암로디핀베실산염/[M213543]무수아토르바스타틴칼슘/[M222875]암로디핀베실산염,복합,[D000152]Amlodipine(암로디핀),기타의순환계용약,근육병증|횡문근융해증|간효소이상발생위험증가,-,AnhydrousAtorvastatinCalcium,D000455,D000762,이트라코나졸고체분산체,ItraconazoleSolidDispersions,[M092870]이트라코나졸고체분산체
[M215219]아토르바스타틴칼슘삼수화물/[M256664]아토르바스타틴칼슘수화물,단일,-,동맥경화용제,근육병증,-,AtorvastatinCalciumTrihydrate,D000455,D000762,이트라코나졸,Itraconazole,[M083734]이트라코나졸
[M252585]티카그렐러,단일,-,동맥경화용제,티카그렐러의혈중농도증가,-,Ticagrelor,D000385,D000373,클래리트로마이신,Clarithromycin,[M223198]클래리트로마이신
[M088250]이소트레티노인/[M223129]에리트로마이신,단일,-,기생성피부질환용제,테트라사이클린가성뇌종양보고,-,Isotretinoin,D000758,D000127,미노사이클린염산염,MinocyclineHydrochloride,[M223036]미노사이클린염산염
[M081776]아스피린장용과립,단일,-,기타의순환계용약,혈액학적독성,methotrexate(1週에15mg이상투여시),AspirinEntericGranules,D000452,D000716,메토트렉세이트,Methotrexate,[M040168]메토트렉세이트
[M256381]포사코나졸(미분화),단일,-,기타의화학요법제,횡문근융해를비롯한근육병증발생가능성증가,-,PosaconazoleMicronized,D000405,D000455,아토르바스타틴칼슘삼수화물,AtorvastatinCalciumTrihydrate,[M097492]에제티미브/[M215219]아토르바스타틴칼슘삼수화물
[M088960]이오헥솔,단일,-,X선조영제,기능적신부전에의해유산산성증촉진,-,Iohexol,D000669,D000718,메트포르민염산염,MetforminHydrochloride,[M244179]메트포르민염산염/[M268745]리나글립틴(미분화)
[M040355]아스피린/[M096666]시트르산/[M040631]탄산수소나트륨,단일,-,해열.진통.소염제,혈액학적독성,methotrexate(1週에15mg이상투여시),Aspirin,D000452,D000716,메토트렉세이트,Methotrexate,[M040168]메토트렉세이트
[M089224]주사용아스피린리신90%,단일,-,해열.진통.소염제,혈액학적독성,methotrexate(1週에15mg이상투여시),AspirinLysineForInjection90%,D000452,D000716,메토트렉세이트,Methotrexate,[M040168]메토트렉세이트
[M040355]아스피린/[M258994]아스코르브산,단일,-,해열.진통.소염제,혈액학적독성,methotrexate(1週에15mg이상투여시),Aspirin,D000452,D000716,메토트렉세이트,Methotrexate,[M040168]메토트렉세이트
[M040355]아스피린/[M040133]리보플라빈,단일,-,해열.진통.소염제,혈액학적독성,methotrexate(1週에15mg이상투여시),Aspirin,D000452,D000716,메토트렉세이트,Methotrexate,[M040168]메토트렉세이트
[M040355]아스피린/[M223183]카페인무수물,단일,-,해열.진통.소염제,혈액학적독성,methotrexate(1週에15mg이상투여시),Aspirin,D000452,D000716,메토트렉세이트,Methotrexate,[M040168]메토트렉세이트
[M040353]아세트아미노펜/[M040355]아스피린/[M040580]무수카페인,단일,-,해열.진통.소염제,혈액학적독성,methotrexate(1週에15mg이상투여시),Aspirin,D000452,D000716,메토트렉세이트,Methotrexate,[M040168]메토트렉세이트
[M086785]이오비트리돌,단일,-,X선조영제,기능적신부전에의해유산산성증촉진,-,Iobitridol,D000760,D000718,메트포르민염산염,MetforminHydrochloride,[M244179]메트포르민염산염/[M268745]리나글립틴(미분화)
[M088268]이오메프롤,단일,-,X선조영제,기능적신부전에의해유산산성증촉진,-,Iomeprol,D000364,D000718,메트포르민염산염,MetforminHydrochloride,[M244179]메트포르민염산염/[M268745]리나글립틴(미분화)
[M251166]아고멜라틴,단일,-,정신신경용제,아고멜라틴혈중농도증가,-,Agomelatine,D000735,D000142,시프로플록사신염산염수화물,CiprofloxacinHydrochlorideHydrate,[M223091]시프로플록사신염산염수화물/[M223091]시프로플록사신염산염수화물
[M213126]덱스케토프로펜트로메타몰,단일,-,해열.진통.소염제,경련발생,-,DexketoprofenTrometamol,D000696,D000142,시프로플록사신염산염수화물,CiprofloxacinHydrochlorideHydrate,[M223091]시프로플록사신염산염수화물/[M223091]시프로플록사신염산염수화물
[M251166]아고멜라틴,단일,-,정신신경용제,아고멜라틴혈중농도증가,-,Agomelatine,D000735,D000142,시프로플록사신염산염수화물,CiprofloxacinHydrochlorideHydrate,[M223091]시프로플록사신염산염수화물
[M213126]덱스케토프로펜트로메타몰,단일,-,해열.진통.소염제,경련발생,-,DexketoprofenTrometamol,D000696,D000142,시프로플록사신염산염수화물,CiprofloxacinHydrochlorideHydrate,[M223091]시프로플록사신염산염수화물
[M071691]피모짓,단일,-,정신신경용제,QT연장및심실성부정맥유발가능,-,Pimozide,D000213,D000517,플루코나졸,Fluconazole,[M084154]플루코나졸/[M084154]플루코나졸
[M222961]돔페리돈말레산염,단일,-,기타의소화기관용약,QTc연장효과증대로심각한위험(TorsadedePointes|심각한심실성부정맥포함)가능성,-,DomperidoneMaleate,D000297,D000517,플루코나졸,Fluconazole,[M084154]플루코나졸/[M084154]플루코나졸
[M081091]돔페리돈,단일,-,기타의소화기관용약,QTc연장효과증대로심각한위험(TorsadedePointes|심각한심실성부정맥포함)가능성,-,Domperidone,D000297,D000517,플루코나졸,Fluconazole,[M084154]플루코나졸/[M084154]플루코나졸
[M222961]돔페리돈말레산염/[M222961]돔페리돈말레산염,단일,-,기타의소화기관용약,QTc연장효과증대로심각한위험(TorsadedePointes|심각한심실성부정맥포함)가능성,-,DomperidoneMaleate,D000297,D000517,플루코나졸,Fluconazole,[M084154]플루코나졸/[M084154]플루코나졸
[M081091]돔페리돈/[M081091]돔페리돈,단일,-,기타의소화기관용약,QTc연장효과증대로심각한위험(TorsadedePointes|심각한심실성부정맥포함)가능성,-,Domperidone,D000297,D000517,플루코나졸,Fluconazole,[M084154]플루코나졸/[M084154]플루코나졸
[M222961]돔페리돈말레산염/[M222961]돔페리돈말레산염/[M222961]돔페리돈말레산염,단일,-,기타의소화기관용약,QTc연장효과증대로심각한위험(TorsadedePointes|심각한심실성부정맥포함)가능성,-,DomperidoneMaleate,D000297,D000517,플루코나졸,Fluconazole,[M084154]플루코나졸/[M084154]플루코나졸
[M088250]이소트레티노인,단일,-,비타민A및D제,테트라사이클린가성뇌종양보고,-,Isotretinoin,D000758,D000127,미노사이클린염산염,MinocyclineHydrochloride,[M223036]미노사이클린염산염
[M040353]아세트아미노펜/[M040355]아스피린/[M223183]카페인무수물,단일,-,해열.진통.소염제,혈액학적독성,methotrexate(1週에15mg이상투여시),Aspirin,D000452,D000716,메토트렉세이트,Methotrexate,[M040168]메토트렉세이트
[M050305]디피리다몰/[M040355]아스피린,단일,-,기타의순환계용약,혈액학적독성,methotrexate(1週에15mg이상투여시),Aspirin,D000452,D000716,메토트렉세이트,Methotrexate,[M040168]메토트렉세이트
[M040355]아스피린/[M040355]아스피린,단일,-,기타의순환계용약,혈액학적독성,methotrexate(1週에15mg이상투여시),Aspirin,D000452,D000716,메토트렉세이트,Methotrexate,[M040168]메토트렉세이트
[M051259]이부프로펜/[M264046]DL-메틸에페드린염산염/[M222957]덱스트로메토르판브롬화수소산염수화물/[M050058]구아이페네신,단일,-,해열.진통.소염제,혈액학적독성,methotrexate(1週에20mg이상투여시),Ibuprofen,D000363,D000716,메토트렉세이트,Methotrexate,[M040168]메토트렉세이트
[M051259]이부프로펜/[M040262]산화마그네슘,단일,-,해열.진통.소염제,혈액학적독성,methotrexate(1週에20mg이상투여시),Ibuprofen,D000363,D000716,메토트렉세이트,Methotrexate,[M040168]메토트렉세이트
[M051259]이부프로펜/[M243282]티아민질산염3배산/[M100456]리보플라빈3배산,단일,-,해열.진통.소염제,혈액학적독성,methotrexate(1週에20mg이상투여시),Ibuprofen,D000363,D000716,메토트렉세이트,Methotrexate,[M040168]메토트렉세이트
[M071634]피록시캄/[M071634]피록시캄,단일,-,진통.진양.수렴.소염제,신세뇨관에서Methotrexate배설이지연되어Methotrexate의혈액학적독성증가,methotrexate1週에15mg이상투여시,Piroxicam,D000309,D000716,메토트렉세이트,Methotrexate,[M040168]메토트렉세이트
[M071634]피록시캄/[M071634]피록시캄/[M071634]피록시캄,단일,-,진통.진양.수렴.소염제,신세뇨관에서Methotrexate배설이지연되어Methotrexate의혈액학적독성증가,methotrexate1週에15mg이상투여시,Piroxicam,D000309,D000716,메토트렉세이트,Methotrexate,[M040168]메토트렉세이트
[M071015]이부프로펜리신,단일,-,해열.진통.소염제,혈액학적독성,methotrexate(1週에20mg이상투여시),IbuprofenLysine,D000363,D000716,메토트렉세이트,Methotrexate,[M040168]메토트렉세이트
[M209277]이부프로펜아르기닌,단일,-,해열.진통.소염제,혈액학적독성,methotrexate(1週에20mg이상투여시),IbuprofenArginine,D000363,D000716,메토트렉세이트,Methotrexate,[M040168]메토트렉세이트
[M051259]이부프로펜/[M040006]감초/[M050036]육계/[M040523]작약/[M050752]생강,단일,-,해열.진통.소염제,혈액학적독성,methotrexate(1週에20mg이상투여시),Ibuprofen,D000363,D000716,메토트렉세이트,Methotrexate,[M040168]메토트렉세이트
[M051259]이부프로펜/[M223211]클로르페니라민말레산염/[M203364]슈도에페드린염산염/[M050058]구아이페네신,단일,-,해열.진통.소염제,혈액학적독성,methotrexate(1週에20mg이상투여시),Ibuprofen,D000363,D000716,메토트렉세이트,Methotrexate,[M040168]메토트렉세이트
[M095195]아르기닌/[M051259]이부프로펜,단일,-,해열.진통.소염제,혈액학적독성,methotrexate(1週에20mg이상투여시),Ibuprofen,D000363,D000716,메토트렉세이트,Methotrexate,[M040168]메토트렉세이트
[M051259]이부프로펜/[M223211]클로르페니라민말레산염/[M264046]DL-메틸에페드린염산염/[M203364]슈도에페드린염산염/[M222957]덱스트로메토르판브롬화수소산염수화물/[M050058]구아이페네신,단일,-,해열.진통.소염제,혈액학적독성,methotrexate(1週에20mg이상투여시),Ibuprofen,D000363,D000716,메토트렉세이트,Methotrexate,[M040168]메토트렉세이트
[M040353]아세트아미노펜/[M246943]이부프로펜나트륨이수화물,단일,-,해열.진통.소염제,혈액학적독성,methotrexate(1週에20mg이상투여시),IbuprofenSodiumDihydrate,D000363,D000716,메토트렉세이트,Methotrexate,[M040168]메토트렉세이트
[M089852]라베프라졸나트륨/[M040355]아스피린,단일,-,기타의순환계용약,혈액학적독성,methotrexate(1週에15mg이상투여시),Aspirin,D000452,D000716,메토트렉세이트,Methotrexate,[M040168]메토트렉세이트
[M051259]이부프로펜/[M279284]L-멘톨,단일,-,진통.진양.수렴.소염제,혈액학적독성,methotrexate(1週에20mg이상투여시),Ibuprofen,D000363,D000716,메토트렉세이트,Methotrexate,[M040168]메토트렉세이트
[M071634]피록시캄/[M279284]L-멘톨/[M223240]토코페롤아세테이트,단일,-,진통.진양.수렴.소염제,신세뇨관에서Methotrexate배설이지연되어Methotrexate의혈액학적독성증가,methotrexate1週에15mg이상투여시,Piroxicam,D000309,D000716,메토트렉세이트,Methotrexate,[M040168]메토트렉세이트
[M051464]케토프로펜,단일,-,해열.진통.소염제,신세뇨관에서Methotrexate배설이지연되어Methotrexate의혈액학적독성증가,methotrexate1週에15mg이상투여시,Ketoprofen,D000672,D000716,메토트렉세이트,Methotrexate,[M040168]메토트렉세이트
[M081361]케토프로펜리신,단일,-,해열.진통.소염제,신세뇨관에서Methotrexate배설이지연되어Methotrexate의혈액학적독성증가,methotrexate1週에15mg이상투여시,KetoprofenLysin,D000672,D000716,메토트렉세이트,Methotrexate,[M040168]메토트렉세이트
[M086538]분무건조아시트레틴25%,단일,-,비타민A및D제,간독성,-,SprayDriedAcitretin25%,D000019,D000716,메토트렉세이트,Methotrexate,[M040168]메토트렉세이트
[M082086]테녹시캄,단일,-,해열.진통.소염제,혈액학적독성,methotrexate(1週에20mg이상투여시),Tenoxicam,D000060,D000716,메토트렉세이트,Methotrexate,[M040168]메토트렉세이트
[M051259]이부프로펜/[M051415]푸르설티아민,단일,-,해열.진통.소염제,혈액학적독성,methotrexate(1週에20mg이상투여시),Ibuprofen,D000363,D000716,메토트렉세이트,Methotrexate,[M040168]메토트렉세이트
[M051259]이부프로펜/[M223183]카페인무수물,단일,-,해열.진통.소염제,혈액학적독성,methotrexate(1週에20mg이상투여시),Ibuprofen,D000363,D000716,메토트렉세이트,Methotrexate,[M040168]메토트렉세이트
[M040355]아스피린,단일,-,기타의순환계용약,혈액학적독성,methotrexate(1週에15mg이상투여시),Aspirin,D000452,D000716,메토트렉세이트,Methotrexate,[M040168]메토트렉세이트
[M088250]이소트레티노인/[M088250]이소트레티노인,단일,-,비타민A및D제,테트라사이클린가성뇌종양보고,-,Isotretinoin,D000758,D000127,미노사이클린염산염,MinocyclineHydrochloride,[M223036]미노사이클린염산염
[M085595]말레인산돔페리돈,단일,-,기타의소화기관용약,QTc연장효과증대로심각한위험(TorsadedePointes|심각한심실성부정맥포함)가능성,-,DomperidoneMaleate,D000297,D000517,플루코나졸,Fluconazole,[M084154]플루코나졸/[M084154]플루코나졸
[M051259]이부프로펜/[M050058]구아이페네신/[M203364]슈도에페드린염산염/[M222957]덱스트로메토르판브롬화수소산염수화물/[M223211]클로르페니라민말레산염/[M264046]DL-메틸에페드린염산염/[M223062]브롬헥신염산염,단일,-,해열.진통.소염제,혈액학적독성,methotrexate(1週에20mg이상투여시),Ibuprofen,D000363,D000716,메토트렉세이트,Methotrexate,[M040168]메토트렉세이트
[M085595]말레인산돔페리돈/[M222961]돔페리돈말레산염,단일,-,기타의소화기관용약,QTc연장효과증대로심각한위험(TorsadedePointes|심각한심실성부정맥포함)가능성,-,DomperidoneMaleate,D000297,D000517,플루코나졸,Fluconazole,[M084154]플루코나졸/[M084154]플루코나졸
[M264293]리바록사반(미분화),단일,-,혈액응고저지제,리바록사반의혈중농도가상승하여출혈위험증가,-,RivaroxabanMicronized,D000527,D000762,이트라코나졸고체분산체,ItraconazoleSolidDispersions,[M092870]이트라코나졸고체분산체
[M254091]리바록사반(미세화),단일,-,혈액응고저지제,리바록사반의혈중농도가상승하여출혈위험증가,-,RivaroxabanMicronized,D000527,D000762,이트라코나졸고체분산체,ItraconazoleSolidDispersions,[M092870]이트라코나졸고체분산체
[M252922]톨밥탄분무건조분말,단일,-,기타의순환계용약,톨밥탄의혈중농도증가,-,TolvaptanSprayDryPowder,D000487,D000762,이트라코나졸고체분산체,ItraconazoleSolidDispersions,[M092870]이트라코나졸고체분산체
[M097492]에제티미브/[M089710]심바스타틴/[M097492]에제티미브/[M089710]심바스타틴,복합,[D000027]Simvastatin(심바스타틴),동맥경화용제,근증/횡문근변성의위험성이증가,-,Ezetimibe,D000350,D000762,이트라코나졸고체분산체,ItraconazoleSolidDispersions,[M092870]이트라코나졸고체분산체
[M230909]실로도신,단일,-,기타의비뇨생식기관및항문용약,실로도신의혈중농도증가,-,Silodosin,D000342,D000762,이트라코나졸고체분산체,ItraconazoleSolidDispersions,[M092870]이트라코나졸고체분산체
[M211313]알프라졸람,단일,-,정신신경용제,alprazolam의혈장농도증가|수면및진정작용증강및연장,-,Alprazolam,D000660,D000762,이트라코나졸고체분산체,ItraconazoleSolidDispersions,[M092870]이트라코나졸고체분산체
[M215219]아토르바스타틴칼슘삼수화물/[M251853]이르베사르탄,복합,[D000046]Irbesartan(이르베사르탄),기타의순환계용약,근육병증|횡문근융해위험증가가능,-,AtorvastatinCalciumTrihydrate,D000455,D000769,케토코나졸,Ketoconazole,[M080618]케토코나졸
[M244179]메트포르민염산염/[M256664]아토르바스타틴칼슘수화물,복합,[D000718]Metformin(메트포르민),당뇨병용제,근육병증|횡문근융해위험증가가능,-,AtorvastatinCalciumHydrate,D000455,D000769,케토코나졸,Ketoconazole,[M080618]케토코나졸
[M089710]심바스타틴,단일,-,동맥경화용제,근병증|횡문근융해의위험증가,-,Simvastatin,D000027,D000769,케토코나졸,Ketoconazole,[M080618]케토코나졸
[M215219]아토르바스타틴칼슘삼수화물,단일,-,동맥경화용제,근육병증,-,AtorvastatinCalciumTrihydrate,D000455,D000762,이트라코나졸고체분산체,ItraconazoleSolidDispersions,[M092870]이트라코나졸고체분산체
[M256664]아토르바스타틴칼슘수화물,단일,-,동맥경화용제,근육병증,-,AtorvastatinCalciumHydrate,D000455,D000762,이트라코나졸고체분산체,ItraconazoleSolidDispersions,[M092870]이트라코나졸고체분산체
[M089710]심바스타틴/[M089710]심바스타틴,단일,-,동맥경화용제,근병증|횡문근융해의위험증가,-,Simvastatin,D000027,D000769,케토코나졸,Ketoconazole,[M080618]케토코나졸
[M263856]팔보시클립,단일,-,항악성종양제,팔보시클립의혈장농도증가,-,Palbociclib,D001149,D000762,이트라코나졸고체분산체,ItraconazoleSolidDispersions,[M092870]이트라코나졸고체분산체
[M084703]케토롤락트로메타민,단일,-,해열.진통.소염제,중증의위장관계이상반응,-,KetorolacTromethamine,D000274,D000675,클로닉신리시네이트,ClonixinLysinate,[M080375]클로닉신리시네이트
[M222885]케토롤락트로메타민염,단일,-,해열.진통.소염제,중증의위장관계이상반응,-,KetorolacTromethamine,D000274,D000675,클로닉신리시네이트,ClonixinLysinate,[M080375]클로닉신리시네이트
[M085595]말레인산돔페리돈/[M222961]돔페리돈말레산염,단일,-,기타의소화기관용약,QTc연장효과증대로심각한위험(TorsadedePointes|심각한심실성부정맥포함)가능성,-,DomperidoneMaleate,D000297,D000142,시프로플록사신염산염수화물,CiprofloxacinHydrochlorideHydrate,[M223091]시프로플록사신염산염수화물/[M223091]시프로플록사신염산염수화물
[M085529]이오파미돌,단일,-,X선조영제,급성신부전,-,Iopamidol,D000267,D000718,메트포르민염산염,MetforminHydrochloride,[M244179]메트포르민염산염/[M268745]리나글립틴(미분화)
[M088250]이소트레티노인/[M088250]이소트레티노인/[M088250]이소트레티노인,단일,-,비타민A및D제,테트라사이클린가성뇌종양보고,-,Isotretinoin,D000758,D000127,미노사이클린염산염,MinocyclineHydrochloride,[M223036]미노사이클린염산염
[M085529]이오파미돌/[M085529]이오파미돌,단일,-,X선조영제,급성신부전,-,Iopamidol,D000267,D000718,메트포르민염산염,MetforminHydrochloride,[M244179]메트포르민염산염/[M268745]리나글립틴(미분화)
[M222961]돔페리돈말레산염,단일,-,기타의소화기관용약,QTc연장효과증대로심각한위험(TorsadedePointes|심각한심실성부정맥포함)가능성,-,DomperidoneMaleate,D000297,D000142,시프로플록사신염산염수화물,CiprofloxacinHydrochlorideHydrate,[M223091]시프로플록사신염산염수화물/[M223091]시프로플록사신염산염수화물
[M081091]돔페리돈,단일,-,기타의소화기관용약,QTc연장효과증대로심각한위험(TorsadedePointes|심각한심실성부정맥포함)가능성,-,Domperidone,D000297,D000142,시프로플록사신염산염수화물,CiprofloxacinHydrochlorideHydrate,[M223091]시프로플록사신염산염수화물/[M223091]시프로플록사신염산염수화물
[M222961]돔페리돈말레산염/[M222961]돔페리돈말레산염,단일,-,기타의소화기관용약,QTc연장효과증대로심각한위험(TorsadedePointes|심각한심실성부정맥포함)가능성,-,DomperidoneMaleate,D000297,D000142,시프로플록사신염산염수화물,CiprofloxacinHydrochlorideHydrate,[M223091]시프로플록사신염산염수화물/[M223091]시프로플록사신염산염수화물
[M081091]돔페리돈/[M081091]돔페리돈,단일,-,기타의소화기관용약,QTc연장효과증대로심각한위험(TorsadedePointes|심각한심실성부정맥포함)가능성,-,Domperidone,D000297,D000142,시프로플록사신염산염수화물,CiprofloxacinHydrochlorideHydrate,[M223091]시프로플록사신염산염수화물/[M223091]시프로플록사신염산염수화물
[M222961]돔페리돈말레산염/[M222961]돔페리돈말레산염/[M222961]돔페리돈말레산염,단일,-,기타의소화기관용약,QTc연장효과증대로심각한위험(TorsadedePointes|심각한심실성부정맥포함)가능성,-,DomperidoneMaleate,D000297,D000142,시프로플록사신염산염수화물,CiprofloxacinHydrochlorideHydrate,[M223091]시프로플록사신염산염수화물/[M223091]시프로플록사신염산염수화물
[M085595]말레인산돔페리돈,단일,-,기타의소화기관용약,QTc연장효과증대로심각한위험(TorsadedePointes|심각한심실성부정맥포함)가능성,-,DomperidoneMaleate,D000297,D000142,시프로플록사신염산염수화물,CiprofloxacinHydrochlorideHydrate,[M223091]시프로플록사신염산염수화물/[M223091]시프로플록사신염산염수화물
[M248019]티자니딘염산염,단일,-,골격근이완제,저혈압에의해졸음|현기증및정신운동능력감소,-,TizanidineHydrochloride,D000187,D000142,시프로플록사신염산염수화물,CiprofloxacinHydrochlorideHydrate,[M223091]시프로플록사신염산염수화물/[M223091]시프로플록사신염산염수화물
[M050102]글리벤클라미드,단일,-,당뇨병용제,간독성및간효소치상승,-,Glibenclamide,D000690,D000015,보센탄수화물,BosentanHydrate,[M102733]보센탄수화물
[M083714]염산티자니딘,단일,-,진경제,저혈압에의해졸음|현기증및정신운동능력감소,-,TizanidineHydrochloride,D000187,D000142,시프로플록사신염산염수화물,CiprofloxacinHydrochlorideHydrate,[M223091]시프로플록사신염산염수화물/[M223091]시프로플록사신염산염수화물
[M222885]케토롤락트로메타민염,단일,-,해열.진통.소염제,중증의위장관계이상반응,-,KetorolacTromethamine,D000274,D000083,니메술리드,Nimesulide,[M082649]니메술리드
[M084703]케토롤락트로메타민,단일,-,해열.진통.소염제,중증의위장관계이상반응,-,KetorolacTromethamine,D000274,D000083,니메술리드,Nimesulide,[M082649]니메술리드
[M222885]케토롤락트로메타민염,단일,-,해열.진통.소염제,중증의위장관계이상반응,-,KetorolacTromethamine,D000274,D000672,케토프로펜,Ketoprofen,[M051464]케토프로펜
[M084703]케토롤락트로메타민,단일,-,해열.진통.소염제,중증의위장관계이상반응,-,KetorolacTromethamine,D000274,D000672,케토프로펜,Ketoprofen,[M051464]케토프로펜
[M222885]케토롤락트로메타민염,단일,-,해열.진통.소염제,중증의위장관계이상반응,-,KetorolacTromethamine,D000274,D000705,플루르비프로펜,Flurbiprofen,[M089049]플루르비프로펜
[M084703]케토롤락트로메타민,단일,-,해열.진통.소염제,중증의위장관계이상반응,-,KetorolacTromethamine,D000274,D000705,플루르비프로펜,Flurbiprofen,[M089049]플루르비프로펜
[M051259]이부프로펜/[M040262]산화마그네슘/[M082487]파마브롬,단일,-,해열.진통.소염제,혈액학적독성,methotrexate(1週에20mg이상투여시),Ibuprofen,D000363,D000716,메토트렉세이트,Methotrexate,[M040168]메토트렉세이트
[M051259]이부프로펜/[M203364]슈도에페드린염산염/[M223211]클로르페니라민말레산염,단일,-,해열.진통.소염제,혈액학적독성,methotrexate(1週에20mg이상투여시),Ibuprofen,D000363,D000716,메토트렉세이트,Methotrexate,[M040168]메토트렉세이트
[M230909]실로도신,단일,-,기타의비뇨생식기관및항문용약,실로도신의혈중농도증가,-,Silodosin,D000342,D000373,클래리트로마이신,Clarithromycin,[M223198]클래리트로마이신
[M244179]메트포르민염산염/[M050102]글리벤클라미드,복합,[D000690]Glibenclamide(글리벤클라미드),당뇨병용제,기능적신부전에의해유산산성증촉진,48시간이내병용금기,MetforminHydrochloride,D000718,D000267,이오파미돌,Iopamidol,[M085529]이오파미돌
[M084703]케토롤락트로메타민,단일,-,해열.진통.소염제,중증의위장관계이상반응,-,KetorolacTromethamine,D000274,D000138,세레콕시브,Celecoxib,[M089149]세레콕시브
[M085595]말레인산돔페리돈,단일,-,기타의소화기관용약,QTc연장효과증대로심각한위험(TorsadedePointes|심각한심실성부정맥포함)가능성,-,DomperidoneMaleate,D000297,D000035,에스시탈로프람옥살산염,EscitalopramOxalate,[M234885]에스시탈로프람옥살산염
[M085595]말레인산돔페리돈/[M222961]돔페리돈말레산염,단일,-,기타의소화기관용약,QTc연장효과증대로심각한위험(TorsadedePointes|심각한심실성부정맥포함)가능성,-,DomperidoneMaleate,D000297,D000035,에스시탈로프람옥살산염,EscitalopramOxalate,[M234885]에스시탈로프람옥살산염
[M262752]소포스부비르,단일,-,기타의화학요법제,소포스부비르혈장농도를현저히떨어트려소포스부비르의치료효과를감소시킬수있음,-,Sofosbuvir,D001071,D000476,카르바마제핀,Carbamazepine,[M040569]카르바마제핀
[M262752]소포스부비르/[M281345]벨파타스비르/[M282286]복실라프레비르,단일,-,기타의화학요법제,소포스부비르혈장농도를현저히떨어트려소포스부비르의치료효과를감소시킬수있음,-,Sofosbuvir,D001071,D000476,카르바마제핀,Carbamazepine,[M040569]카르바마제핀
[M262752]소포스부비르/[M281345]벨파타스비르,단일,-,기타의화학요법제,소포스부비르혈장농도를현저히떨어트려소포스부비르의치료효과를감소시킬수있음,-,Sofosbuvir,D001071,D000476,카르바마제핀,Carbamazepine,[M040569]카르바마제핀
[M253921]릴피비린염산염,단일,-,기타의화학요법제,릴피비린의혈중농도가감소하여치료효과감소혹은내성발현,-,RilpivirineHydrochloride,D000225,D000476,카르바마제핀,Carbamazepine,[M040569]카르바마제핀
[M070676]발프로산나트륨,단일,-,항전간제,간질발작재발,-,SodiumValproate,D000535,D000122,메로페넴수화물,MeropenemHydrate,[M249596]메로페넴수화물/[M249596]메로페넴수화물
[M082087]디발프로엑스나트륨,단일,-,항전간제,간질발작재발,-,DivalproexSodium,D000535,D000122,메로페넴수화물,MeropenemHydrate,[M249596]메로페넴수화물/[M249596]메로페넴수화물
[M070676]발프로산나트륨/[M083547]발프로산,단일,-,항전간제,간질발작재발,-,SodiumValproate,D000535,D000122,메로페넴수화물,MeropenemHydrate,[M249596]메로페넴수화물/[M249596]메로페넴수화물
[M090172]발프로산마그네슘,단일,-,항전간제,간질발작재발,-,MagnesiumValproate,D000535,D000122,메로페넴수화물,MeropenemHydrate,[M249596]메로페넴수화물/[M249596]메로페넴수화물
[M083547]발프로산,단일,-,항전간제,간질발작재발,-,ValproicAcid,D000535,D000122,메로페넴수화물,MeropenemHydrate,[M249596]메로페넴수화물/[M249596]메로페넴수화물
[M222885]케토롤락트로메타민염,단일,-,해열.진통.소염제,중증의위장관계이상반응,-,KetorolacTromethamine,D000274,D000138,세레콕시브,Celecoxib,[M089149]세레콕시브
[M222961]돔페리돈말레산염/[M222961]돔페리돈말레산염/[M222961]돔페리돈말레산염,단일,-,기타의소화기관용약,QTc연장효과증대로심각한위험(TorsadedePointes|심각한심실성부정맥포함)가능성,-,DomperidoneMaleate,D000297,D000035,에스시탈로프람옥살산염,EscitalopramOxalate,[M234885]에스시탈로프람옥살산염
[M081091]돔페리돈/[M081091]돔페리돈,단일,-,기타의소화기관용약,QTc연장효과증대로심각한위험(TorsadedePointes|심각한심실성부정맥포함)가능성,-,Domperidone,D000297,D000035,에스시탈로프람옥살산염,EscitalopramOxalate,[M234885]에스시탈로프람옥살산염
[M097492]에제티미브/[M089710]심바스타틴,단일,-,동맥경화용제,근병증|횡문근융해의위험증가,-,Simvastatin,D000027,D000373,클래리트로마이신,Clarithromycin,[M223198]클래리트로마이신
[M089710]심바스타틴,단일,-,동맥경화용제,근병증|횡문근융해의위험증가,-,Simvastatin,D000027,D000373,클래리트로마이신,Clarithromycin,[M223198]클래리트로마이신
[M282749]에제티미브(미분화)/[M215219]아토르바스타틴칼슘삼수화물,단일,-,동맥경화용제,근육병증,-,AtorvastatinCalciumTrihydrate,D000455,D000762,이트라코나졸,Itraconazole,[M083734]이트라코나졸
[M089710]심바스타틴/[M089710]심바스타틴,단일,-,동맥경화용제,근병증|횡문근융해의위험증가,-,Simvastatin,D000027,D000373,클래리트로마이신,Clarithromycin,[M223198]클래리트로마이신
[M097492]에제티미브/[M089710]심바스타틴/[M097492]에제티미브/[M089710]심바스타틴,단일,-,동맥경화용제,근병증|횡문근융해의위험증가,-,Simvastatin,D000027,D000373,클래리트로마이신,Clarithromycin,[M223198]클래리트로마이신
[M089710]심바스타틴/[M097492]에제티미브,단일,-,동맥경화용제,근병증|횡문근융해의위험증가,-,Simvastatin,D000027,D000373,클래리트로마이신,Clarithromycin,[M223198]클래리트로마이신
[M088960]이오헥솔,단일,-,X선조영제,기능적신부전에의해유산산성증촉진,-,Iohexol,D000669,D000718,메트포르민염산염,MetforminHydrochloride,[M244179]메트포르민염산염/[M279310]테네리글립틴이토실산염이수화물
[M086785]이오비트리돌,단일,-,X선조영제,기능적신부전에의해유산산성증촉진,-,Iobitridol,D000760,D000718,메트포르민염산염,MetforminHydrochloride,[M244179]메트포르민염산염/[M279310]테네리글립틴이토실산염이수화물
[M088268]이오메프롤,단일,-,X선조영제,기능적신부전에의해유산산성증촉진,-,Iomeprol,D000364,D000718,메트포르민염산염,MetforminHydrochloride,[M244179]메트포르민염산염/[M279310]테네리글립틴이토실산염이수화물
[M222961]돔페리돈말레산염/[M222961]돔페리돈말레산염,단일,-,기타의소화기관용약,QTc연장효과증대로심각한위험(TorsadedePointes|심각한심실성부정맥포함)가능성,-,DomperidoneMaleate,D000297,D000035,에스시탈로프람옥살산염,EscitalopramOxalate,[M234885]에스시탈로프람옥살산염
[M088960]이오헥솔,단일,-,X선조영제,기능적신부전에의해유산산성증촉진,-,Iohexol,D000669,D000718,메트포르민염산염,MetforminHydrochloride,[M262009]아나글립틴/[M223014]메트포르민염산염
[M086785]이오비트리돌,단일,-,X선조영제,기능적신부전에의해유산산성증촉진,-,Iobitridol,D000760,D000718,메트포르민염산염,MetforminHydrochloride,[M262009]아나글립틴/[M223014]메트포르민염산염
[M088268]이오메프롤,단일,-,X선조영제,기능적신부전에의해유산산성증촉진,-,Iomeprol,D000364,D000718,메트포르민염산염,MetforminHydrochloride,[M262009]아나글립틴/[M223014]메트포르민염산염
[M222961]돔페리돈말레산염,단일,-,기타의소화기관용약,QTc연장효과증대로심각한위험(TorsadedePointes|심각한심실성부정맥포함)가능성,-,DomperidoneMaleate,D000297,D000035,에스시탈로프람옥살산염,EscitalopramOxalate,[M234885]에스시탈로프람옥살산염
[M081091]돔페리돈,단일,-,기타의소화기관용약,QTc연장효과증대로심각한위험(TorsadedePointes|심각한심실성부정맥포함)가능성,-,Domperidone,D000297,D000035,에스시탈로프람옥살산염,EscitalopramOxalate,[M234885]에스시탈로프람옥살산염
[M201260]염산메트포민/[M050102]글리벤클라미드,복합,[D000690]Glibenclamide(글리벤클라미드),당뇨병용제,기능적신부전에의해유산산성증촉진,48시간이내병용금기,MetforminHydrochloride,D000718,D000267,이오파미돌,Iopamidol,[M085529]이오파미돌
[M223358]히드록시진염산염,단일,-,정신신경용제,심부정맥위험증가가능,-,HydroxyzineHydrochloride,D000114,D000793,레보플록사신,Levofloxacin,[M085584]레보플록사신
[M051259]이부프로펜/[M050448]메타규산알루민산마그네슘,단일,-,해열.진통.소염제,혈액학적독성,methotrexate(1週에20mg이상투여시),Ibuprofen,D000363,D000716,메토트렉세이트,Methotrexate,[M040168]메토트렉세이트
[M253921]릴피비린염산염,단일,-,기타의화학요법제,위장pH의증가로릴피비린의흡수가저하되어릴피비린의치료효과감소,-,RilpivirineHydrochloride,D000225,D000699,란소프라졸,Lansoprazole,[M085578]란소프라졸
[M051259]이부프로펜/[M082487]파마브롬/[M040133]리보플라빈/[M040262]산화마그네슘,단일,-,해열.진통.소염제,혈액학적독성,methotrexate(1週에20mg이상투여시),Ibuprofen,D000363,D000716,메토트렉세이트,Methotrexate,[M040168]메토트렉세이트
[M051259]이부프로펜/[M203364]슈도에페드린염산염,단일,-,해열.진통.소염제,혈액학적독성,methotrexate(1週에20mg이상투여시),Ibuprofen,D000363,D000716,메토트렉세이트,Methotrexate,[M040168]메토트렉세이트
[M051259]이부프로펜/[M090093]작약엑스산/[M082727]감초엑스산,단일,-,해열.진통.소염제,혈액학적독성,methotrexate(1週에20mg이상투여시),Ibuprofen,D000363,D000716,메토트렉세이트,Methotrexate,[M040168]메토트렉세이트
[M051259]이부프로펜/[M103077]L-아르기닌,단일,-,해열.진통.소염제,혈액학적독성,methotrexate(1週에20mg이상투여시),Ibuprofen,D000363,D000716,메토트렉세이트,Methotrexate,[M040168]메토트렉세이트
[M051259]이부프로펜/[M082518]작약가루/[M070009]감초가루,단일,-,해열.진통.소염제,혈액학적독성,methotrexate(1週에20mg이상투여시),Ibuprofen,D000363,D000716,메토트렉세이트,Methotrexate,[M040168]메토트렉세이트
[M051259]이부프로펜/[M095195]아르기닌,단일,-,해열.진통.소염제,혈액학적독성,methotrexate(1週에20mg이상투여시),Ibuprofen,D000363,D000716,메토트렉세이트,Methotrexate,[M040168]메토트렉세이트
[M279284]L-멘톨/[M051259]이부프로펜,단일,-,진통.진양.수렴.소염제,혈액학적독성,methotrexate(1週에20mg이상투여시),Ibuprofen,D000363,D000716,메토트렉세이트,Methotrexate,[M040168]메토트렉세이트
[M252789]실데나필시트르산염/[M252789]실데나필시트르산염/[M252789]실데나필시트르산염,단일,-,기타의비뇨생식기관및항문용약,혈압강하작용증가,-,SildenafilCitrate,D000246,D000215,희석된니트로글리세린(니트로글리세린2%유당),DiluteNitroglycerin(Nitroglycerin2%InLactose),[M104323]희석된니트로글리세린(니트로글리세린2%유당)
[M051259]이부프로펜/[M223183]카페인무수물/[M203364]슈도에페드린염산염/[M264046]DL-메틸에페드린염산염/[M223211]클로르페니라민말레산염/[M222957]덱스트로메토르판브롬화수소산염수화물/[M050058]구아이페네신,단일,-,해열.진통.소염제,혈액학적독성,methotrexate(1週에20mg이상투여시),Ibuprofen,D000363,D000716,메토트렉세이트,Methotrexate,[M040168]메토트렉세이트
[M051259]이부프로펜/[M223183]카페인무수물/[M203364]슈도에페드린염산염/[M264046]DL-메틸에페드린염산염/[M223211]클로르페니라민말레산염,단일,-,해열.진통.소염제,혈액학적독성,methotrexate(1週에20mg이상투여시),Ibuprofen,D000363,D000716,메토트렉세이트,Methotrexate,[M040168]메토트렉세이트
[M051259]이부프로펜/[M223183]카페인무수물/[M264046]DL-메틸에페드린염산염/[M222957]덱스트로메토르판브롬화수소산염수화물/[M050058]구아이페네신,단일,-,해열.진통.소염제,혈액학적독성,methotrexate(1週에20mg이상투여시),Ibuprofen,D000363,D000716,메토트렉세이트,Methotrexate,[M040168]메토트렉세이트
[M051259]이부프로펜/[M082487]파마브롬/[M050448]메타규산알루민산마그네슘,단일,-,해열.진통.소염제,혈액학적독성,methotrexate(1週에20mg이상투여시),Ibuprofen,D000363,D000716,메토트렉세이트,Methotrexate,[M040168]메토트렉세이트
[M040006]감초/[M050036]육계/[M040523]작약/[M050752]생강/[M051259]이부프로펜,단일,-,해열.진통.소염제,혈액학적독성,methotrexate(1週에20mg이상투여시),Ibuprofen,D000363,D000716,메토트렉세이트,Methotrexate,[M040168]메토트렉세이트
[M051259]이부프로펜/[M203364]슈도에페드린염산염/[M223211]클로르페니라민말레산염/[M223062]브롬헥신염산염,단일,-,해열.진통.소염제,혈액학적독성,methotrexate(1週에20mg이상투여시),Ibuprofen,D000363,D000716,메토트렉세이트,Methotrexate,[M040168]메토트렉세이트
[M051259]이부프로펜/[M050058]구아이페네신/[M203364]슈도에페드린염산염/[M222957]덱스트로메토르판브롬화수소산염수화물/[M223211]클로르페니라민말레산염/[M264046]DL-메틸에페드린염산염,단일,-,해열.진통.소염제,혈액학적독성,methotrexate(1週에20mg이상투여시),Ibuprofen,D000363,D000716,메토트렉세이트,Methotrexate,[M040168]메토트렉세이트
[M051259]이부프로펜/[M050058]구아이페네신/[M222957]덱스트로메토르판브롬화수소산염수화물/[M264046]DL-메틸에페드린염산염/[M223062]브롬헥신염산염,단일,-,해열.진통.소염제,혈액학적독성,methotrexate(1週에20mg이상투여시),Ibuprofen,D000363,D000716,메토트렉세이트,Methotrexate,[M040168]메토트렉세이트
[M051259]이부프로펜/[M255360]알릴이소프로필아세틸우레아/[M223183]카페인무수물/[M040262]산화마그네슘,단일,-,해열.진통.소염제,혈액학적독성,methotrexate(1週에20mg이상투여시),Ibuprofen,D000363,D000716,메토트렉세이트,Methotrexate,[M040168]메토트렉세이트
[M051259]이부프로펜/[M255360]알릴이소프로필아세틸우레아/[M223183]카페인무수물,단일,-,해열.진통.소염제,혈액학적독성,methotrexate(1週에20mg이상투여시),Ibuprofen,D000363,D000716,메토트렉세이트,Methotrexate,[M040168]메토트렉세이트
[M051259]이부프로펜/[M082487]파마브롬/[M040262]산화마그네슘/[M040133]리보플라빈,단일,-,해열.진통.소염제,혈액학적독성,methotrexate(1週에20mg이상투여시),Ibuprofen,D000363,D000716,메토트렉세이트,Methotrexate,[M040168]메토트렉세이트
[M260064]에토리콕시브,단일,-,해열.진통.소염제,methotrexate≥15mg/주에한해금기,-,Etoricoxib,D001012,D000716,메토트렉세이트,Methotrexate,[M040168]메토트렉세이트
[M213126]덱스케토프로펜트로메타몰,단일,-,해열.진통.소염제,신세뇨관에서Methotrexate배설이지연되어Methotrexate의혈액학적독성증가,methotrexate1週에15mg이상투여시,DexketoprofenTrometamol,D000696,D000716,메토트렉세이트,Methotrexate,[M040168]메토트렉세이트
[M071634]피록시캄,단일,-,해열.진통.소염제,신세뇨관에서Methotrexate배설이지연되어Methotrexate의혈액학적독성증가,methotrexate1週에15mg이상투여시,Piroxicam,D000309,D000716,메토트렉세이트,Methotrexate,[M040168]메토트렉세이트
[M051259]이부프로펜/[M222957]덱스트로메토르판브롬화수소산염수화물/[M203364]슈도에페드린염산염/[M050058]구아이페네신/[M223062]브롬헥신염산염/[M223211]클로르페니라민말레산염,단일,-,해열.진통.소염제,혈액학적독성,methotrexate(1週에20mg이상투여시),Ibuprofen,D000363,D000716,메토트렉세이트,Methotrexate,[M040168]메토트렉세이트
[M051259]이부프로펜/[M082487]파마브롬/[M040262]산화마그네슘,단일,-,해열.진통.소염제,혈액학적독성,methotrexate(1週에20mg이상투여시),Ibuprofen,D000363,D000716,메토트렉세이트,Methotrexate,[M040168]메토트렉세이트
[M051259]이부프로펜/[M051259]이부프로펜,단일,-,해열.진통.소염제,혈액학적독성,methotrexate(1週에20mg이상투여시),Ibuprofen,D000363,D000716,메토트렉세이트,Methotrexate,[M040168]메토트렉세이트
[M051259]이부프로펜/[M222973]디펜히드라민염산염,단일,-,해열.진통.소염제,혈액학적독성,methotrexate(1週에20mg이상투여시),Ibuprofen,D000363,D000716,메토트렉세이트,Methotrexate,[M040168]메토트렉세이트
[M085529]이오파미돌/[M085529]이오파미돌,단일,-,X선조영제,급성신부전,-,Iopamidol,D000267,D000718,메트포르민염산염,MetforminHydrochloride,[M244179]메트포르민염산염/[M279310]테네리글립틴이토실산염이수화물
[M253921]릴피비린염산염,단일,-,기타의화학요법제,위장pH의증가로릴피비린의흡수가저하되어릴피비린의치료효과감소,-,RilpivirineHydrochloride,D000225,D000699,란소프라졸,Lansoprazole,[M085578]란소프라졸/[M040634]침강탄산칼슘
[M085529]이오파미돌,단일,-,X선조영제,급성신부전,-,Iopamidol,D000267,D000718,메트포르민염산염,MetforminHydrochloride,[M279438]테네리글립틴염산염수화물/[M244179]메트포르민염산염
[M085529]이오파미돌/[M085529]이오파미돌,단일,-,X선조영제,급성신부전,-,Iopamidol,D000267,D000718,메트포르민염산염,MetforminHydrochloride,[M279438]테네리글립틴염산염수화물/[M244179]메트포르민염산염
[M257939]라사길린메실산염,단일,-,기타의중추신경용약,고혈압위기|세로토닌증후군발생위험증가,-,RasagilineMesylate,D000698,D000773,트라마돌염산염,TramadolHydrochloride,[M040353]아세트아미노펜/[M255410]트라마돌염산염/[M040353]아세트아미노펜
[M245775]이바브라딘염산염,단일,-,기타의순환계용약,이바브라딘의혈중농도증가,-,IvabradineHydrochloride,D000571,D000373,클래리트로마이신,Clarithromycin,[M223198]클래리트로마이신
[M223126]에르고타민타르타르산염/[M223183]카페인무수물,복합,[D001266]AnhydrousCaffeine(카페인무수물),해열.진통.소염제,맥각독성(혈관경련|말단및기타조직허혈),-,ErgotamineTartrate,D000747,D000373,클래리트로마이신,Clarithromycin,[M223198]클래리트로마이신
[M085529]이오파미돌,단일,-,X선조영제,급성신부전,-,Iopamidol,D000267,D000718,메트포르민염산염,MetforminHydrochloride,[M244179]메트포르민염산염/[M279310]테네리글립틴이토실산염이수화물
[M222885]케토롤락트로메타민염,단일,-,해열.진통.소염제,중증의위장관계이상반응,-,KetorolacTromethamine,D000274,D000363,이부프로펜,Ibuprofen,[M051259]이부프로펜
[M051259]이부프로펜/[M082487]파마브롬,단일,-,해열.진통.소염제,혈액학적독성,methotrexate(1週에20mg이상투여시),Ibuprofen,D000363,D000716,메토트렉세이트,Methotrexate,[M040168]메토트렉세이트
[M084703]케토롤락트로메타민,단일,-,해열.진통.소염제,중증의위장관계이상반응,-,KetorolacTromethamine,D000274,D000363,이부프로펜,Ibuprofen,[M051259]이부프로펜
[M086439]멜록시캄,단일,-,해열.진통.소염제,신세뇨관에서Methotrexate배설이지연되어Methotrexate의혈액학적독성증가,methotrexate1週에15mg이상투여시,Meloxicam,D000427,D000716,메토트렉세이트,Methotrexate,[M040168]메토트렉세이트
[M086439]멜록시캄/[M086439]멜록시캄,단일,-,해열.진통.소염제,신세뇨관에서Methotrexate배설이지연되어Methotrexate의혈액학적독성증가,methotrexate1週에15mg이상투여시,Meloxicam,D000427,D000716,메토트렉세이트,Methotrexate,[M040168]메토트렉세이트
[M252789]실데나필시트르산염,단일,-,기타의비뇨생식기관및항문용약,혈압강하작용증가,-,SildenafilCitrate,D000246,D000215,희석된니트로글리세린(니트로글리세린2%유당),DiluteNitroglycerin(Nitroglycerin2%InLactose),[M104323]희석된니트로글리세린(니트로글리세린2%유당)
[M252789]실데나필시트르산염/[M252789]실데나필시트르산염,단일,-,기타의비뇨생식기관및항문용약,혈압강하작용증가,-,SildenafilCitrate,D000246,D000215,희석된니트로글리세린(니트로글리세린2%유당),DiluteNitroglycerin(Nitroglycerin2%InLactose),[M104323]희석된니트로글리세린(니트로글리세린2%유당)
[M253237]실데나필,단일,-,기타의비뇨생식기관및항문용약,혈압강하작용증가,-,Sildenafil,D000246,D000215,희석된니트로글리세린(니트로글리세린2%유당),DiluteNitroglycerin(Nitroglycerin2%InLactose),[M104323]희석된니트로글리세린(니트로글리세린2%유당)
[M253237]실데나필/[M253237]실데나필,단일,-,기타의비뇨생식기관및항문용약,혈압강하작용증가,-,Sildenafil,D000246,D000215,희석된니트로글리세린(니트로글리세린2%유당),DiluteNitroglycerin(Nitroglycerin2%InLactose),[M104323]희석된니트로글리세린(니트로글리세린2%유당)
[M223223]클로미프라민염산염/[M252789]실데나필시트르산염,단일,-,기타의비뇨생식기관및항문용약,혈압강하작용증가,-,SildenafilCitrate,D000246,D000215,희석된니트로글리세린(니트로글리세린2%유당),DiluteNitroglycerin(Nitroglycerin2%InLactose),[M104323]희석된니트로글리세린(니트로글리세린2%유당)
[M051259]이부프로펜,단일,-,해열.진통.소염제,혈액학적독성,methotrexate(1週에20mg이상투여시),Ibuprofen,D000363,D000716,메토트렉세이트,Methotrexate,[M040168]메토트렉세이트
[M040059]노스카핀/[M204422]dl-메틸에페드린염산염/[M251260]카르비녹사민말레산염/[M050059]구아야콜설폰산칼륨/[M222957]덱스트로메토르판브롬화수소산염수화물,단일,-,진해거담제,경련|반사항진|이상고열|혼수등,-,DextromethorphanHydrobromideHydrate,D000200,D000698,라사길린메실산염,RasagilineMesylate,[M257939]라사길린메실산염
[M223211]클로르페니라민말레산염/[M270039]dl-메틸에페드린염산염/[M222957]덱스트로메토르판브롬화수소산염수화물,단일,-,진해거담제,경련|반사항진|이상고열|혼수등,-,DextromethorphanHydrobromideHydrate,D000200,D000698,라사길린메실산염,RasagilineMesylate,[M257939]라사길린메실산염
[M070676]발프로산나트륨,단일,-,항전간제,간질발작재발,-,SodiumValproate,D000535,D000122,메로페넴수화물건조탄산나트륨,MeropenemHydrateDriedSodiumCarbonate,[M252077]메로페넴수화물건조탄산나트륨
[M070676]발프로산나트륨/[M083547]발프로산,단일,-,항전간제,간질발작재발,-,SodiumValproate,D000535,D000122,메로페넴수화물건조탄산나트륨,MeropenemHydrateDriedSodiumCarbonate,[M252077]메로페넴수화물건조탄산나트륨
[M090172]발프로산마그네슘,단일,-,항전간제,간질발작재발,-,MagnesiumValproate,D000535,D000122,메로페넴수화물건조탄산나트륨,MeropenemHydrateDriedSodiumCarbonate,[M252077]메로페넴수화물건조탄산나트륨
[M083547]발프로산,단일,-,항전간제,간질발작재발,-,ValproicAcid,D000535,D000122,메로페넴수화물건조탄산나트륨,MeropenemHydrateDriedSodiumCarbonate,[M252077]메로페넴수화물건조탄산나트륨
[M070676]발프로산나트륨,단일,-,항전간제,간질발작재발,-,SodiumValproate,D000535,D000122,메로페넴수화물·건조탄산나트륨,MeropenemHydrateDriedSodiumCarbonate,[M252076]메로페넴수화물·건조탄산나트륨
[M082087]디발프로엑스나트륨,단일,-,항전간제,간질발작재발,-,DivalproexSodium,D000535,D000122,메로페넴수화물·건조탄산나트륨,MeropenemHydrateDriedSodiumCarbonate,[M252076]메로페넴수화물·건조탄산나트륨
[M070676]발프로산나트륨/[M083547]발프로산,단일,-,항전간제,간질발작재발,-,SodiumValproate,D000535,D000122,메로페넴수화물·건조탄산나트륨,MeropenemHydrateDriedSodiumCarbonate,[M252076]메로페넴수화물·건조탄산나트륨
[M090172]발프로산마그네슘,단일,-,항전간제,간질발작재발,-,MagnesiumValproate,D000535,D000122,메로페넴수화물·건조탄산나트륨,MeropenemHydrateDriedSodiumCarbonate,[M252076]메로페넴수화물·건조탄산나트륨
[M083547]발프로산,단일,-,항전간제,간질발작재발,-,ValproicAcid,D000535,D000122,메로페넴수화물·건조탄산나트륨,MeropenemHydrateDriedSodiumCarbonate,[M252076]메로페넴수화물·건조탄산나트륨
[M222885]케토롤락트로메타민염,단일,-,해열.진통.소염제,상가적인위장관궤양|출혈의위험,-,KetorolacTromethamine,D000274,D000525,록소프로펜나트륨,LoxoprofenSodium,[M085577]록소프로펜나트륨
[M084703]케토롤락트로메타민,단일,-,해열.진통.소염제,상가적인위장관궤양|출혈의위험,-,KetorolacTromethamine,D000274,D000525,록소프로펜나트륨,LoxoprofenSodium,[M085577]록소프로펜나트륨
[M085529]이오파미돌,단일,-,X선조영제,급성신부전,-,Iopamidol,D000267,D000718,메트포르민염산염,MetforminHydrochloride,[M252996]리나글립틴/[M223014]메트포르민염산염
[M085529]이오파미돌/[M085529]이오파미돌,단일,-,X선조영제,급성신부전,-,Iopamidol,D000267,D000718,메트포르민염산염,MetforminHydrochloride,[M252996]리나글립틴/[M223014]메트포르민염산염
[M085529]이오파미돌,단일,-,X선조영제,급성신부전,-,Iopamidol,D000267,D000718,메트포르민염산염,MetforminHydrochloride,[M244179]메트포르민염산염/[M279438]테네리글립틴염산염수화물
[M085529]이오파미돌/[M085529]이오파미돌,단일,-,X선조영제,급성신부전,-,Iopamidol,D000267,D000718,메트포르민염산염,MetforminHydrochloride,[M244179]메트포르민염산염/[M279438]테네리글립틴염산염수화물
[M085529]이오파미돌,단일,-,X선조영제,급성신부전,-,Iopamidol,D000267,D000718,메트포르민염산염,MetforminHydrochloride,[M268745]리나글립틴(미분화)/[M244179]메트포르민염산염
[M085529]이오파미돌/[M085529]이오파미돌,단일,-,X선조영제,급성신부전,-,Iopamidol,D000267,D000718,메트포르민염산염,MetforminHydrochloride,[M268745]리나글립틴(미분화)/[M244179]메트포르민염산염
[M222961]돔페리돈말레산염,단일,-,기타의소화기관용약,QTc연장효과증대로심각한위험(TorsadedePointes|심각한심실성부정맥포함)가능성,-,DomperidoneMaleate,D000297,D000256,에리트로마이신스테아르산염,ErythromycinStearate,[M223130]에리트로마이신스테아르산염
[M081091]돔페리돈,단일,-,기타의소화기관용약,QTc연장효과증대로심각한위험(TorsadedePointes|심각한심실성부정맥포함)가능성,-,Domperidone,D000297,D000256,에리트로마이신스테아르산염,ErythromycinStearate,[M223130]에리트로마이신스테아르산염
[M222961]돔페리돈말레산염/[M222961]돔페리돈말레산염,단일,-,기타의소화기관용약,QTc연장효과증대로심각한위험(TorsadedePointes|심각한심실성부정맥포함)가능성,-,DomperidoneMaleate,D000297,D000256,에리트로마이신스테아르산염,ErythromycinStearate,[M223130]에리트로마이신스테아르산염
[M081091]돔페리돈/[M081091]돔페리돈,단일,-,기타의소화기관용약,QTc연장효과증대로심각한위험(TorsadedePointes|심각한심실성부정맥포함)가능성,-,Domperidone,D000297,D000256,에리트로마이신스테아르산염,ErythromycinStearate,[M223130]에리트로마이신스테아르산염
[M222961]돔페리돈말레산염/[M222961]돔페리돈말레산염/[M222961]돔페리돈말레산염,단일,-,기타의소화기관용약,QTc연장효과증대로심각한위험(TorsadedePointes|심각한심실성부정맥포함)가능성,-,DomperidoneMaleate,D000297,D000256,에리트로마이신스테아르산염,ErythromycinStearate,[M223130]에리트로마이신스테아르산염
[M085595]말레인산돔페리돈,단일,-,기타의소화기관용약,QTc연장효과증대로심각한위험(TorsadedePointes|심각한심실성부정맥포함)가능성,-,DomperidoneMaleate,D000297,D000256,에리트로마이신스테아르산염,ErythromycinStearate,[M223130]에리트로마이신스테아르산염
[M082087]디발프로엑스나트륨,단일,-,항전간제,간질발작재발,-,DivalproexSodium,D000535,D000122,메로페넴수화물건조탄산나트륨,MeropenemHydrateDriedSodiumCarbonate,[M252077]메로페넴수화물건조탄산나트륨
[M071691]피모짓,단일,-,정신신경용제,QT간격연장,-,Pimozide,D000213,D000201,드로네다론염산염,DronedaroneHydrochloride,[M249412]드로네다론염산염
[M082087]디발프로엑스나트륨,단일,-,항전간제,간질발작재발,-,DivalproexSodium,D000535,D000757,이미페넴수화물,ImipenemHydrate,[M095530]실라스타틴나트륨/[M222879]이미페넴수화물
[M088268]이오메프롤,단일,-,X선조영제,기능적신부전에의해유산산성증촉진,-,Iomeprol,D000364,D000718,메트포르민염산염,MetforminHydrochloride,[M244179]메트포르민염산염/[M258339]다파글리플로진프로판디올수화물/[M263350]에보글립틴타르타르산염
[M081091]돔페리돈,단일,-,기타의소화기관용약,QTc연장효과증대로심각한위험(TorsadedePointes|심각한심실성부정맥포함)가능성,-,Domperidone,D000297,D000724,비칼루타마이드,Bicalutamide,[M089188]비칼루타마이드
[M222961]돔페리돈말레산염/[M222961]돔페리돈말레산염,단일,-,기타의소화기관용약,QTc연장효과증대로심각한위험(TorsadedePointes|심각한심실성부정맥포함)가능성,-,DomperidoneMaleate,D000297,D000724,비칼루타마이드,Bicalutamide,[M089188]비칼루타마이드
[M081091]돔페리돈/[M081091]돔페리돈,단일,-,기타의소화기관용약,QTc연장효과증대로심각한위험(TorsadedePointes|심각한심실성부정맥포함)가능성,-,Domperidone,D000297,D000724,비칼루타마이드,Bicalutamide,[M089188]비칼루타마이드
[M222961]돔페리돈말레산염/[M222961]돔페리돈말레산염/[M222961]돔페리돈말레산염,단일,-,기타의소화기관용약,QTc연장효과증대로심각한위험(TorsadedePointes|심각한심실성부정맥포함)가능성,-,DomperidoneMaleate,D000297,D000724,비칼루타마이드,Bicalutamide,[M089188]비칼루타마이드
[M085595]말레인산돔페리돈,단일,-,기타의소화기관용약,QTc연장효과증대로심각한위험(TorsadedePointes|심각한심실성부정맥포함)가능성,-,DomperidoneMaleate,D000297,D000724,비칼루타마이드,Bicalutamide,[M089188]비칼루타마이드
[M085595]말레인산돔페리돈/[M222961]돔페리돈말레산염,단일,-,기타의소화기관용약,QTc연장효과증대로심각한위험(TorsadedePointes|심각한심실성부정맥포함)가능성,-,DomperidoneMaleate,D000297,D000724,비칼루타마이드,Bicalutamide,[M089188]비칼루타마이드
[M085282]사이클로스포린,단일,-,안과용제,신독성증가,48시간이내병용금기,Cyclosporine,D000334,D000279,타크로리무스수화물,TacrolimusHydrate,[M227652]타크로리무스수화물
[M085565]시클로스포린,단일,-,안과용제,신독성증가,48시간이내병용금기,Cyclosporine,D000334,D000279,타크로리무스수화물,TacrolimusHydrate,[M227652]타크로리무스수화물
[M085282]사이클로스포린/[M085282]사이클로스포린,단일,-,안과용제,신독성증가,48시간이내병용금기,Cyclosporine,D000334,D000279,타크로리무스수화물,TacrolimusHydrate,[M227652]타크로리무스수화물
[M051617]트레티노인,단일,-,기생성피부질환용제,두개내고혈압,-,Tretinoin,D000488,D000503,독시사이클린수화물,DoxycyclineHydrate,[M222836]독시사이클린수화물
[M051617]트레티노인/[M223129]에리트로마이신,단일,-,기생성피부질환용제,두개내고혈압,-,Tretinoin,D000488,D000503,독시사이클린수화물,DoxycyclineHydrate,[M222836]독시사이클린수화물
[M223129]에리트로마이신/[M051617]트레티노인,단일,-,기생성피부질환용제,두개내고혈압,-,Tretinoin,D000488,D000503,독시사이클린수화물,DoxycyclineHydrate,[M222836]독시사이클린수화물
[M086538]분무건조아시트레틴25%,단일,-,비타민A및D제,두개내압증가,-,SprayDriedAcitretin25%,D000019,D000503,독시사이클린수화물,DoxycyclineHydrate,[M222836]독시사이클린수화물
[M223036]미노사이클린염산염,단일,-,주로그람양성|음성균|리케치아|비루스에작용하는것,두개내고혈압,-,MinocyclineHydrochloride,D000127,D000488,트레티노인,Tretinoin,[M051617]트레티노인
[M088250]이소트레티노인,단일,-,비타민A및D제,비타민A과잉증,-,Isotretinoin,D000758,D000488,트레티노인,Tretinoin,[M051617]트레티노인
[M088250]이소트레티노인/[M088250]이소트레티노인,단일,-,비타민A및D제,비타민A과잉증,-,Isotretinoin,D000758,D000488,트레티노인,Tretinoin,[M051617]트레티노인
[M088250]이소트레티노인/[M223129]에리트로마이신,단일,-,기생성피부질환용제,비타민A과잉증,-,Isotretinoin,D000758,D000488,트레티노인,Tretinoin,[M051617]트레티노인
[M088250]이소트레티노인/[M088250]이소트레티노인/[M088250]이소트레티노인,단일,-,비타민A및D제,비타민A과잉증,-,Isotretinoin,D000758,D000488,트레티노인,Tretinoin,[M051617]트레티노인
[M088960]이오헥솔,단일,-,X선조영제,기능적신부전에의해유산산성증촉진,-,Iohexol,D000669,D000718,메트포르민염산염,MetforminHydrochloride,[M244179]메트포르민염산염/[M258339]다파글리플로진프로판디올수화물/[M263350]에보글립틴타르타르산염
[M086785]이오비트리돌,단일,-,X선조영제,기능적신부전에의해유산산성증촉진,-,Iobitridol,D000760,D000718,메트포르민염산염,MetforminHydrochloride,[M244179]메트포르민염산염/[M258339]다파글리플로진프로판디올수화물/[M263350]에보글립틴타르타르산염
[M085595]말레인산돔페리돈/[M222961]돔페리돈말레산염,단일,-,기타의소화기관용약,QTc연장효과증대로심각한위험(TorsadedePointes|심각한심실성부정맥포함)가능성,-,DomperidoneMaleate,D000297,D000256,에리트로마이신스테아르산염,ErythromycinStearate,[M223130]에리트로마이신스테아르산염
[M097492]에제티미브/[M089710]심바스타틴,단일,-,동맥경화용제,근병증|횡문근융해의위험증가,-,Simvastatin,D000027,D000256,에리트로마이신스테아르산염,ErythromycinStearate,[M223130]에리트로마이신스테아르산염
[M089710]심바스타틴,단일,-,동맥경화용제,근병증|횡문근융해의위험증가,-,Simvastatin,D000027,D000256,에리트로마이신스테아르산염,ErythromycinStearate,[M223130]에리트로마이신스테아르산염
[M081091]돔페리돈/[M081091]돔페리돈,단일,-,기타의소화기관용약,QTc연장효과증대로심각한위험(TorsadedePointes|심각한심실성부정맥포함)가능성,-,Domperidone,D000297,D000201,드로네다론염산염,DronedaroneHydrochloride,[M249412]드로네다론염산염
[M222961]돔페리돈말레산염/[M222961]돔페리돈말레산염/[M222961]돔페리돈말레산염,단일,-,기타의소화기관용약,QTc연장효과증대로심각한위험(TorsadedePointes|심각한심실성부정맥포함)가능성,-,DomperidoneMaleate,D000297,D000201,드로네다론염산염,DronedaroneHydrochloride,[M249412]드로네다론염산염
[M085595]말레인산돔페리돈,단일,-,기타의소화기관용약,QTc연장효과증대로심각한위험(TorsadedePointes|심각한심실성부정맥포함)가능성,-,DomperidoneMaleate,D000297,D000201,드로네다론염산염,DronedaroneHydrochloride,[M249412]드로네다론염산염
[M085595]말레인산돔페리돈/[M222961]돔페리돈말레산염,단일,-,기타의소화기관용약,QTc연장효과증대로심각한위험(TorsadedePointes|심각한심실성부정맥포함)가능성,-,DomperidoneMaleate,D000297,D000201,드로네다론염산염,DronedaroneHydrochloride,[M249412]드로네다론염산염
[M258880]아만타딘황산염,단일,-,기타의중추신경용약,QT간격연장,-,AmantadineSulfate,D000343,D000201,드로네다론염산염,DronedaroneHydrochloride,[M249412]드로네다론염산염
[M251493]지프라시돈염산염일수화물,단일,-,정신신경용제,QT간격연장,-,ZiprasidoneHydrochlorideMonohydrate,D000173,D000201,드로네다론염산염,DronedaroneHydrochloride,[M249412]드로네다론염산염
[M088960]이오헥솔,단일,-,X선조영제,기능적신부전에의해유산산성증촉진,-,Iohexol,D000669,D000718,메트포르민염산염,MetforminHydrochloride,[M284883]엠파글리플로진2L-프롤린/[M244179]메트포르민염산염
[M223358]히드록시진염산염,단일,-,정신신경용제,심부정맥위험증가가능,-,HydroxyzineHydrochloride,D000114,D000256,에리트로마이신스테아르산염,ErythromycinStearate,[M223130]에리트로마이신스테아르산염
[M245775]이바브라딘염산염,단일,-,기타의순환계용약,이바브라딘의혈중농도증가,-,IvabradineHydrochloride,D000571,D000256,에리트로마이신스테아르산염,ErythromycinStearate,[M223130]에리트로마이신스테아르산염
[M223126]에르고타민타르타르산염/[M223183]카페인무수물,복합,[D001266]AnhydrousCaffeine(카페인무수물),해열.진통.소염제,맥각독성(혈관경련|말단및기타조직허혈),-,ErgotamineTartrate,D000747,D000256,에리트로마이신스테아르산염,ErythromycinStearate,[M223130]에리트로마이신스테아르산염
[M097492]에제티미브/[M089710]심바스타틴/[M097492]에제티미브/[M089710]심바스타틴,복합,[D000027]Simvastatin(심바스타틴),동맥경화용제,근증/횡문근변성의위험성이증가,분류번호:[06140]|[06150]중경구제와주사제등전신제제에한함,Ezetimibe,D000350,D000256,에리트로마이신스테아르산염,ErythromycinStearate,[M223130]에리트로마이신스테아르산염
[M089710]심바스타틴/[M097492]에제티미브,복합,[D000027]Simvastatin(심바스타틴),동맥경화용제,근증/횡문근변성의위험성이증가,분류번호:[06140]|[06150]중경구제와주사제등전신제제에한함,Ezetimibe,D000350,D000256,에리트로마이신스테아르산염,ErythromycinStearate,[M223130]에리트로마이신스테아르산염
[M086785]이오비트리돌,단일,-,X선조영제,기능적신부전에의해유산산성증촉진,-,Iobitridol,D000760,D000718,메트포르민염산염,MetforminHydrochloride,[M284883]엠파글리플로진2L-프롤린/[M244179]메트포르민염산염
[M088268]이오메프롤,단일,-,X선조영제,기능적신부전에의해유산산성증촉진,-,Iomeprol,D000364,D000718,메트포르민염산염,MetforminHydrochloride,[M284883]엠파글리플로진2L-프롤린/[M244179]메트포르민염산염
[M222832]네틸마이신황산염,단일,-,주로그람양성|음성균에작용하는것,신독성및청각독성증강,-,NetilmicinSulfate,D000604,D000798,푸로세미드,Furosemide,[M040715]푸로세미드
[M051832]플루오로메톨론/[M202821]겐타마이신황산염,단일,-,안과용제,신독성및청각독성증강,-,GentamicinSulfate,D000075,D000798,푸로세미드,Furosemide,[M040715]푸로세미드
[M202821]겐타마이신황산염/[M051832]플루오로메톨론,단일,-,안과용제,신독성및청각독성증강,-,GentamicinSulfate,D000075,D000798,푸로세미드,Furosemide,[M040715]푸로세미드
[M202821]겐타마이신황산염,단일,-,주로그람양성|음성균에작용하는것,신독성및청각독성증강,-,GentamicinSulfate,D000075,D000798,푸로세미드,Furosemide,[M040715]푸로세미드
[M085378]플루오로메토론/[M202821]겐타마이신황산염,단일,-,안과용제,신독성및청각독성증강,-,GentamicinSulfate,D000075,D000798,푸로세미드,Furosemide,[M040715]푸로세미드
[M262752]소포스부비르/[M262910]레디파스비르,복합,[D001071]Sofosbuvir(소포스부비르),기타의화학요법제,로수바스타틴농도를현저하게증가시킬수있으며|이는횡문근융해증을포함하여근육병증의위험증가,-,Ledipasvir,D001072,D000219,로수바스타틴칼슘(미분화),RosuvastatinCalciumMicronized,[M270546]로수바스타틴칼슘(미분화)/[M097492]에제티미브
[M222961]돔페리돈말레산염/[M222961]돔페리돈말레산염,단일,-,기타의소화기관용약,QTc연장효과증대로심각한위험(TorsadedePointes|심각한심실성부정맥포함)가능성,-,DomperidoneMaleate,D000297,D000201,드로네다론염산염,DronedaroneHydrochloride,[M249412]드로네다론염산염
[M081091]돔페리돈,단일,-,기타의소화기관용약,QTc연장효과증대로심각한위험(TorsadedePointes|심각한심실성부정맥포함)가능성,-,Domperidone,D000297,D000201,드로네다론염산염,DronedaroneHydrochloride,[M249412]드로네다론염산염
[M222961]돔페리돈말레산염,단일,-,기타의소화기관용약,QTc연장효과증대로심각한위험(TorsadedePointes|심각한심실성부정맥포함)가능성,-,DomperidoneMaleate,D000297,D000201,드로네다론염산염,DronedaroneHydrochloride,[M249412]드로네다론염산염
[M222885]케토롤락트로메타민염,단일,-,해열.진통.소염제,상가적인위장관궤양|출혈의위험,-,KetorolacTromethamine,D000274,D000525,록소프로펜나트륨수화물,LoxoprofenSodiumHydrate,[M222839]록소프로펜나트륨수화물/[M222839]록소프로펜나트륨수화물
[M089710]심바스타틴/[M089710]심바스타틴,단일,-,동맥경화용제,근병증|횡문근융해의위험증가,-,Simvastatin,D000027,D000256,에리트로마이신스테아르산염,ErythromycinStearate,[M223130]에리트로마이신스테아르산염
[M085529]이오파미돌,단일,-,X선조영제,급성신부전,-,Iopamidol,D000267,D000718,메트포르민염산염,MetforminHydrochloride,[M268453]다파글리플로진비스L-프롤린/[M244179]메트포르민염산염
[M085529]이오파미돌/[M085529]이오파미돌,단일,-,X선조영제,급성신부전,-,Iopamidol,D000267,D000718,메트포르민염산염,MetforminHydrochloride,[M268453]다파글리플로진비스L-프롤린/[M244179]메트포르민염산염
[M084703]케토롤락트로메타민,단일,-,해열.진통.소염제,상가적인위장관궤양|출혈의위험,-,KetorolacTromethamine,D000274,D000525,록소프로펜나트륨수화물,LoxoprofenSodiumHydrate,[M222839]록소프로펜나트륨수화물/[M222839]록소프로펜나트륨수화물
[M085529]이오파미돌/[M085529]이오파미돌,단일,-,X선조영제,급성신부전,-,Iopamidol,D000267,D000718,메트포르민염산염,MetforminHydrochloride,[M244179]메트포르민염산염/[M258339]다파글리플로진프로판디올수화물/[M263350]에보글립틴타르타르산염
[M102733]보센탄수화물,단일,-,혈압강하제,보센탄의혈중농도증가,-,BosentanHydrate,D000015,D000279,타크로리무스수화물,TacrolimusHydrate,[M227652]타크로리무스수화물
[M222885]케토롤락트로메타민염,단일,-,해열.진통.소염제,중증의위장관계이상반응,-,KetorolacTromethamine,D000274,D000363,이부프로펜,Ibuprofen,[M051259]이부프로펜/[M243282]티아민질산염3배산/[M100456]리보플라빈3배산
[M084703]케토롤락트로메타민,단일,-,해열.진통.소염제,중증의위장관계이상반응,-,KetorolacTromethamine,D000274,D000363,이부프로펜,Ibuprofen,[M051259]이부프로펜/[M243282]티아민질산염3배산/[M100456]리보플라빈3배산
[M222885]케토롤락트로메타민염,단일,-,해열.진통.소염제,중증의위장관계이상반응,-,KetorolacTromethamine,D000274,D000363,이부프로펜,Ibuprofen,[M051259]이부프로펜/[M040262]산화마그네슘
[M084703]케토롤락트로메타민,단일,-,해열.진통.소염제,중증의위장관계이상반응,-,KetorolacTromethamine,D000274,D000363,이부프로펜,Ibuprofen,[M051259]이부프로펜/[M040262]산화마그네슘
[M088960]이오헥솔,단일,-,X선조영제,기능적신부전에의해유산산성증촉진,-,Iohexol,D000669,D000718,메트포르민염산염,MetforminHydrochloride,[M283624]리나글립틴베실산염/[M244179]메트포르민염산염
[M086785]이오비트리돌,단일,-,X선조영제,기능적신부전에의해유산산성증촉진,-,Iobitridol,D000760,D000718,메트포르민염산염,MetforminHydrochloride,[M283624]리나글립틴베실산염/[M244179]메트포르민염산염
[M088268]이오메프롤,단일,-,X선조영제,기능적신부전에의해유산산성증촉진,-,Iomeprol,D000364,D000718,메트포르민염산염,MetforminHydrochloride,[M283624]리나글립틴베실산염/[M244179]메트포르민염산염
[M085529]이오파미돌,단일,-,X선조영제,급성신부전,-,Iopamidol,D000267,D000718,메트포르민염산염,MetforminHydrochloride,[M244179]메트포르민염산염/[M258339]다파글리플로진프로판디올수화물/[M263350]에보글립틴타르타르산염
[M222961]돔페리돈말레산염,단일,-,기타의소화기관용약,QTc연장효과증대로심각한위험(TorsadedePointes|심각한심실성부정맥포함)가능성,-,DomperidoneMaleate,D000297,D000724,비칼루타마이드,Bicalutamide,[M089188]비칼루타마이드
[M222885]케토롤락트로메타민염,단일,-,해열.진통.소염제,중증의위장관계이상반응,-,KetorolacTromethamine,D000274,D000309,피록시캄,Piroxicam,[M071634]피록시캄/[M071634]피록시캄
[M253921]릴피비린염산염,단일,-,기타의화학요법제,릴피비린의혈중농도가감소하여치료효과감소혹은내성발현,-,RilpivirineHydrochloride,D000225,D000314,리팜피신,Rifampicin,[M020042]리팜피신/[M020042]리팜피신
[M080618]케토코나졸,단일,-,항원충제,효소유도로인한ketoconazole의혈중농도저하,-,Ketoconazole,D000769,D000314,리팜피신,Rifampicin,[M020042]리팜피신/[M020042]리팜피신
[M080618]케토코나졸/[M080618]케토코나졸,단일,-,항원충제,효소유도로인한ketoconazole의혈중농도저하,-,Ketoconazole,D000769,D000314,리팜피신,Rifampicin,[M020042]리팜피신/[M020042]리팜피신
[M263856]팔보시클립,단일,-,항악성종양제,팔보시클립의혈장농도증가,-,Palbociclib,D001149,D000314,리팜피신,Rifampicin,[M020042]리팜피신/[M020042]리팜피신/[M020042]리팜피신/[M020042]리팜피신/[M020042]리팜피신
[M263856]팔보시클립,단일,-,항악성종양제,팔보시클립의혈장농도증가,-,Palbociclib,D001149,D000595,페니토인나트륨,PhenytoinSodium,[M051707]페니토인나트륨
[M262752]소포스부비르/[M281345]벨파타스비르,단일,-,기타의화학요법제,소포스부비르혈장농도를현저히떨어트려소포스부비르의치료효과를감소시킬수있음,-,Sofosbuvir,D001071,D000595,페니토인나트륨,PhenytoinSodium,[M051707]페니토인나트륨
[M262752]소포스부비르,단일,-,기타의화학요법제,소포스부비르혈장농도를현저히떨어트려소포스부비르의치료효과를감소시킬수있음,-,Sofosbuvir,D001071,D000595,페니토인나트륨,PhenytoinSodium,[M051707]페니토인나트륨
[M262752]소포스부비르/[M262910]레디파스비르,단일,-,기타의화학요법제,소포스부비르혈장농도를현저히떨어트려소포스부비르의치료효과를감소시킬수있음,-,Sofosbuvir,D001071,D000595,페니토인나트륨,PhenytoinSodium,[M051707]페니토인나트륨
[M262752]소포스부비르/[M281345]벨파타스비르/[M282286]복실라프레비르,단일,-,기타의화학요법제,소포스부비르혈장농도를현저히떨어트려소포스부비르의치료효과를감소시킬수있음,-,Sofosbuvir,D001071,D000595,페니토인나트륨,PhenytoinSodium,[M051707]페니토인나트륨
[M223358]히드록시진염산염,단일,-,정신신경용제,심부정맥위험증가가능,-,HydroxyzineHydrochloride,D000114,D000793,레보플록사신,Levofloxacin,[M085584]레보플록사신/[M085584]레보플록사신
[M262752]소포스부비르,단일,-,기타의화학요법제,소포스부비르혈장농도를현저히떨어트려소포스부비르의치료효과를감소시킬수있음,-,Sofosbuvir,D001071,D000314,리팜피신,Rifampicin,[M020042]리팜피신/[M020042]리팜피신/[M020042]리팜피신/[M020042]리팜피신/[M020042]리팜피신
[M262752]소포스부비르/[M262910]레디파스비르,단일,-,기타의화학요법제,소포스부비르혈장농도를현저히떨어트려소포스부비르의치료효과를감소시킬수있음,-,Sofosbuvir,D001071,D000314,리팜피신,Rifampicin,[M020042]리팜피신/[M020042]리팜피신/[M020042]리팜피신/[M020042]리팜피신/[M020042]리팜피신
[M262752]소포스부비르/[M281345]벨파타스비르/[M282286]복실라프레비르,단일,-,기타의화학요법제,소포스부비르혈장농도를현저히떨어트려소포스부비르의치료효과를감소시킬수있음,-,Sofosbuvir,D001071,D000314,리팜피신,Rifampicin,[M020042]리팜피신/[M020042]리팜피신/[M020042]리팜피신/[M020042]리팜피신/[M020042]리팜피신
[M262752]소포스부비르/[M281345]벨파타스비르,단일,-,기타의화학요법제,소포스부비르혈장농도를현저히떨어트려소포스부비르의치료효과를감소시킬수있음,-,Sofosbuvir,D001071,D000314,리팜피신,Rifampicin,[M020042]리팜피신/[M020042]리팜피신/[M020042]리팜피신/[M020042]리팜피신/[M020042]리팜피신
[M253921]릴피비린염산염,단일,-,기타의화학요법제,릴피비린의혈중농도가감소하여치료효과감소혹은내성발현,-,RilpivirineHydrochloride,D000225,D000314,리팜피신,Rifampicin,[M020042]리팜피신/[M020042]리팜피신/[M020042]리팜피신/[M020042]리팜피신/[M020042]리팜피신
[M080618]케토코나졸,단일,-,항원충제,효소유도로인한ketoconazole의혈중농도저하,-,Ketoconazole,D000769,D000314,리팜피신,Rifampicin,[M020042]리팜피신/[M020042]리팜피신/[M020042]리팜피신/[M020042]리팜피신/[M020042]리팜피신
[M080618]케토코나졸/[M080618]케토코나졸,단일,-,항원충제,효소유도로인한ketoconazole의혈중농도저하,-,Ketoconazole,D000769,D000314,리팜피신,Rifampicin,[M020042]리팜피신/[M020042]리팜피신/[M020042]리팜피신/[M020042]리팜피신/[M020042]리팜피신
[M236272]에트라비린,단일,-,기타의화학요법제,에트라비린의혈중농도가감소하여치료효과감소혹은내성발현,-,Etravirine,D000036,D000595,페니토인나트륨,PhenytoinSodium,[M051707]페니토인나트륨
[M262752]소포스부비르/[M281345]벨파타스비르,단일,-,기타의화학요법제,소포스부비르혈장농도를현저히떨어트려소포스부비르의치료효과를감소시킬수있음,-,Sofosbuvir,D001071,D000314,리팜피신,Rifampicin,[M020042]리팜피신/[M020042]리팜피신
[M083547]발프로산,단일,-,항전간제,간질발작재발,-,ValproicAcid,D000535,D000757,이미페넴수화물,ImipenemHydrate,[M095530]실라스타틴나트륨/[M222879]이미페넴수화물
[M051617]트레티노인,단일,-,기생성피부질환용제,두개내고혈압,-,Tretinoin,D000488,D000064,테트라사이클린염산염,TetracyclineHydrochloride,[M223235]테트라사이클린염산염
[M051617]트레티노인/[M223129]에리트로마이신,단일,-,기생성피부질환용제,두개내고혈압,-,Tretinoin,D000488,D000064,테트라사이클린염산염,TetracyclineHydrochloride,[M223235]테트라사이클린염산염
[M223129]에리트로마이신/[M051617]트레티노인,단일,-,기생성피부질환용제,두개내고혈압,-,Tretinoin,D000488,D000064,테트라사이클린염산염,TetracyclineHydrochloride,[M223235]테트라사이클린염산염
[M088250]이소트레티노인,단일,-,비타민A및D제,테트라사이클린가성뇌종양보고,-,Isotretinoin,D000758,D000064,테트라사이클린염산염,TetracyclineHydrochloride,[M223235]테트라사이클린염산염
[M088250]이소트레티노인/[M088250]이소트레티노인,단일,-,비타민A및D제,테트라사이클린가성뇌종양보고,-,Isotretinoin,D000758,D000064,테트라사이클린염산염,TetracyclineHydrochloride,[M223235]테트라사이클린염산염
[M088250]이소트레티노인/[M223129]에리트로마이신,단일,-,기생성피부질환용제,테트라사이클린가성뇌종양보고,-,Isotretinoin,D000758,D000064,테트라사이클린염산염,TetracyclineHydrochloride,[M223235]테트라사이클린염산염
[M088250]이소트레티노인/[M088250]이소트레티노인/[M088250]이소트레티노인,단일,-,비타민A및D제,테트라사이클린가성뇌종양보고,-,Isotretinoin,D000758,D000064,테트라사이클린염산염,TetracyclineHydrochloride,[M223235]테트라사이클린염산염
[M086538]분무건조아시트레틴25%,단일,-,비타민A및D제,두개내압증가,-,SprayDriedAcitretin25%,D000019,D000503,독시사이클린하이클레이트수화물,DoxycyclineHyclateHydrate,[M222960]독시사이클린하이클레이트수화물
[M262752]소포스부비르/[M281345]벨파타스비르/[M282286]복실라프레비르,단일,-,기타의화학요법제,소포스부비르혈장농도를현저히떨어트려소포스부비르의치료효과를감소시킬수있음,-,Sofosbuvir,D001071,D000314,리팜피신,Rifampicin,[M020042]리팜피신/[M020042]리팜피신
[M263856]팔보시클립,단일,-,항악성종양제,팔보시클립의혈장농도증가,-,Palbociclib,D001149,D000314,리팜피신,Rifampicin,[M020042]리팜피신/[M020042]리팜피신
[M262752]소포스부비르,단일,-,기타의화학요법제,소포스부비르혈장농도를현저히떨어트려소포스부비르의치료효과를감소시킬수있음,-,Sofosbuvir,D001071,D000314,리팜피신,Rifampicin,[M020042]리팜피신/[M020042]리팜피신
[M262752]소포스부비르/[M262910]레디파스비르,단일,-,기타의화학요법제,소포스부비르혈장농도를현저히떨어트려소포스부비르의치료효과를감소시킬수있음,-,Sofosbuvir,D001071,D000314,리팜피신,Rifampicin,[M020042]리팜피신/[M020042]리팜피신
[M086538]분무건조아시트레틴25%,단일,-,비타민A및D제,두개내압증가,-,SprayDriedAcitretin25%,D000019,D000064,테트라사이클린염산염,TetracyclineHydrochloride,[M223235]테트라사이클린염산염
[M084703]케토롤락트로메타민,단일,-,해열.진통.소염제,중증의위장관계이상반응,-,KetorolacTromethamine,D000274,D000309,피록시캄,Piroxicam,[M071634]피록시캄/[M071634]피록시캄
[M088268]이오메프롤,단일,-,X선조영제,기능적신부전에의해유산산성증촉진,-,Iomeprol,D000364,D000718,메트포르민염산염,MetforminHydrochloride,[M268453]다파글리플로진비스L-프롤린/[M244179]메트포르민염산염
[M236272]에트라비린,단일,-,기타의화학요법제,에트라비린의혈중농도가감소하여치료효과감소혹은내성발현,-,Etravirine,D000036,D000314,리팜피신,Rifampicin,[M020042]리팜피신/[M020042]리팜피신/[M020042]리팜피신/[M020042]리팜피신/[M020042]리팜피신
[M081091]돔페리돈/[M081091]돔페리돈,단일,-,기타의소화기관용약,QTc연장효과증대로심각한위험(TorsadedePointes|심각한심실성부정맥포함)가능성,-,Domperidone,D000297,D000348,에바스틴,Ebastine,[M203364]슈도에페드린염산염/[M085337]에바스틴
[M222961]돔페리돈말레산염/[M222961]돔페리돈말레산염/[M222961]돔페리돈말레산염,단일,-,기타의소화기관용약,QTc연장효과증대로심각한위험(TorsadedePointes|심각한심실성부정맥포함)가능성,-,DomperidoneMaleate,D000297,D000348,에바스틴,Ebastine,[M203364]슈도에페드린염산염/[M085337]에바스틴
[M085595]말레인산돔페리돈,단일,-,기타의소화기관용약,QTc연장효과증대로심각한위험(TorsadedePointes|심각한심실성부정맥포함)가능성,-,DomperidoneMaleate,D000297,D000348,에바스틴,Ebastine,[M203364]슈도에페드린염산염/[M085337]에바스틴
[M085595]말레인산돔페리돈/[M222961]돔페리돈말레산염,단일,-,기타의소화기관용약,QTc연장효과증대로심각한위험(TorsadedePointes|심각한심실성부정맥포함)가능성,-,DomperidoneMaleate,D000297,D000348,에바스틴,Ebastine,[M203364]슈도에페드린염산염/[M085337]에바스틴
[M083726]옥사토마이드,단일,-,항히스타민제,항콜린작용증가,-,Oxatomide,D000261,D000656,아트로핀,Atropine,[M084258]아트로핀
[M088960]이오헥솔,단일,-,X선조영제,기능적신부전에의해유산산성증촉진,-,Iohexol,D000669,D000718,메트포르민염산염,MetforminHydrochloride,[M244179]메트포르민염산염/[M279438]테네리글립틴염산염수화물
[M086785]이오비트리돌,단일,-,X선조영제,기능적신부전에의해유산산성증촉진,-,Iobitridol,D000760,D000718,메트포르민염산염,MetforminHydrochloride,[M244179]메트포르민염산염/[M279438]테네리글립틴염산염수화물
[M088268]이오메프롤,단일,-,X선조영제,기능적신부전에의해유산산성증촉진,-,Iomeprol,D000364,D000718,메트포르민염산염,MetforminHydrochloride,[M244179]메트포르민염산염/[M279438]테네리글립틴염산염수화물
[M088960]이오헥솔,단일,-,X선조영제,기능적신부전에의해유산산성증촉진,-,Iohexol,D000669,D000718,메트포르민염산염,MetforminHydrochloride,[M268745]리나글립틴(미분화)/[M244179]메트포르민염산염
[M086785]이오비트리돌,단일,-,X선조영제,기능적신부전에의해유산산성증촉진,-,Iobitridol,D000760,D000718,메트포르민염산염,MetforminHydrochloride,[M268745]리나글립틴(미분화)/[M244179]메트포르민염산염
[M088268]이오메프롤,단일,-,X선조영제,기능적신부전에의해유산산성증촉진,-,Iomeprol,D000364,D000718,메트포르민염산염,MetforminHydrochloride,[M268745]리나글립틴(미분화)/[M244179]메트포르민염산염
[M253921]릴피비린염산염,단일,-,기타의화학요법제,위장pH의증가로릴피비린의흡수가저하되어릴피비린의치료효과감소,-,RilpivirineHydrochloride,D000225,D000153,에스오메프라졸,Esomeprazole,[M249554]에스오메프라졸
[M088960]이오헥솔,단일,-,X선조영제,기능적신부전에의해유산산성증촉진,-,Iohexol,D000669,D000718,메트포르민염산염,MetforminHydrochloride,[M268453]다파글리플로진비스L-프롤린/[M244179]메트포르민염산염
[M086785]이오비트리돌,단일,-,X선조영제,기능적신부전에의해유산산성증촉진,-,Iobitridol,D000760,D000718,메트포르민염산염,MetforminHydrochloride,[M268453]다파글리플로진비스L-프롤린/[M244179]메트포르민염산염
[M222961]돔페리돈말레산염/[M222961]돔페리돈말레산염,단일,-,기타의소화기관용약,QTc연장효과증대로심각한위험(TorsadedePointes|심각한심실성부정맥포함)가능성,-,DomperidoneMaleate,D000297,D000348,에바스틴,Ebastine,[M203364]슈도에페드린염산염/[M085337]에바스틴
[M081091]돔페리돈,단일,-,기타의소화기관용약,QTc연장효과증대로심각한위험(TorsadedePointes|심각한심실성부정맥포함)가능성,-,Domperidone,D000297,D000348,에바스틴,Ebastine,[M203364]슈도에페드린염산염/[M085337]에바스틴
[M222961]돔페리돈말레산염,단일,-,기타의소화기관용약,QTc연장효과증대로심각한위험(TorsadedePointes|심각한심실성부정맥포함)가능성,-,DomperidoneMaleate,D000297,D000348,에바스틴,Ebastine,[M203364]슈도에페드린염산염/[M085337]에바스틴
[M253921]릴피비린염산염,단일,-,기타의화학요법제,릴피비린의혈중농도가감소하여치료효과감소혹은내성발현,-,RilpivirineHydrochloride,D000225,D000595,페니토인나트륨,PhenytoinSodium,[M051707]페니토인나트륨
[M222961]돔페리돈말레산염,단일,-,기타의소화기관용약,QTc연장효과증대로심각한위험(TorsadedePointes|심각한심실성부정맥포함)가능성,-,DomperidoneMaleate,D000297,D000422,리스페리돈,Risperidone,[M086310]리스페리돈
[M081091]돔페리돈,단일,-,기타의소화기관용약,QTc연장효과증대로심각한위험(TorsadedePointes|심각한심실성부정맥포함)가능성,-,Domperidone,D000297,D000422,리스페리돈,Risperidone,[M086310]리스페리돈
[M222961]돔페리돈말레산염/[M222961]돔페리돈말레산염,단일,-,기타의소화기관용약,QTc연장효과증대로심각한위험(TorsadedePointes|심각한심실성부정맥포함)가능성,-,DomperidoneMaleate,D000297,D000422,리스페리돈,Risperidone,[M086310]리스페리돈
[M081091]돔페리돈/[M081091]돔페리돈,단일,-,기타의소화기관용약,QTc연장효과증대로심각한위험(TorsadedePointes|심각한심실성부정맥포함)가능성,-,Domperidone,D000297,D000422,리스페리돈,Risperidone,[M086310]리스페리돈
[M222961]돔페리돈말레산염/[M222961]돔페리돈말레산염/[M222961]돔페리돈말레산염,단일,-,기타의소화기관용약,QTc연장효과증대로심각한위험(TorsadedePointes|심각한심실성부정맥포함)가능성,-,DomperidoneMaleate,D000297,D000422,리스페리돈,Risperidone,[M086310]리스페리돈
[M085595]말레인산돔페리돈,단일,-,기타의소화기관용약,QTc연장효과증대로심각한위험(TorsadedePointes|심각한심실성부정맥포함)가능성,-,DomperidoneMaleate,D000297,D000422,리스페리돈,Risperidone,[M086310]리스페리돈
[M085595]말레인산돔페리돈/[M222961]돔페리돈말레산염,단일,-,기타의소화기관용약,QTc연장효과증대로심각한위험(TorsadedePointes|심각한심실성부정맥포함)가능성,-,DomperidoneMaleate,D000297,D000422,리스페리돈,Risperidone,[M086310]리스페리돈
[M085595]말레인산돔페리돈/[M222961]돔페리돈말레산염,단일,-,기타의소화기관용약,QTc연장효과증대로심각한위험(TorsadedePointes|심각한심실성부정맥포함)가능성,-,DomperidoneMaleate,D000297,D000078,그라니세트론염산염,GranisetronHydrochloride,[M254683]그라니세트론염산염
[M222961]돔페리돈말레산염,단일,-,기타의소화기관용약,QTc연장효과증대로심각한위험(TorsadedePointes|심각한심실성부정맥포함)가능성,-,DomperidoneMaleate,D000297,D000078,그라니세트론염산염,GranisetronHydrochloride,[M254683]그라니세트론염산염
[M081091]돔페리돈,단일,-,기타의소화기관용약,QTc연장효과증대로심각한위험(TorsadedePointes|심각한심실성부정맥포함)가능성,-,Domperidone,D000297,D000078,그라니세트론염산염,GranisetronHydrochloride,[M254683]그라니세트론염산염
[M222961]돔페리돈말레산염/[M222961]돔페리돈말레산염,단일,-,기타의소화기관용약,QTc연장효과증대로심각한위험(TorsadedePointes|심각한심실성부정맥포함)가능성,-,DomperidoneMaleate,D000297,D000078,그라니세트론염산염,GranisetronHydrochloride,[M254683]그라니세트론염산염
[M081091]돔페리돈/[M081091]돔페리돈,단일,-,기타의소화기관용약,QTc연장효과증대로심각한위험(TorsadedePointes|심각한심실성부정맥포함)가능성,-,Domperidone,D000297,D000078,그라니세트론염산염,GranisetronHydrochloride,[M254683]그라니세트론염산염
[M222961]돔페리돈말레산염/[M222961]돔페리돈말레산염/[M222961]돔페리돈말레산염,단일,-,기타의소화기관용약,QTc연장효과증대로심각한위험(TorsadedePointes|심각한심실성부정맥포함)가능성,-,DomperidoneMaleate,D000297,D000078,그라니세트론염산염,GranisetronHydrochloride,[M254683]그라니세트론염산염
[M085595]말레인산돔페리돈,단일,-,기타의소화기관용약,QTc연장효과증대로심각한위험(TorsadedePointes|심각한심실성부정맥포함)가능성,-,DomperidoneMaleate,D000297,D000078,그라니세트론염산염,GranisetronHydrochloride,[M254683]그라니세트론염산염
[M085529]이오파미돌,단일,-,X선조영제,급성신부전,-,Iopamidol,D000267,D000718,메트포르민염산염,MetforminHydrochloride,[M283624]리나글립틴베실산염/[M244179]메트포르민염산염
[M085529]이오파미돌/[M085529]이오파미돌,단일,-,X선조영제,급성신부전,-,Iopamidol,D000267,D000718,메트포르민염산염,MetforminHydrochloride,[M283624]리나글립틴베실산염/[M244179]메트포르민염산염
[M051617]트레티노인,단일,-,기생성피부질환용제,두개내고혈압,-,Tretinoin,D000488,D000503,독시사이클린하이클레이트,DoxycyclineHyclate,[M020027]독시사이클린하이클레이트
[M040438]염화칼륨,단일,-,혈액대용제,고칼륨혈증,-,PotassiumChloride,D000565,D000731,스피로노락톤,Spironolactone,[M099796]스피로노락톤
[M223126]에르고타민타르타르산염/[M223183]카페인무수물,복합,[D001266]AnhydrousCaffeine(카페인무수물),해열.진통.소염제,맥각독성(혈관경련|말단및기타조직허혈),-,ErgotamineTartrate,D000747,D000373,클래리트로마이신제피과립,ClarithromycinCoatedGranules,[M245961]클래리트로마이신제피과립
[M102602]유데나필,단일,-,기타의비뇨생식기관및항문용약,혈압강하작용증가,-,Udenafil,D000569,D000530,몰시도민,Molsidomine,[M070605]몰시도민
[M256381]포사코나졸(미분화),단일,-,기타의화학요법제,근병증및횡문근융해,-,PosaconazoleMicronized,D000405,D000027,심바스타틴,Simvastatin,[M097492]에제티미브/[M089710]심바스타틴/[M097492]에제티미브/[M089710]심바스타틴
[M085529]이오파미돌,단일,-,X선조영제,급성신부전,-,Iopamidol,D000267,D000718,메트포르민염산염,MetforminHydrochloride,[M244179]메트포르민염산염/[M260057]엠파글리플로진
[M085529]이오파미돌/[M085529]이오파미돌,단일,-,X선조영제,급성신부전,-,Iopamidol,D000267,D000718,메트포르민염산염,MetforminHydrochloride,[M244179]메트포르민염산염/[M260057]엠파글리플로진
[M092870]이트라코나졸고체분산체,단일,-,기타의화학요법제,맥각독성(말초혈관경련|사지와기타조직의허혈|감각이상등)위험증가,-,ItraconazoleSolidDispersions,D000762,D000228,메틸에르고메트린말레산염,MethylergometrineMaleate,[M223020]메틸에르고메트린말레산염
[M270057]이트라코나졸고체분산체/[M083734]이트라코나졸,단일,-,기타의화학요법제,맥각독성(말초혈관경련|사지와기타조직의허혈|감각이상등)위험증가,-,Itraconazole,D000762,D000228,메틸에르고메트린말레산염,MethylergometrineMaleate,[M223020]메틸에르고메트린말레산염
[M083734]이트라코나졸,단일,-,기타의화학요법제,맥각독성(말초혈관경련|사지와기타조직의허혈|감각이상등)위험증가,-,Itraconazole,D000762,D000228,메틸에르고메트린말레산염,MethylergometrineMaleate,[M223020]메틸에르고메트린말레산염
[M083733]이트라코나졸제피과립,단일,-,기타의화학요법제,맥각독성(말초혈관경련|사지와기타조직의허혈|감각이상등)위험증가,-,ItraconazoleCoatedGranules,D000762,D000228,메틸에르고메트린말레산염,MethylergometrineMaleate,[M223020]메틸에르고메트린말레산염
[M257644]에리트로마이신스티노프레이트,단일,-,주로그람양성|음성균|리케치아|비루스에작용하는것,병용을하여도항균작용이증가되지않음,-,ErythromycinStinoprate,D000256,D000713,린코마이신염산염,LincomycinHydrochloride,[M248008]린코마이신염산염/[M248008]린코마이신염산염
[M223130]에리트로마이신스테아르산염,단일,-,주로그람양성균|리케치아|비루스에작용하는것,병용을하여도항균작용이증가되지않음,-,ErythromycinStearate,D000256,D000713,린코마이신염산염,LincomycinHydrochloride,[M248008]린코마이신염산염/[M248008]린코마이신염산염
[M088960]이오헥솔,단일,-,X선조영제,기능적신부전에의해유산산성증촉진,-,Iohexol,D000669,D000718,메트포르민염산염,MetforminHydrochloride,[M263103]제미글립틴타르타르산염1.5수하물/[M223014]메트포르민염산염
[M086785]이오비트리돌,단일,-,X선조영제,기능적신부전에의해유산산성증촉진,-,Iobitridol,D000760,D000718,메트포르민염산염,MetforminHydrochloride,[M263103]제미글립틴타르타르산염1.5수하물/[M223014]메트포르민염산염
[M088268]이오메프롤,단일,-,X선조영제,기능적신부전에의해유산산성증촉진,-,Iomeprol,D000364,D000718,메트포르민염산염,MetforminHydrochloride,[M263103]제미글립틴타르타르산염1.5수하물/[M223014]메트포르민염산염
[M088960]이오헥솔,단일,-,X선조영제,기능적신부전에의해유산산성증촉진,-,Iohexol,D000669,D000718,메트포르민염산염,MetforminHydrochloride,[M254878]제미글립틴타르타르산염1.5수화물/[M223014]메트포르민염산염
[M086785]이오비트리돌,단일,-,X선조영제,기능적신부전에의해유산산성증촉진,-,Iobitridol,D000760,D000718,메트포르민염산염,MetforminHydrochloride,[M254878]제미글립틴타르타르산염1.5수화물/[M223014]메트포르민염산염
[M088268]이오메프롤,단일,-,X선조영제,기능적신부전에의해유산산성증촉진,-,Iomeprol,D000364,D000718,메트포르민염산염,MetforminHydrochloride,[M254878]제미글립틴타르타르산염1.5수화물/[M223014]메트포르민염산염
[M223126]에르고타민타르타르산염/[M223183]카페인무수물,복합,[D001266]AnhydrousCaffeine(카페인무수물),해열.진통.소염제,맥각독성(혈관경련|말단및기타조직허혈),-,ErgotamineTartrate,D000747,D000628,록시트로마이신,Roxithromycin,[M222994]록시트로마이신/[M222994]록시트로마이신
[M256381]포사코나졸(미분화),단일,-,기타의화학요법제,근병증및횡문근융해,-,PosaconazoleMicronized,D000405,D000027,심바스타틴,Simvastatin,[M089710]심바스타틴/[M089710]심바스타틴
[M040426]염화나트륨/[M040438]염화칼륨,단일,-,혈액대용제,고칼륨혈증,-,PotassiumChloride,D000565,D000731,스피로노락톤,Spironolactone,[M099796]스피로노락톤
[M040702]포도당/[M040426]염화나트륨/[M040438]염화칼륨,단일,-,혈액대용제,고칼륨혈증,-,PotassiumChloride,D000565,D000731,스피로노락톤,Spironolactone,[M099796]스피로노락톤
[M082905]칼시트리올/[M285965]칼시트리올(수출용),단일,-,비타민A및D제,고칼슘혈증,-,Calcitriol,D000581,D000188,파리칼시톨,Paricalcitol,[M095446]파리칼시톨
[M082905]칼시트리올,단일,-,비타민A및D제,고칼슘혈증,-,Calcitriol,D000581,D000188,파리칼시톨,Paricalcitol,[M095446]파리칼시톨
[M082905]칼시트리올/[M082905]칼시트리올,단일,-,비타민A및D제,고칼슘혈증,-,Calcitriol,D000581,D000188,파리칼시톨,Paricalcitol,[M095446]파리칼시톨
[M270057]이트라코나졸고체분산체/[M083734]이트라코나졸,단일,-,기타의화학요법제,티카그렐러는이트라코나졸에의해혈장농도가증가가능,-,Itraconazole,D000762,D000385,티카그렐러,Ticagrelor,[M252585]티카그렐러
[M262752]소포스부비르/[M262910]레디파스비르,복합,[D001071]Sofosbuvir(소포스부비르),기타의화학요법제,로수바스타틴농도를현저하게증가시킬수있으며|이는횡문근융해증을포함하여근육병증의위험증가,-,Ledipasvir,D001072,D000219,로수바스타틴칼슘염,RosuvastatinCalcium,[M258559]로수바스타틴칼슘염
[M222885]케토롤락트로메타민염,단일,-,해열.진통.소염제,중증의위장관계이상반응,-,KetorolacTromethamine,D000274,D000230,메페남산,MefenamicAcid,[M050476]메페남산/[M050476]메페남산
[M084703]케토롤락트로메타민,단일,-,해열.진통.소염제,중증의위장관계이상반응,-,KetorolacTromethamine,D000274,D000230,메페남산,MefenamicAcid,[M050476]메페남산/[M050476]메페남산
[M092870]이트라코나졸고체분산체,단일,-,기타의화학요법제,횡문근융해증,-,ItraconazoleSolidDispersions,D000762,D000027,심바스타틴,Simvastatin,[M089710]심바스타틴/[M089710]심바스타틴
[M270057]이트라코나졸고체분산체/[M083734]이트라코나졸,단일,-,기타의화학요법제,횡문근융해증,-,Itraconazole,D000762,D000027,심바스타틴,Simvastatin,[M089710]심바스타틴/[M089710]심바스타틴
[M083734]이트라코나졸,단일,-,기타의화학요법제,횡문근융해증,-,Itraconazole,D000762,D000027,심바스타틴,Simvastatin,[M089710]심바스타틴/[M089710]심바스타틴
[M083733]이트라코나졸제피과립,단일,-,기타의화학요법제,횡문근융해증,-,ItraconazoleCoatedGranules,D000762,D000027,심바스타틴,Simvastatin,[M089710]심바스타틴/[M089710]심바스타틴
[M222885]케토롤락트로메타민염,단일,-,해열.진통.소염제,중증의위장관계이상반응,-,KetorolacTromethamine,D000274,D000452,아스피린,Aspirin,[M089852]라베프라졸나트륨/[M040355]아스피린
[M084703]케토롤락트로메타민,단일,-,해열.진통.소염제,중증의위장관계이상반응,-,KetorolacTromethamine,D000274,D000452,아스피린,Aspirin,[M089852]라베프라졸나트륨/[M040355]아스피린
[M092870]이트라코나졸고체분산체,단일,-,기타의화학요법제,티카그렐러는이트라코나졸에의해혈장농도가증가가능,-,ItraconazoleSolidDispersions,D000762,D000385,티카그렐러,Ticagrelor,[M252585]티카그렐러
[M083734]이트라코나졸,단일,-,기타의화학요법제,티카그렐러는이트라코나졸에의해혈장농도가증가가능,-,Itraconazole,D000762,D000385,티카그렐러,Ticagrelor,[M252585]티카그렐러
[M089710]심바스타틴/[M097492]에제티미브,단일,-,동맥경화용제,횡문근융해증을비롯한근육질환등중증이상반응,-,Simvastatin,D000027,D000712,리토나비르,Ritonavir,[M259362]리토나비르
[M083733]이트라코나졸제피과립,단일,-,기타의화학요법제,티카그렐러는이트라코나졸에의해혈장농도가증가가능,-,ItraconazoleCoatedGranules,D000762,D000385,티카그렐러,Ticagrelor,[M252585]티카그렐러
[M253921]릴피비린염산염,단일,-,기타의화학요법제,위장pH의증가로릴피비린의흡수가저하되어릴피비린의치료효과감소,-,RilpivirineHydrochloride,D000225,D000153,에스오메프라졸마그네슘이수화물,EsomeprazoleMagnesiumDihydrate,[M259375]에스오메프라졸마그네슘이수화물/[M259375]에스오메프라졸마그네슘이수화물
[M252585]티카그렐러,단일,-,동맥경화용제,티카그렐러의혈중농도증가,-,Ticagrelor,D000385,D000712,리토나비르,Ritonavir,[M259362]리토나비르
[M071691]피모짓,단일,-,정신신경용제,QT연장|심실성빈맥|심실세동및torsadesdepointes등심독성위험증가,-,Pimozide,D000213,D000712,리토나비르,Ritonavir,[M259362]리토나비르
[M097492]에제티미브/[M089710]심바스타틴,단일,-,동맥경화용제,횡문근융해증을비롯한근육질환등중증이상반응,-,Simvastatin,D000027,D000712,리토나비르,Ritonavir,[M259362]리토나비르
[M089710]심바스타틴,단일,-,동맥경화용제,횡문근융해증을비롯한근육질환등중증이상반응,-,Simvastatin,D000027,D000712,리토나비르,Ritonavir,[M259362]리토나비르
[M089710]심바스타틴/[M089710]심바스타틴,단일,-,동맥경화용제,횡문근융해증을비롯한근육질환등중증이상반응,-,Simvastatin,D000027,D000712,리토나비르,Ritonavir,[M259362]리토나비르
[M097492]에제티미브/[M089710]심바스타틴/[M097492]에제티미브/[M089710]심바스타틴,단일,-,동맥경화용제,횡문근융해증을비롯한근육질환등중증이상반응,-,Simvastatin,D000027,D000712,리토나비르,Ritonavir,[M259362]리토나비르
[M040426]염화나트륨/[M090685]글루콘산나트륨/[M040438]염화칼륨/[M051111]염화마그네슘/[M227966]아세트산나트륨수화물,단일,-,혈액대용제,고칼륨혈증,-,PotassiumChloride,D000565,D000731,스피로노락톤,Spironolactone,[M099796]스피로노락톤
[M095241]젖산나트륨액/[M217500]염화칼슘수화물/[M040438]염화칼륨/[M040426]염화나트륨,단일,-,혈액대용제,고칼륨혈증,-,PotassiumChloride,D000565,D000731,스피로노락톤,Spironolactone,[M099796]스피로노락톤
[M252922]톨밥탄분무건조분말,단일,-,기타의순환계용약,톨밥탄의혈중농도증가,-,TolvaptanSprayDryPowder,D000487,D000712,리토나비르,Ritonavir,[M259362]리토나비르
[M040426]염화나트륨/[M040438]염화칼륨/[M095241]젖산나트륨액/[M040702]포도당,단일,-,혈액대용제,고칼륨혈증,-,PotassiumChloride,D000565,D000731,스피로노락톤,Spironolactone,[M099796]스피로노락톤
[M085529]이오파미돌/[M085529]이오파미돌,단일,-,X선조영제,급성신부전,-,Iopamidol,D000267,D000718,메트포르민염산염,MetforminHydrochloride,[M254878]제미글립틴타르타르산염1.5수화물/[M223014]메트포르민염산염
[M252241]알모트립탄말산염,단일,-,해열.진통.소염제,상가적인혈관수축반응|혈압상승,-,AlmotriptanMalate,D000745,D000650,수마트립탄숙신산염,SumatriptanSuccinate,[M246956]수마트립탄숙신산염
[M245211]다폭세틴염산염,단일,-,기타의비뇨생식기관및항문용약,세로토닌성증후군(고혈압|고열|간대성근경련|정신상태변화등),-,DapoxetineHydrochloride,D000084,D000650,수마트립탄숙신산염,SumatriptanSuccinate,[M246956]수마트립탄숙신산염
[M223020]메틸에르고메트린말레산염,단일,-,자궁수축제,상가적인혈관수축반응|현저한혈압상승,-,MethylergometrineMaleate,D000228,D000650,수마트립탄숙신산염,SumatriptanSuccinate,[M246956]수마트립탄숙신산염
[M249577]나라트립탄염산염,단일,-,해열.진통.소염제,상가적인혈관수축반응|현저한혈압상승,-,NaratriptanHydrochloride,D000287,D000650,수마트립탄숙신산염,SumatriptanSuccinate,[M246956]수마트립탄숙신산염
[M222885]케토롤락트로메타민염,단일,-,해열.진통.소염제,상가적인위장관궤양|출혈의위험,-,KetorolacTromethamine,D000274,D000766,잘토프로펜,Zaltoprofen,[M086829]잘토프로펜
[M084703]케토롤락트로메타민,단일,-,해열.진통.소염제,상가적인위장관궤양|출혈의위험,-,KetorolacTromethamine,D000274,D000766,잘토프로펜,Zaltoprofen,[M086829]잘토프로펜
[M222885]케토롤락트로메타민염,단일,-,해열.진통.소염제,중증의위장관계이상반응,-,KetorolacTromethamine,D000274,D000427,멜록시캄,Meloxicam,[M086439]멜록시캄/[M086439]멜록시캄
[M084703]케토롤락트로메타민,단일,-,해열.진통.소염제,중증의위장관계이상반응,-,KetorolacTromethamine,D000274,D000427,멜록시캄,Meloxicam,[M086439]멜록시캄/[M086439]멜록시캄
[M252789]실데나필시트르산염,단일,-,기타의비뇨생식기관및항문용약,혈압강하작용증가,-,SildenafilCitrate,D000246,D000215,묽은니트로글리세린,DiluteNitroglycerin,[M257143]묽은니트로글리세린
[M252789]실데나필시트르산염/[M252789]실데나필시트르산염,단일,-,기타의비뇨생식기관및항문용약,혈압강하작용증가,-,SildenafilCitrate,D000246,D000215,묽은니트로글리세린,DiluteNitroglycerin,[M257143]묽은니트로글리세린
[M253237]실데나필,단일,-,기타의비뇨생식기관및항문용약,혈압강하작용증가,-,Sildenafil,D000246,D000215,묽은니트로글리세린,DiluteNitroglycerin,[M257143]묽은니트로글리세린
[M253237]실데나필/[M253237]실데나필,단일,-,기타의비뇨생식기관및항문용약,혈압강하작용증가,-,Sildenafil,D000246,D000215,묽은니트로글리세린,DiluteNitroglycerin,[M257143]묽은니트로글리세린
[M223223]클로미프라민염산염/[M252789]실데나필시트르산염,단일,-,기타의비뇨생식기관및항문용약,혈압강하작용증가,-,SildenafilCitrate,D000246,D000215,묽은니트로글리세린,DiluteNitroglycerin,[M257143]묽은니트로글리세린
[M252789]실데나필시트르산염/[M252789]실데나필시트르산염/[M252789]실데나필시트르산염,단일,-,기타의비뇨생식기관및항문용약,혈압강하작용증가,-,SildenafilCitrate,D000246,D000215,묽은니트로글리세린,DiluteNitroglycerin,[M257143]묽은니트로글리세린
[M088960]이오헥솔,단일,-,X선조영제,기능적신부전에의해유산산성증촉진,-,Iohexol,D000669,D000718,염산메트포르민,MetforminHydrochloride,[M214651]염산메트포르민
[M086785]이오비트리돌,단일,-,X선조영제,기능적신부전에의해유산산성증촉진,-,Iobitridol,D000760,D000718,염산메트포르민,MetforminHydrochloride,[M214651]염산메트포르민
[M222957]덱스트로메토르판브롬화수소산염수화물/[M204422]dl-메틸에페드린염산염/[M223211]클로르페니라민말레산염/[M040435]염화암모늄,단일,-,진해거담제,경련|반사항진|이상고열|혼수등,-,DextromethorphanHydrobromideHydrate,D000200,D000698,라사길린메실산염,RasagilineMesylate,[M257939]라사길린메실산염
[M085529]이오파미돌,단일,-,X선조영제,급성신부전,-,Iopamidol,D000267,D000718,메트포르민염산염,MetforminHydrochloride,[M254878]제미글립틴타르타르산염1.5수화물/[M223014]메트포르민염산염
[M263856]팔보시클립,단일,-,항악성종양제,팔보시클립의혈장농도증가,-,Palbociclib,D001149,D000769,케토코나졸,Ketoconazole,[M080618]케토코나졸
[M083726]옥사토마이드,단일,-,항히스타민제,항콜린작용증가,-,Oxatomide,D000261,D000656,아트로핀황산염수화물,AtropineSulfateHydrate,[M223111]아트로핀황산염수화물
[M089193]타크로리무스수화물,단일,-,자격요법제(비특이성면역억제제를포함),고칼륨혈증,-,TacrolimusHydrate,D000279,D000731,스피로노락톤,Spironolactone,[M099796]스피로노락톤
[M040702]포도당/[M040426]염화나트륨/[M040438]염화칼륨/[M217500]염화칼슘수화물/[M095241]젖산나트륨액,단일,-,혈액대용제,고칼륨혈증,-,PotassiumChloride,D000565,D000731,스피로노락톤,Spironolactone,[M099796]스피로노락톤
[M217500]염화칼슘수화물/[M040438]염화칼륨/[M040426]염화나트륨/[M086824]젖산나트륨액50%,단일,-,혈액대용제,고칼륨혈증,-,PotassiumChloride,D000565,D000731,스피로노락톤,Spironolactone,[M099796]스피로노락톤
[M040702]포도당/[M040426]염화나트륨/[M217500]염화칼슘수화물/[M040438]염화칼륨/[M080583]젖산나트륨액,단일,-,혈액대용제,고칼륨혈증,-,PotassiumChloride,D000565,D000731,스피로노락톤,Spironolactone,[M099796]스피로노락톤
[M040438]염화칼륨/[M040426]염화나트륨,단일,-,혈액대용제,고칼륨혈증,-,PotassiumChloride,D000565,D000731,스피로노락톤,Spironolactone,[M099796]스피로노락톤
[M040024]과당/[M040426]염화나트륨/[M040438]염화칼륨/[M217500]염화칼슘수화물,단일,-,혈액대용제,고칼륨혈증,-,PotassiumChloride,D000565,D000731,스피로노락톤,Spironolactone,[M099796]스피로노락톤
[M044300]포도당일수화물/[M040438]염화칼륨/[M040426]염화나트륨,단일,-,혈액대용제,고칼륨혈증,-,PotassiumChloride,D000565,D000731,스피로노락톤,Spironolactone,[M099796]스피로노락톤
[M116317]락트산나트륨액/[M040439]염화칼슘/[M040438]염화칼륨/[M040426]염화나트륨,단일,-,혈액대용제,고칼륨혈증,-,PotassiumChloride,D000565,D000731,스피로노락톤,Spironolactone,[M099796]스피로노락톤
[M040702]포도당/[M040426]염화나트륨/[M040438]염화칼륨/[M040439]염화칼슘/[M229521]락트산나트륨액,단일,-,혈액대용제,고칼륨혈증,-,PotassiumChloride,D000565,D000731,스피로노락톤,Spironolactone,[M099796]스피로노락톤
[M051111]염화마그네슘/[M090685]글루콘산나트륨/[M227966]아세트산나트륨수화물/[M040438]염화칼륨/[M040426]염화나트륨,단일,-,혈액대용제,고칼륨혈증,-,PotassiumChloride,D000565,D000731,스피로노락톤,Spironolactone,[M099796]스피로노락톤
[M040426]염화나트륨/[M040438]염화칼륨/[M251286]염화마그네슘수화물/[M227966]아세트산나트륨수화물/[M090685]글루콘산나트륨,단일,-,혈액대용제,고칼륨혈증,-,PotassiumChloride,D000565,D000731,스피로노락톤,Spironolactone,[M099796]스피로노락톤
[M085529]이오파미돌/[M085529]이오파미돌,단일,-,X선조영제,급성신부전,-,Iopamidol,D000267,D000718,메트포르민염산염,MetforminHydrochloride,[M263103]제미글립틴타르타르산염1.5수하물/[M223014]메트포르민염산염
[M227652]타크로리무스수화물/[M089193]타크로리무스수화물/[M089193]타크로리무스수화물,단일,-,자격요법제(비특이성면역억제제를포함),고칼륨혈증,-,TacrolimusHydrate,D000279,D000731,스피로노락톤,Spironolactone,[M099796]스피로노락톤
[M214384]염산미로데나필,단일,-,기타의비뇨생식기관및항문용약,혈압강하증가,-,MirodenafilHydrochloride,D000128,D000530,몰시도민,Molsidomine,[M070605]몰시도민
[M253534]미로데나필,단일,-,기타의비뇨생식기관및항문용약,혈압강하증가,-,Mirodenafil,D000128,D000530,몰시도민,Molsidomine,[M070605]몰시도민
[M095435]타다라필,단일,-,기타의비뇨생식기관및항문용약,혈압강하작용증가,-,Tadalafil,D000181,D000530,몰시도민,Molsidomine,[M070605]몰시도민
[M095435]타다라필/[M095435]타다라필,단일,-,기타의비뇨생식기관및항문용약,혈압강하작용증가,-,Tadalafil,D000181,D000530,몰시도민,Molsidomine,[M070605]몰시도민
[M095435]타다라필/[M243979]탐스로신염산염,단일,-,기타의비뇨생식기관및항문용약,혈압강하작용증가,-,Tadalafil,D000181,D000530,몰시도민,Molsidomine,[M070605]몰시도민
[M222885]케토롤락트로메타민염,단일,-,해열.진통.소염제,출혈및프로트롬빈시간연장,-,KetorolacTromethamine,D000274,D000702,펜톡시필린,Pentoxifylline,[M051736]펜톡시필린
[M084703]케토롤락트로메타민,단일,-,해열.진통.소염제,출혈및프로트롬빈시간연장,-,KetorolacTromethamine,D000274,D000702,펜톡시필린,Pentoxifylline,[M051736]펜톡시필린
[M085529]이오파미돌,단일,-,X선조영제,급성신부전,-,Iopamidol,D000267,D000718,메트포르민염산염,MetforminHydrochloride,[M263103]제미글립틴타르타르산염1.5수하물/[M223014]메트포르민염산염
[M245775]이바브라딘염산염,단일,-,기타의순환계용약,이바브라딘의혈중농도증가,-,IvabradineHydrochloride,D000571,D000712,리토나비르,Ritonavir,[M259362]리토나비르
[M223126]에르고타민타르타르산염/[M223183]카페인무수물,복합,[D001266]AnhydrousCaffeine(카페인무수물),해열.진통.소염제,맥각독성(혈관경련|말단및기타조직허혈),-,ErgotamineTartrate,D000747,D000712,리토나비르,Ritonavir,[M259362]리토나비르
[M051617]트레티노인/[M223129]에리트로마이신,단일,-,기생성피부질환용제,두개내고혈압,-,Tretinoin,D000488,D000503,독시사이클린하이클레이트,DoxycyclineHyclate,[M020027]독시사이클린하이클레이트
[M085595]말레인산돔페리돈,단일,-,기타의소화기관용약,QTc연장효과증대로심각한위험(TorsadedePointes|심각한심실성부정맥포함)가능성,-,DomperidoneMaleate,D000297,D000793,레보플록사신수화물,LevofloxacinHydrate,[M251128]레보플록사신수화물/[M251128]레보플록사신수화물
[M085595]말레인산돔페리돈/[M222961]돔페리돈말레산염,단일,-,기타의소화기관용약,QTc연장효과증대로심각한위험(TorsadedePointes|심각한심실성부정맥포함)가능성,-,DomperidoneMaleate,D000297,D000793,레보플록사신수화물,LevofloxacinHydrate,[M251128]레보플록사신수화물/[M251128]레보플록사신수화물
[M222885]케토롤락트로메타민염,단일,-,해열.진통.소염제,중증의위장관계이상반응,-,KetorolacTromethamine,D000274,D000363,이부프로펜리신,IbuprofenLysine,[M071015]이부프로펜리신
[M084703]케토롤락트로메타민,단일,-,해열.진통.소염제,중증의위장관계이상반응,-,KetorolacTromethamine,D000274,D000363,이부프로펜리신,IbuprofenLysine,[M071015]이부프로펜리신
[M222885]케토롤락트로메타민염,단일,-,해열.진통.소염제,중증의위장관계이상반응,-,KetorolacTromethamine,D000274,D000363,이부프로펜,Ibuprofen,[M051259]이부프로펜/[M222973]디펜히드라민염산염
[M084703]케토롤락트로메타민,단일,-,해열.진통.소염제,중증의위장관계이상반응,-,KetorolacTromethamine,D000274,D000363,이부프로펜,Ibuprofen,[M051259]이부프로펜/[M222973]디펜히드라민염산염
[M088960]이오헥솔,단일,-,X선조영제,기능적신부전에의해유산산성증촉진,-,Iohexol,D000669,D000718,메트포르민염산염콜로이드성이산화규소,MetforminHydrochloridewithColloidalAnhydrousSilica,[M260057]엠파글리플로진/[M266682]메트포르민염산염콜로이드성이산화규소
[M086785]이오비트리돌,단일,-,X선조영제,기능적신부전에의해유산산성증촉진,-,Iobitridol,D000760,D000718,메트포르민염산염콜로이드성이산화규소,MetforminHydrochloridewithColloidalAnhydrousSilica,[M260057]엠파글리플로진/[M266682]메트포르민염산염콜로이드성이산화규소
[M088268]이오메프롤,단일,-,X선조영제,기능적신부전에의해유산산성증촉진,-,Iomeprol,D000364,D000718,메트포르민염산염콜로이드성이산화규소,MetforminHydrochloridewithColloidalAnhydrousSilica,[M260057]엠파글리플로진/[M266682]메트포르민염산염콜로이드성이산화규소
[M088960]이오헥솔,단일,-,X선조영제,기능적신부전에의해유산산성증촉진,-,Iohexol,D000669,D000718,메트포르민염산염콜로이드성이산화규소,MetforminHydrochloridewithColloidalAnhydrousSilica,[M266682]메트포르민염산염콜로이드성이산화규소/[M260057]엠파글리플로진
[M086785]이오비트리돌,단일,-,X선조영제,기능적신부전에의해유산산성증촉진,-,Iobitridol,D000760,D000718,메트포르민염산염콜로이드성이산화규소,MetforminHydrochloridewithColloidalAnhydrousSilica,[M266682]메트포르민염산염콜로이드성이산화규소/[M260057]엠파글리플로진
[M088268]이오메프롤,단일,-,X선조영제,기능적신부전에의해유산산성증촉진,-,Iomeprol,D000364,D000718,메트포르민염산염콜로이드성이산화규소,MetforminHydrochloridewithColloidalAnhydrousSilica,[M266682]메트포르민염산염콜로이드성이산화규소/[M260057]엠파글리플로진
[M257644]에리트로마이신스티노프레이트,단일,-,주로그람양성|음성균|리케치아|비루스에작용하는것,병용을하여도항균작용이증가되지않음,-,ErythromycinStinoprate,D000256,D000713,린코마이신염산염수화물,LincomycinHydrochlorideHydrate,[M223001]린코마이신염산염수화물
[M223130]에리트로마이신스테아르산염,단일,-,주로그람양성균|리케치아|비루스에작용하는것,병용을하여도항균작용이증가되지않음,-,ErythromycinStearate,D000256,D000713,린코마이신염산염수화물,LincomycinHydrochlorideHydrate,[M223001]린코마이신염산염수화물
[M088960]이오헥솔,단일,-,X선조영제,기능적신부전에의해유산산성증촉진,-,Iohexol,D000669,D000718,메트포르민염산염,MetforminHydrochloride,[M260057]엠파글리플로진/[M268745]리나글립틴(미분화)/[M244179]메트포르민염산염
[M086785]이오비트리돌,단일,-,X선조영제,기능적신부전에의해유산산성증촉진,-,Iobitridol,D000760,D000718,메트포르민염산염,MetforminHydrochloride,[M260057]엠파글리플로진/[M268745]리나글립틴(미분화)/[M244179]메트포르민염산염
[M088268]이오메프롤,단일,-,X선조영제,기능적신부전에의해유산산성증촉진,-,Iomeprol,D000364,D000718,메트포르민염산염,MetforminHydrochloride,[M260057]엠파글리플로진/[M268745]리나글립틴(미분화)/[M244179]메트포르민염산염
[M222961]돔페리돈말레산염/[M222961]돔페리돈말레산염/[M222961]돔페리돈말레산염,단일,-,기타의소화기관용약,QTc연장효과증대로심각한위험(TorsadedePointes|심각한심실성부정맥포함)가능성,-,DomperidoneMaleate,D000297,D000793,레보플록사신수화물,LevofloxacinHydrate,[M251128]레보플록사신수화물/[M251128]레보플록사신수화물
[M081091]돔페리돈/[M081091]돔페리돈,단일,-,기타의소화기관용약,QTc연장효과증대로심각한위험(TorsadedePointes|심각한심실성부정맥포함)가능성,-,Domperidone,D000297,D000793,레보플록사신수화물,LevofloxacinHydrate,[M251128]레보플록사신수화물/[M251128]레보플록사신수화물
[M222961]돔페리돈말레산염/[M222961]돔페리돈말레산염,단일,-,기타의소화기관용약,QTc연장효과증대로심각한위험(TorsadedePointes|심각한심실성부정맥포함)가능성,-,DomperidoneMaleate,D000297,D000793,레보플록사신수화물,LevofloxacinHydrate,[M251128]레보플록사신수화물/[M251128]레보플록사신수화물
[M253921]릴피비린염산염,단일,-,기타의화학요법제,위장pH의증가로릴피비린의흡수가저하되어릴피비린의치료효과감소,-,RilpivirineHydrochloride,D000225,D000168,일라프라졸,Ilaprazole,[M245218]일라프라졸/[M245218]일라프라졸
[M223129]에리트로마이신/[M051617]트레티노인,단일,-,기생성피부질환용제,두개내고혈압,-,Tretinoin,D000488,D000503,독시사이클린하이클레이트,DoxycyclineHyclate,[M020027]독시사이클린하이클레이트
[M086538]분무건조아시트레틴25%,단일,-,비타민A및D제,두개내압증가,-,SprayDriedAcitretin25%,D000019,D000503,독시사이클린하이클레이트,DoxycyclineHyclate,[M020027]독시사이클린하이클레이트
[M222961]돔페리돈말레산염,단일,-,기타의소화기관용약,QTc연장효과증대로심각한위험(TorsadedePointes|심각한심실성부정맥포함)가능성,-,DomperidoneMaleate,D000297,D000299,라도티닙염산염,RadotinibHydrochloride,[M253750]라도티닙염산염
[M081091]돔페리돈,단일,-,기타의소화기관용약,QTc연장효과증대로심각한위험(TorsadedePointes|심각한심실성부정맥포함)가능성,-,Domperidone,D000297,D000299,라도티닙염산염,RadotinibHydrochloride,[M253750]라도티닙염산염
[M222961]돔페리돈말레산염/[M222961]돔페리돈말레산염,단일,-,기타의소화기관용약,QTc연장효과증대로심각한위험(TorsadedePointes|심각한심실성부정맥포함)가능성,-,DomperidoneMaleate,D000297,D000299,라도티닙염산염,RadotinibHydrochloride,[M253750]라도티닙염산염
[M081091]돔페리돈/[M081091]돔페리돈,단일,-,기타의소화기관용약,QTc연장효과증대로심각한위험(TorsadedePointes|심각한심실성부정맥포함)가능성,-,Domperidone,D000297,D000299,라도티닙염산염,RadotinibHydrochloride,[M253750]라도티닙염산염
[M222961]돔페리돈말레산염/[M222961]돔페리돈말레산염/[M222961]돔페리돈말레산염,단일,-,기타의소화기관용약,QTc연장효과증대로심각한위험(TorsadedePointes|심각한심실성부정맥포함)가능성,-,DomperidoneMaleate,D000297,D000299,라도티닙염산염,RadotinibHydrochloride,[M253750]라도티닙염산염
[M085595]말레인산돔페리돈,단일,-,기타의소화기관용약,QTc연장효과증대로심각한위험(TorsadedePointes|심각한심실성부정맥포함)가능성,-,DomperidoneMaleate,D000297,D000299,라도티닙염산염,RadotinibHydrochloride,[M253750]라도티닙염산염
[M085595]말레인산돔페리돈/[M222961]돔페리돈말레산염,단일,-,기타의소화기관용약,QTc연장효과증대로심각한위험(TorsadedePointes|심각한심실성부정맥포함)가능성,-,DomperidoneMaleate,D000297,D000299,라도티닙염산염,RadotinibHydrochloride,[M253750]라도티닙염산염
[M253921]릴피비린염산염,단일,-,기타의화학요법제,위장pH의증가로릴피비린의흡수가저하되어릴피비린의치료효과감소,-,RilpivirineHydrochloride,D000225,D000168,일라프라졸,Ilaprazole,[M245218]일라프라졸/[M207094]탄산수소나트륨
[M222885]케토롤락트로메타민염,단일,-,해열.진통.소염제,중증의위장관계이상반응,-,KetorolacTromethamine,D000274,D000452,주사용아스피린리신90%,AspirinLysineForInjection90%,[M089224]주사용아스피린리신90%
[M081091]돔페리돈,단일,-,기타의소화기관용약,QTc연장효과증대로심각한위험(TorsadedePointes|심각한심실성부정맥포함)가능성,-,Domperidone,D000297,D000793,레보플록사신수화물,LevofloxacinHydrate,[M251128]레보플록사신수화물/[M251128]레보플록사신수화물
[M084703]케토롤락트로메타민,단일,-,해열.진통.소염제,중증의위장관계이상반응,-,KetorolacTromethamine,D000274,D000452,주사용아스피린리신90%,AspirinLysineForInjection90%,[M089224]주사용아스피린리신90%
[M085529]이오파미돌,단일,-,X선조영제,급성신부전,-,Iopamidol,D000267,D000718,메트포르민염산염,MetforminHydrochloride,[M284883]엠파글리플로진2L-프롤린/[M244179]메트포르민염산염
[M085529]이오파미돌/[M085529]이오파미돌,단일,-,X선조영제,급성신부전,-,Iopamidol,D000267,D000718,메트포르민염산염,MetforminHydrochloride,[M284883]엠파글리플로진2L-프롤린/[M244179]메트포르민염산염
[M256381]포사코나졸(미분화),단일,-,기타의화학요법제,횡문근융해를비롯한근육병증발생가능성증가,-,PosaconazoleMicronized,D000405,D000455,아토르바스타틴칼슘삼수화물,AtorvastatinCalciumTrihydrate,[M282749]에제티미브(미분화)/[M215219]아토르바스타틴칼슘삼수화물
[M230781]디에틸프로피온염산염,단일,-,자율신경제,판막심장병위험,-,DiethylpropionHydrochloride,D000505,D000795,펜터민염산염,PhentermineHydrochloride,[M238557]펜터민염산염
[M262752]소포스부비르/[M281345]벨파타스비르,단일,-,기타의화학요법제,소포스부비르혈장농도를현저히떨어트려소포스부비르의치료효과를감소시킬수있음,-,Sofosbuvir,D001071,D000103,프리미돈,Primidone,[M040736]프리미돈
[M262752]소포스부비르,단일,-,기타의화학요법제,소포스부비르혈장농도를현저히떨어트려소포스부비르의치료효과를감소시킬수있음,-,Sofosbuvir,D001071,D000103,프리미돈,Primidone,[M040736]프리미돈
[M262752]소포스부비르/[M262910]레디파스비르,단일,-,기타의화학요법제,소포스부비르혈장농도를현저히떨어트려소포스부비르의치료효과를감소시킬수있음,-,Sofosbuvir,D001071,D000103,프리미돈,Primidone,[M040736]프리미돈
[M262752]소포스부비르/[M281345]벨파타스비르/[M282286]복실라프레비르,단일,-,기타의화학요법제,소포스부비르혈장농도를현저히떨어트려소포스부비르의치료효과를감소시킬수있음,-,Sofosbuvir,D001071,D000103,프리미돈,Primidone,[M040736]프리미돈
[M222961]돔페리돈말레산염,단일,-,기타의소화기관용약,QTc연장효과증대로심각한위험(TorsadedePointes|심각한심실성부정맥포함)가능성,-,DomperidoneMaleate,D000297,D000793,레보플록사신수화물,LevofloxacinHydrate,[M251128]레보플록사신수화물/[M251128]레보플록사신수화물
[M263856]팔보시클립,단일,-,항악성종양제,팔보시클립의혈장농도증가,-,Palbociclib,D001149,D000712,리토나비르,Ritonavir,[M259362]리토나비르
[M252789]실데나필시트르산염/[M252789]실데나필시트르산염/[M252789]실데나필시트르산염,단일,-,기타의비뇨생식기관및항문용약,혈압강하증가,-,SildenafilCitrate,D000246,D000712,리토나비르,Ritonavir,[M259362]리토나비르
[M223358]히드록시진염산염,단일,-,정신신경용제,심부정맥위험증가가능,-,HydroxyzineHydrochloride,D000114,D000793,레보플록사신수화물,LevofloxacinHydrate,[M251128]레보플록사신수화물/[M251128]레보플록사신수화물
[M262752]소포스부비르/[M262910]레디파스비르,복합,[D001071]Sofosbuvir(소포스부비르),기타의화학요법제,로수바스타틴농도를현저하게증가시킬수있으며|이는횡문근융해증을포함하여근육병증의위험증가,-,Ledipasvir,D001072,D000219,로수바스타틴칼슘,RosuvastatinCalcium,[M280026]오메가-3-산에틸에스테르90/[M095744]로수바스타틴칼슘
[M085529]이오파미돌,단일,-,X선조영제,급성신부전,-,Iopamidol,D000267,D000718,메트포르민염산염콜로이드성이산화규소,MetforminHydrochloridewithColloidalAnhydrousSilica,[M260057]엠파글리플로진/[M266682]메트포르민염산염콜로이드성이산화규소
[M085529]이오파미돌/[M085529]이오파미돌,단일,-,X선조영제,급성신부전,-,Iopamidol,D000267,D000718,메트포르민염산염콜로이드성이산화규소,MetforminHydrochloridewithColloidalAnhydrousSilica,[M260057]엠파글리플로진/[M266682]메트포르민염산염콜로이드성이산화규소
[M085529]이오파미돌,단일,-,X선조영제,급성신부전,-,Iopamidol,D000267,D000718,메트포르민염산염콜로이드성이산화규소,MetforminHydrochloridewithColloidalAnhydrousSilica,[M266682]메트포르민염산염콜로이드성이산화규소/[M260057]엠파글리플로진
[M085529]이오파미돌/[M085529]이오파미돌,단일,-,X선조영제,급성신부전,-,Iopamidol,D000267,D000718,메트포르민염산염콜로이드성이산화규소,MetforminHydrochloridewithColloidalAnhydrousSilica,[M266682]메트포르민염산염콜로이드성이산화규소/[M260057]엠파글리플로진
[M089840]미졸라스틴,단일,-,항히스타민제,말초혈관경련|사지허혈|감각이상등,-,Mizolastine,D000719,D000628,록시트로마이신,Roxithromycin,[M222994]록시트로마이신/[M222994]록시트로마이신
[M222885]케토롤락트로메타민염,단일,-,해열.진통.소염제,중증의위장관계이상반응,-,KetorolacTromethamine,D000274,D000452,아스피린,Aspirin,[M040355]아스피린/[M096666]시트르산/[M040631]탄산수소나트륨
[M084703]케토롤락트로메타민,단일,-,해열.진통.소염제,중증의위장관계이상반응,-,KetorolacTromethamine,D000274,D000452,아스피린,Aspirin,[M040355]아스피린/[M096666]시트르산/[M040631]탄산수소나트륨
[M085529]이오파미돌,단일,-,X선조영제,급성신부전,-,Iopamidol,D000267,D000718,메트포르민염산염,MetforminHydrochloride,[M260057]엠파글리플로진/[M268745]리나글립틴(미분화)/[M244179]메트포르민염산염
[M085529]이오파미돌/[M085529]이오파미돌,단일,-,X선조영제,급성신부전,-,Iopamidol,D000267,D000718,메트포르민염산염,MetforminHydrochloride,[M260057]엠파글리플로진/[M268745]리나글립틴(미분화)/[M244179]메트포르민염산염
[M252789]실데나필시트르산염,단일,-,기타의비뇨생식기관및항문용약,혈압강하증가,-,SildenafilCitrate,D000246,D000712,리토나비르,Ritonavir,[M259362]리토나비르
[M252789]실데나필시트르산염/[M252789]실데나필시트르산염,단일,-,기타의비뇨생식기관및항문용약,혈압강하증가,-,SildenafilCitrate,D000246,D000712,리토나비르,Ritonavir,[M259362]리토나비르
[M253237]실데나필,단일,-,기타의비뇨생식기관및항문용약,혈압강하증가,-,Sildenafil,D000246,D000712,리토나비르,Ritonavir,[M259362]리토나비르
[M253237]실데나필/[M253237]실데나필,단일,-,기타의비뇨생식기관및항문용약,혈압강하증가,-,Sildenafil,D000246,D000712,리토나비르,Ritonavir,[M259362]리토나비르
[M223223]클로미프라민염산염/[M252789]실데나필시트르산염,단일,-,기타의비뇨생식기관및항문용약,혈압강하증가,-,SildenafilCitrate,D000246,D000712,리토나비르,Ritonavir,[M259362]리토나비르
[M257939]라사길린메실산염,단일,-,기타의중추신경용약,고혈압위기|세로토닌증후군발생위험증가,-,RasagilineMesylate,D000698,D000773,트라마돌염산염,TramadolHydrochloride,[M222893]트라마돌염산염/[M040353]아세트아미노펜/[M040353]아세트아미노펜
[M088268]이오메프롤,단일,-,X선조영제,기능적신부전에의해유산산성증촉진,-,Iomeprol,D000364,D000718,메트포르민염산염,MetforminHydrochloride,[M244179]메트포르민염산염/[M260057]엠파글리플로진
[M222760]미다졸람,단일,-,최면진정제,진정작용의연장또는증가|호흡저하,-,Midazolam,D000007,D000712,리토나비르,Ritonavir,[M259362]리토나비르
[M222961]돔페리돈말레산염,단일,-,기타의소화기관용약,QTc연장효과증대로심각한위험(TorsadedePointes|심각한심실성부정맥포함)가능성강력한CYP억제제가돔페리돈의대사를감소시켜|돔페리돈의영향(이상반응포함)증대가능성,-,DomperidoneMaleate,D000297,D000712,리토나비르,Ritonavir,[M259362]리토나비르
[M081091]돔페리돈,단일,-,기타의소화기관용약,QTc연장효과증대로심각한위험(TorsadedePointes|심각한심실성부정맥포함)가능성강력한CYP억제제가돔페리돈의대사를감소시켜|돔페리돈의영향(이상반응포함)증대가능성,-,Domperidone,D000297,D000712,리토나비르,Ritonavir,[M259362]리토나비르
[M222961]돔페리돈말레산염/[M222961]돔페리돈말레산염,단일,-,기타의소화기관용약,QTc연장효과증대로심각한위험(TorsadedePointes|심각한심실성부정맥포함)가능성강력한CYP억제제가돔페리돈의대사를감소시켜|돔페리돈의영향(이상반응포함)증대가능성,-,DomperidoneMaleate,D000297,D000712,리토나비르,Ritonavir,[M259362]리토나비르
[M081091]돔페리돈/[M081091]돔페리돈,단일,-,기타의소화기관용약,QTc연장효과증대로심각한위험(TorsadedePointes|심각한심실성부정맥포함)가능성강력한CYP억제제가돔페리돈의대사를감소시켜|돔페리돈의영향(이상반응포함)증대가능성,-,Domperidone,D000297,D000712,리토나비르,Ritonavir,[M259362]리토나비르
[M222961]돔페리돈말레산염/[M222961]돔페리돈말레산염/[M222961]돔페리돈말레산염,단일,-,기타의소화기관용약,QTc연장효과증대로심각한위험(TorsadedePointes|심각한심실성부정맥포함)가능성강력한CYP억제제가돔페리돈의대사를감소시켜|돔페리돈의영향(이상반응포함)증대가능성,-,DomperidoneMaleate,D000297,D000712,리토나비르,Ritonavir,[M259362]리토나비르
[M085595]말레인산돔페리돈,단일,-,기타의소화기관용약,QTc연장효과증대로심각한위험(TorsadedePointes|심각한심실성부정맥포함)가능성강력한CYP억제제가돔페리돈의대사를감소시켜|돔페리돈의영향(이상반응포함)증대가능성,-,DomperidoneMaleate,D000297,D000712,리토나비르,Ritonavir,[M259362]리토나비르
[M085595]말레인산돔페리돈/[M222961]돔페리돈말레산염,단일,-,기타의소화기관용약,QTc연장효과증대로심각한위험(TorsadedePointes|심각한심실성부정맥포함)가능성강력한CYP억제제가돔페리돈의대사를감소시켜|돔페리돈의영향(이상반응포함)증대가능성,-,DomperidoneMaleate,D000297,D000712,리토나비르,Ritonavir,[M259362]리토나비르
[M264293]리바록사반(미분화),단일,-,혈액응고저지제,리바록사반의혈중농도가상승하여출혈위험증가,-,RivaroxabanMicronized,D000527,D000712,리토나비르,Ritonavir,[M259362]리토나비르
[M254091]리바록사반(미세화),단일,-,혈액응고저지제,리바록사반의혈중농도가상승하여출혈위험증가,-,RivaroxabanMicronized,D000527,D000712,리토나비르,Ritonavir,[M259362]리토나비르
[M230909]실로도신,단일,-,기타의비뇨생식기관및항문용약,실로도신의혈중농도증가,-,Silodosin,D000342,D000712,리토나비르,Ritonavir,[M259362]리토나비르
[M223020]메틸에르고메트린말레산염,단일,-,자궁수축제,맥각독성(말초혈관경련|사지와기타조직의허혈|감각이상등)위험증가,-,MethylergometrineMaleate,D000228,D000712,리토나비르,Ritonavir,[M259362]리토나비르
[M086785]이오비트리돌,단일,-,X선조영제,기능적신부전에의해유산산성증촉진,-,Iobitridol,D000760,D000718,메트포르민염산염,MetforminHydrochloride,[M244179]메트포르민염산염/[M260057]엠파글리플로진
[M088487]칼시페디올,단일,-,비타민A및D제,고칼슘혈증,-,Calcifediol,D000175,D000188,파리칼시톨,Paricalcitol,[M095446]파리칼시톨
[M081303]알파칼시돌,단일,-,비타민A및D제,고칼슘혈증,-,Alfacalcidol,D000151,D000188,파리칼시톨,Paricalcitol,[M095446]파리칼시톨
[M081303]알파칼시돌/[M081303]알파칼시돌,단일,-,비타민A및D제,고칼슘혈증,-,Alfacalcidol,D000151,D000188,파리칼시톨,Paricalcitol,[M095446]파리칼시톨
[M230909]실로도신,단일,-,기타의비뇨생식기관및항문용약,실로도신의혈중농도증가,-,Silodosin,D000342,D000373,클래리트로마이신제피과립,ClarithromycinCoatedGranules,[M245961]클래리트로마이신제피과립
[M089710]심바스타틴,단일,-,동맥경화용제,근병증|횡문근융해의위험증가,-,Simvastatin,D000027,D000373,클래리트로마이신제피과립,ClarithromycinCoatedGranules,[M245961]클래리트로마이신제피과립
[M089710]심바스타틴/[M089710]심바스타틴,단일,-,동맥경화용제,근병증|횡문근융해의위험증가,-,Simvastatin,D000027,D000373,클래리트로마이신제피과립,ClarithromycinCoatedGranules,[M245961]클래리트로마이신제피과립
[M088960]이오헥솔,단일,-,X선조영제,기능적신부전에의해유산산성증촉진,-,Iohexol,D000669,D000718,메트포르민염산염,MetforminHydrochloride,[M244179]메트포르민염산염/[M260057]엠파글리플로진
[M090172]발프로산마그네슘,단일,-,항전간제,간질발작재발,-,MagnesiumValproate,D000535,D000757,이미페넴수화물,ImipenemHydrate,[M095530]실라스타틴나트륨/[M222879]이미페넴수화물
[M040702]포도당/[M040438]염화칼륨/[M040426]염화나트륨,단일,-,혈액대용제,고칼륨혈증,-,PotassiumChloride,D000565,D000731,스피로노락톤,Spironolactone,[M099796]스피로노락톤
[M070676]발프로산나트륨/[M083547]발프로산,복합,[D000536]SodiumValproate(발프로산나트륨),항전간제,간질발작재발,-,SodiumValproate,D000535,D000757,이미페넴수화물,ImipenemHydrate,[M095530]실라스타틴나트륨/[M222879]이미페넴수화물
[M213126]덱스케토프로펜트로메타몰,단일,-,해열.진통.소염제,경련발생,-,DexketoprofenTrometamol,D000696,D000142,시프로플록사신염산염,CiprofloxacinHydrochloride,[M242850]시프로플록사신염산염
[M088960]이오헥솔,단일,-,X선조영제,기능적신부전에의해유산산성증촉진,-,Iohexol,D000669,D000718,메트포르민염산염,MetforminHydrochloride,[M268387]빌다글립틴염산염/[M244179]메트포르민염산염
[M086785]이오비트리돌,단일,-,X선조영제,기능적신부전에의해유산산성증촉진,-,Iobitridol,D000760,D000718,메트포르민염산염,MetforminHydrochloride,[M268387]빌다글립틴염산염/[M244179]메트포르민염산염
[M088268]이오메프롤,단일,-,X선조영제,기능적신부전에의해유산산성증촉진,-,Iomeprol,D000364,D000718,메트포르민염산염,MetforminHydrochloride,[M268387]빌다글립틴염산염/[M244179]메트포르민염산염
[M215219]아토르바스타틴칼슘삼수화물/[M251853]이르베사르탄,복합,[D000046]Irbesartan(이르베사르탄),기타의순환계용약,근육병증|횡문근융해위험증가가능,-,AtorvastatinCalciumTrihydrate,D000455,D000334,사이클로스포린,Cyclosporine,[M085282]사이클로스포린/[M085282]사이클로스포린
[M244179]메트포르민염산염/[M256664]아토르바스타틴칼슘수화물,복합,[D000718]Metformin(메트포르민),당뇨병용제,근육병증|횡문근융해위험증가가능,-,AtorvastatinCalciumHydrate,D000455,D000334,사이클로스포린,Cyclosporine,[M085282]사이클로스포린/[M085282]사이클로스포린
[M097492]에제티미브/[M215219]아토르바스타틴칼슘삼수화물,복합,[D000350]Ezetimibe(에제티미브),동맥경화용제,근육통|근육약화|근염|때때로횡문근변성을포함한근육독성촉진가능,-,AtorvastatinCalciumTrihydrate,D000455,D000334,사이클로스포린,Cyclosporine,[M085282]사이클로스포린/[M085282]사이클로스포린
[M251687]아토르바스타틴칼슘/[M097492]에제티미브,복합,[D000350]Ezetimibe(에제티미브),동맥경화용제,근육통|근육약화|근염|때때로횡문근변성을포함한근육독성촉진가능,-,AtorvastatinCalcium,D000455,D000334,사이클로스포린,Cyclosporine,[M085282]사이클로스포린/[M085282]사이클로스포린
[M215219]아토르바스타틴칼슘삼수화물/[M097492]에제티미브,복합,[D000350]Ezetimibe(에제티미브),동맥경화용제,근육통|근육약화|근염|때때로횡문근변성을포함한근육독성촉진가능,-,AtorvastatinCalciumTrihydrate,D000455,D000334,사이클로스포린,Cyclosporine,[M085282]사이클로스포린/[M085282]사이클로스포린
[M256664]아토르바스타틴칼슘수화물/[M097492]에제티미브,복합,[D000350]Ezetimibe(에제티미브),동맥경화용제,근육통|근육약화|근염|때때로횡문근변성을포함한근육독성촉진가능,-,AtorvastatinCalciumHydrate,D000455,D000334,사이클로스포린,Cyclosporine,[M085282]사이클로스포린/[M085282]사이클로스포린
[M215219]아토르바스타틴칼슘삼수화물,단일,-,동맥경화용제,혈중농도상승및근육병증/횡문근융해증위험성증가,-,AtorvastatinCalciumTrihydrate,D000455,D000334,사이클로스포린,Cyclosporine,[M085282]사이클로스포린/[M085282]사이클로스포린
[M256664]아토르바스타틴칼슘수화물,단일,-,동맥경화용제,혈중농도상승및근육병증/횡문근융해증위험성증가,-,AtorvastatinCalciumHydrate,D000455,D000334,사이클로스포린,Cyclosporine,[M085282]사이클로스포린/[M085282]사이클로스포린
[M222885]케토롤락트로메타민염,단일,-,해열.진통.소염제,중증의위장관계이상반응,-,KetorolacTromethamine,D000274,D000363,이부프로펜,Ibuprofen,[M051259]이부프로펜/[M082487]파마브롬
[M084703]케토롤락트로메타민,단일,-,해열.진통.소염제,중증의위장관계이상반응,-,KetorolacTromethamine,D000274,D000363,이부프로펜,Ibuprofen,[M051259]이부프로펜/[M082487]파마브롬
[M093499]아토르바스타틴칼슘,단일,-,동맥경화용제,혈중농도상승및근육병증/횡문근융해증위험성증가,-,AtorvastatinCalcium,D000455,D000334,사이클로스포린,Cyclosporine,[M085282]사이클로스포린/[M085282]사이클로스포린
[M222885]케토롤락트로메타민염,단일,-,해열.진통.소염제,중증의위장관계이상반응,-,KetorolacTromethamine,D000274,D000675,클로닉신리시네이트,ClonixinLysinate,[M080375]클로닉신리시네이트/[M080375]클로닉신리시네이트
[M251166]아고멜라틴,단일,-,정신신경용제,아고멜라틴혈중농도증가,-,Agomelatine,D000735,D000142,시프로플록사신염산염,CiprofloxacinHydrochloride,[M242850]시프로플록사신염산염
[M088250]이소트레티노인/[M088250]이소트레티노인/[M088250]이소트레티노인,단일,-,비타민A및D제,비타민A과잉증,-,Isotretinoin,D000758,D000488,트레티노인,Tretinoin,[M051617]트레티노인/[M223129]에리트로마이신
[M088250]이소트레티노인/[M223129]에리트로마이신,단일,-,기생성피부질환용제,비타민A과잉증,-,Isotretinoin,D000758,D000488,트레티노인,Tretinoin,[M051617]트레티노인/[M223129]에리트로마이신
[M085529]이오파미돌/[M085529]이오파미돌,단일,-,X선조영제,급성신부전,-,Iopamidol,D000267,D000718,메트포르민염산염콜로이드성이산화규소,MetforminHydrochloridewithColloidalAnhydrousSilica,[M268745]리나글립틴(미분화)/[M266682]메트포르민염산염콜로이드성이산화규소
[M253921]릴피비린염산염,단일,-,기타의화학요법제,위장pH의증가로릴피비린의흡수가저하되어릴피비린의치료효과감소,-,RilpivirineHydrochloride,D000225,D000469,오메프라졸,Omeprazole,[M083698]오메프라졸
[M051617]트레티노인,단일,-,기생성피부질환용제,두개내고혈압,-,Tretinoin,D000488,D000503,독시사이클린하이클레이트수화물,DoxycyclineHyclateHydrate,[M222960]독시사이클린하이클레이트수화물/[M222960]독시사이클린하이클레이트수화물
[M051617]트레티노인/[M223129]에리트로마이신,단일,-,기생성피부질환용제,두개내고혈압,-,Tretinoin,D000488,D000503,독시사이클린하이클레이트수화물,DoxycyclineHyclateHydrate,[M222960]독시사이클린하이클레이트수화물/[M222960]독시사이클린하이클레이트수화물
[M223129]에리트로마이신/[M051617]트레티노인,단일,-,기생성피부질환용제,두개내고혈압,-,Tretinoin,D000488,D000503,독시사이클린하이클레이트수화물,DoxycyclineHyclateHydrate,[M222960]독시사이클린하이클레이트수화물/[M222960]독시사이클린하이클레이트수화물
[M086538]분무건조아시트레틴25%,단일,-,비타민A및D제,두개내압증가,-,SprayDriedAcitretin25%,D000019,D000503,독시사이클린하이클레이트수화물,DoxycyclineHyclateHydrate,[M222960]독시사이클린하이클레이트수화물/[M222960]독시사이클린하이클레이트수화물
[M088250]이소트레티노인/[M088250]이소트레티노인,단일,-,비타민A및D제,비타민A과잉증,-,Isotretinoin,D000758,D000488,트레티노인,Tretinoin,[M051617]트레티노인/[M223129]에리트로마이신
[M071691]피모짓,단일,-,정신신경용제,QT간격연장,-,Pimozide,D000213,D000336,설트랄린염산염,SertralineHydrochloride,[M251308]설트랄린염산염
[M223036]미노사이클린염산염,단일,-,주로그람양성|음성균|리케치아|비루스에작용하는것,두개내고혈압,-,MinocyclineHydrochloride,D000127,D000488,트레티노인,Tretinoin,[M051617]트레티노인/[M223129]에리트로마이신
[M222961]돔페리돈말레산염,단일,-,기타의소화기관용약,QTc연장효과증대로심각한위험(TorsadedePointes|심각한심실성부정맥포함)가능성,-,DomperidoneMaleate,D000297,D000635,반데타닙,Vandetanib,[M257061]반데타닙
[M081091]돔페리돈,단일,-,기타의소화기관용약,QTc연장효과증대로심각한위험(TorsadedePointes|심각한심실성부정맥포함)가능성,-,Domperidone,D000297,D000635,반데타닙,Vandetanib,[M257061]반데타닙
[M222961]돔페리돈말레산염/[M222961]돔페리돈말레산염,단일,-,기타의소화기관용약,QTc연장효과증대로심각한위험(TorsadedePointes|심각한심실성부정맥포함)가능성,-,DomperidoneMaleate,D000297,D000635,반데타닙,Vandetanib,[M257061]반데타닙
[M081091]돔페리돈/[M081091]돔페리돈,단일,-,기타의소화기관용약,QTc연장효과증대로심각한위험(TorsadedePointes|심각한심실성부정맥포함)가능성,-,Domperidone,D000297,D000635,반데타닙,Vandetanib,[M257061]반데타닙
[M222961]돔페리돈말레산염/[M222961]돔페리돈말레산염/[M222961]돔페리돈말레산염,단일,-,기타의소화기관용약,QTc연장효과증대로심각한위험(TorsadedePointes|심각한심실성부정맥포함)가능성,-,DomperidoneMaleate,D000297,D000635,반데타닙,Vandetanib,[M257061]반데타닙
[M085595]말레인산돔페리돈,단일,-,기타의소화기관용약,QTc연장효과증대로심각한위험(TorsadedePointes|심각한심실성부정맥포함)가능성,-,DomperidoneMaleate,D000297,D000635,반데타닙,Vandetanib,[M257061]반데타닙
[M085595]말레인산돔페리돈/[M222961]돔페리돈말레산염,단일,-,기타의소화기관용약,QTc연장효과증대로심각한위험(TorsadedePointes|심각한심실성부정맥포함)가능성,-,DomperidoneMaleate,D000297,D000635,반데타닙,Vandetanib,[M257061]반데타닙
[M088250]이소트레티노인,단일,-,비타민A및D제,비타민A과잉증,-,Isotretinoin,D000758,D000488,트레티노인,Tretinoin,[M051617]트레티노인/[M223129]에리트로마이신
[M084703]케토롤락트로메타민,단일,-,해열.진통.소염제,중증의위장관계이상반응,-,KetorolacTromethamine,D000274,D000675,클로닉신리시네이트,ClonixinLysinate,[M080375]클로닉신리시네이트/[M080375]클로닉신리시네이트
[M256664]아토르바스타틴칼슘수화물/[M256664]아토르바스타틴칼슘수화물,단일,-,동맥경화용제,혈중농도상승및근육병증/횡문근융해증위험성증가,-,AtorvastatinCalciumHydrate,D000455,D000334,사이클로스포린,Cyclosporine,[M085282]사이클로스포린/[M085282]사이클로스포린
[M085595]말레인산돔페리돈/[M222961]돔페리돈말레산염,단일,-,기타의소화기관용약,QTc연장효과증대로심각한위험(TorsadedePointes|심각한심실성부정맥포함)가능성강력한CYP억제제가돔페리돈의대사를감소시켜|돔페리돈의영향(이상반응포함)증대가능성,-,DomperidoneMaleate,D000297,D000443,보리코나졸,Voriconazole,[M102252]보리코나졸
[M020042]리팜피신,단일,-,주로항산성균에작용하는것,혈중농도가저하되어보리코나졸의약물효과감소,-,Rifampicin,D000314,D000443,보리코나졸,Voriconazole,[M102252]보리코나졸
[M020042]리팜피신/[M223170]이소니아지드/[M040746]피라진아미드/[M223143]에탐부톨염산염,단일,-,주로항산성균에작용하는것,혈중농도가저하되어보리코나졸의약물효과감소,-,Rifampicin,D000314,D000443,보리코나졸,Voriconazole,[M102252]보리코나졸
[M020042]리팜피신/[M020042]리팜피신,단일,-,주로항산성균에작용하는것,혈중농도가저하되어보리코나졸의약물효과감소,-,Rifampicin,D000314,D000443,보리코나졸,Voriconazole,[M102252]보리코나졸
[M020042]리팜피신/[M020042]리팜피신/[M020042]리팜피신/[M020042]리팜피신/[M020042]리팜피신,단일,-,주로항산성균에작용하는것,혈중농도가저하되어보리코나졸의약물효과감소,-,Rifampicin,D000314,D000443,보리코나졸,Voriconazole,[M102252]보리코나졸
[M071691]피모짓,단일,-,정신신경용제,QT연장|심실성빈맥|심실세동및torsadesdepointes등심독성위험증가,-,Pimozide,D000213,D000443,보리코나졸,Voriconazole,[M102252]보리코나졸
[M252789]실데나필시트르산염/[M252789]실데나필시트르산염/[M252789]실데나필시트르산염,단일,-,기타의비뇨생식기관및항문용약,동일계열병용투여금기,-,SildenafilCitrate,D000246,D000128,미로데나필,Mirodenafil,[M253534]미로데나필
[M084482]부데소니드/[M223288]포르모테롤푸마르산염수화물,단일,-,진해거담제,부정맥또는심정지,-,FormoterolFumarateHydrate,D000838,D000082,노르에피네프린타르타르산염수화물,NorepinephrineTartrateHydrate,[M252333]노르에피네프린타르타르산염수화물/[M252333]노르에피네프린타르타르산염수화물
[M256708]부데소니드(미분화)/[M258126]포르모테롤푸마르산염수화물(미분화),단일,-,진해거담제,부정맥또는심정지,-,FormoterolFumarateHydrateMicronized,D000838,D000082,노르에피네프린타르타르산염수화물,NorepinephrineTartrateHydrate,[M252333]노르에피네프린타르타르산염수화물/[M252333]노르에피네프린타르타르산염수화물
[M256708]부데소니드(미분화)/[M280913]글리코피로니움브롬화물(미분화)/[M258126]포르모테롤푸마르산염수화물(미분화),단일,-,진해거담제,부정맥또는심정지,-,FormoterolFumarateHydrateMicronized,D000838,D000082,노르에피네프린타르타르산염수화물,NorepinephrineTartrateHydrate,[M252333]노르에피네프린타르타르산염수화물/[M252333]노르에피네프린타르타르산염수화물
[M256708]부데소니드(미분화)/[M257129]포르모테롤푸마르산염수화물,단일,-,진해거담제,부정맥또는심정지,-,FormoterolFumarateHydrate,D000838,D000082,노르에피네프린타르타르산염수화물,NorepinephrineTartrateHydrate,[M252333]노르에피네프린타르타르산염수화물/[M252333]노르에피네프린타르타르산염수화물
[M223288]포르모테롤푸마르산염수화물,단일,-,진해거담제,부정맥또는심정지,-,FormoterolFumarateHydrate,D000838,D000082,노르에피네프린타르타르산염수화물,NorepinephrineTartrateHydrate,[M252333]노르에피네프린타르타르산염수화물/[M252333]노르에피네프린타르타르산염수화물
[M280472]베클로메타손디프로피오네이트(미분화)/[M258126]포르모테롤푸마르산염수화물(미분화),단일,-,진해거담제,부정맥또는심정지,-,FormoterolFumarateHydrateMicronized,D000838,D000082,노르에피네프린타르타르산염수화물,NorepinephrineTartrateHydrate,[M252333]노르에피네프린타르타르산염수화물/[M252333]노르에피네프린타르타르산염수화물
[M265404]베클로메타손디프로피오네이트무수물(미분화)/[M258126]포르모테롤푸마르산염수화물(미분화),단일,-,진해거담제,부정맥또는심정지,-,FormoterolFumarateHydrateMicronized,D000838,D000082,노르에피네프린타르타르산염수화물,NorepinephrineTartrateHydrate,[M252333]노르에피네프린타르타르산염수화물/[M252333]노르에피네프린타르타르산염수화물
[M257139]베클로메타손디프로피오네이트/[M258126]포르모테롤푸마르산염수화물(미분화),단일,-,진해거담제,부정맥또는심정지,-,FormoterolFumarateHydrateMicronized,D000838,D000082,노르에피네프린타르타르산염수화물,NorepinephrineTartrateHydrate,[M252333]노르에피네프린타르타르산염수화물/[M252333]노르에피네프린타르타르산염수화물
[M239060]베클로메타손디프로피오네이트/[M088695]푸마르산포르모테롤이수화물,단일,-,진해거담제,부정맥또는심정지,-,FormoterolFumarateDihydrate,D000838,D000082,노르에피네프린타르타르산염수화물,NorepinephrineTartrateHydrate,[M252333]노르에피네프린타르타르산염수화물/[M252333]노르에피네프린타르타르산염수화물
[M243509]플루티카손프로피오네이트(미분화)/[M258126]포르모테롤푸마르산염수화물(미분화),단일,-,진해거담제,부정맥또는심정지,-,FormoterolFumarateHydrateMicronized,D000838,D000082,노르에피네프린타르타르산염수화물,NorepinephrineTartrateHydrate,[M252333]노르에피네프린타르타르산염수화물/[M252333]노르에피네프린타르타르산염수화물
[M081683]푸마르산포르모테롤,단일,-,진해거담제,부정맥또는심정지,-,FormoterolFumarate,D000838,D000082,노르에피네프린타르타르산염수화물,NorepinephrineTartrateHydrate,[M252333]노르에피네프린타르타르산염수화물/[M252333]노르에피네프린타르타르산염수화물
[M223155]에페드린염산염,단일,-,진해거담제,부정맥또는심정지,소생등의응급상황제외,EphedrineHydrochloride,D000155,D000082,노르에피네프린타르타르산염수화물,NorepinephrineTartrateHydrate,[M252333]노르에피네프린타르타르산염수화물/[M252333]노르에피네프린타르타르산염수화물
[M223069]살부타몰황산염,단일,-,진해거담제,부정맥또는심정지,소생등의응급상황제외,SalbutamolSulfate,D000137,D000082,노르에피네프린타르타르산염수화물,NorepinephrineTartrateHydrate,[M252333]노르에피네프린타르타르산염수화물/[M252333]노르에피네프린타르타르산염수화물
[M223307]프로카테롤염산염수화물,단일,-,진해거담제,부정맥또는심정지,소생등의응급상황제외,ProcaterolHydrochlorideHydrate,D000514,D000082,노르에피네프린타르타르산염수화물,NorepinephrineTartrateHydrate,[M252333]노르에피네프린타르타르산염수화물/[M252333]노르에피네프린타르타르산염수화물
[M222885]케토롤락트로메타민염,단일,-,해열.진통.소염제,중증의위장관계이상반응,-,KetorolacTromethamine,D000274,D000463,미분화에토돌락,EtodolacMicronized,[M257127]미분화에토돌락
[M085595]말레인산돔페리돈,단일,-,기타의소화기관용약,QTc연장효과증대로심각한위험(TorsadedePointes|심각한심실성부정맥포함)가능성강력한CYP억제제가돔페리돈의대사를감소시켜|돔페리돈의영향(이상반응포함)증대가능성,-,DomperidoneMaleate,D000297,D000443,보리코나졸,Voriconazole,[M102252]보리코나졸
[M223223]클로미프라민염산염/[M252789]실데나필시트르산염,단일,-,기타의비뇨생식기관및항문용약,동일계열병용투여금기,-,SildenafilCitrate,D000246,D000128,미로데나필,Mirodenafil,[M253534]미로데나필
[M253237]실데나필/[M253237]실데나필,단일,-,기타의비뇨생식기관및항문용약,동일계열병용투여금기,-,Sildenafil,D000246,D000128,미로데나필,Mirodenafil,[M253534]미로데나필
[M085595]말레인산돔페리돈/[M222961]돔페리돈말레산염,단일,-,기타의소화기관용약,QTc연장효과증대로심각한위험(TorsadedePointes|심각한심실성부정맥포함)가능성,-,DomperidoneMaleate,D000297,D000517,플루코나졸,Fluconazole,[M084154]플루코나졸/[M084154]플루코나졸/[M084154]플루코나졸
[M215219]아토르바스타틴칼슘삼수화물/[M256664]아토르바스타틴칼슘수화물,단일,-,동맥경화용제,혈중농도상승및근육병증/횡문근융해증위험성증가,-,AtorvastatinCalciumTrihydrate,D000455,D000334,사이클로스포린,Cyclosporine,[M085282]사이클로스포린/[M085282]사이클로스포린
[M071691]피모짓,단일,-,정신신경용제,QT연장및심실성부정맥유발가능,-,Pimozide,D000213,D000517,플루코나졸,Fluconazole,[M084154]플루코나졸/[M084154]플루코나졸/[M084154]플루코나졸
[M222961]돔페리돈말레산염,단일,-,기타의소화기관용약,QTc연장효과증대로심각한위험(TorsadedePointes|심각한심실성부정맥포함)가능성,-,DomperidoneMaleate,D000297,D000517,플루코나졸,Fluconazole,[M084154]플루코나졸/[M084154]플루코나졸/[M084154]플루코나졸
[M081091]돔페리돈,단일,-,기타의소화기관용약,QTc연장효과증대로심각한위험(TorsadedePointes|심각한심실성부정맥포함)가능성,-,Domperidone,D000297,D000517,플루코나졸,Fluconazole,[M084154]플루코나졸/[M084154]플루코나졸/[M084154]플루코나졸
[M222961]돔페리돈말레산염/[M222961]돔페리돈말레산염,단일,-,기타의소화기관용약,QTc연장효과증대로심각한위험(TorsadedePointes|심각한심실성부정맥포함)가능성,-,DomperidoneMaleate,D000297,D000517,플루코나졸,Fluconazole,[M084154]플루코나졸/[M084154]플루코나졸/[M084154]플루코나졸
[M081091]돔페리돈/[M081091]돔페리돈,단일,-,기타의소화기관용약,QTc연장효과증대로심각한위험(TorsadedePointes|심각한심실성부정맥포함)가능성,-,Domperidone,D000297,D000517,플루코나졸,Fluconazole,[M084154]플루코나졸/[M084154]플루코나졸/[M084154]플루코나졸
[M222961]돔페리돈말레산염/[M222961]돔페리돈말레산염/[M222961]돔페리돈말레산염,단일,-,기타의소화기관용약,QTc연장효과증대로심각한위험(TorsadedePointes|심각한심실성부정맥포함)가능성,-,DomperidoneMaleate,D000297,D000517,플루코나졸,Fluconazole,[M084154]플루코나졸/[M084154]플루코나졸/[M084154]플루코나졸
[M085595]말레인산돔페리돈,단일,-,기타의소화기관용약,QTc연장효과증대로심각한위험(TorsadedePointes|심각한심실성부정맥포함)가능성,-,DomperidoneMaleate,D000297,D000517,플루코나졸,Fluconazole,[M084154]플루코나졸/[M084154]플루코나졸/[M084154]플루코나졸
[M282749]에제티미브(미분화)/[M215219]아토르바스타틴칼슘삼수화물,단일,-,동맥경화용제,혈중농도상승및근육병증/횡문근융해증위험성증가,-,AtorvastatinCalciumTrihydrate,D000455,D000334,사이클로스포린,Cyclosporine,[M085282]사이클로스포린/[M085282]사이클로스포린
[M222961]돔페리돈말레산염/[M222961]돔페리돈말레산염/[M222961]돔페리돈말레산염,단일,-,기타의소화기관용약,QTc연장효과증대로심각한위험(TorsadedePointes|심각한심실성부정맥포함)가능성강력한CYP억제제가돔페리돈의대사를감소시켜|돔페리돈의영향(이상반응포함)증대가능성,-,DomperidoneMaleate,D000297,D000443,보리코나졸,Voriconazole,[M102252]보리코나졸
[M222885]케토롤락트로메타민염,단일,-,해열.진통.소염제,중증의위장관계이상반응,-,KetorolacTromethamine,D000274,D000672,케토프로펜,Ketoprofen,[M051464]케토프로펜/[M051464]케토프로펜/[M051464]케토프로펜/[M051464]케토프로펜/[M051464]케토프로펜/[M051464]케토프로펜
[M084703]케토롤락트로메타민,단일,-,해열.진통.소염제,중증의위장관계이상반응,-,KetorolacTromethamine,D000274,D000672,케토프로펜,Ketoprofen,[M051464]케토프로펜/[M051464]케토프로펜/[M051464]케토프로펜/[M051464]케토프로펜/[M051464]케토프로펜/[M051464]케토프로펜
[M252789]실데나필시트르산염,단일,-,기타의비뇨생식기관및항문용약,동일계열병용투여금기,-,SildenafilCitrate,D000246,D000128,미로데나필,Mirodenafil,[M253534]미로데나필
[M252789]실데나필시트르산염/[M252789]실데나필시트르산염,단일,-,기타의비뇨생식기관및항문용약,동일계열병용투여금기,-,SildenafilCitrate,D000246,D000128,미로데나필,Mirodenafil,[M253534]미로데나필
[M253237]실데나필,단일,-,기타의비뇨생식기관및항문용약,동일계열병용투여금기,-,Sildenafil,D000246,D000128,미로데나필,Mirodenafil,[M253534]미로데나필
[M223126]에르고타민타르타르산염/[M223183]카페인무수물,복합,[D001266]AnhydrousCaffeine(카페인무수물),해열.진통.소염제,맥각독성(혈관경련|말단및기타조직허혈),-,ErgotamineTartrate,D000747,D000443,보리코나졸,Voriconazole,[M102252]보리코나졸
[M222961]돔페리돈말레산염,단일,-,기타의소화기관용약,QTc연장효과증대로심각한위험(TorsadedePointes|심각한심실성부정맥포함)가능성강력한CYP억제제가돔페리돈의대사를감소시켜|돔페리돈의영향(이상반응포함)증대가능성,-,DomperidoneMaleate,D000297,D000443,보리코나졸,Voriconazole,[M102252]보리코나졸
[M081091]돔페리돈,단일,-,기타의소화기관용약,QTc연장효과증대로심각한위험(TorsadedePointes|심각한심실성부정맥포함)가능성강력한CYP억제제가돔페리돈의대사를감소시켜|돔페리돈의영향(이상반응포함)증대가능성,-,Domperidone,D000297,D000443,보리코나졸,Voriconazole,[M102252]보리코나졸
[M222961]돔페리돈말레산염/[M222961]돔페리돈말레산염,단일,-,기타의소화기관용약,QTc연장효과증대로심각한위험(TorsadedePointes|심각한심실성부정맥포함)가능성강력한CYP억제제가돔페리돈의대사를감소시켜|돔페리돈의영향(이상반응포함)증대가능성,-,DomperidoneMaleate,D000297,D000443,보리코나졸,Voriconazole,[M102252]보리코나졸
[M081091]돔페리돈/[M081091]돔페리돈,단일,-,기타의소화기관용약,QTc연장효과증대로심각한위험(TorsadedePointes|심각한심실성부정맥포함)가능성강력한CYP억제제가돔페리돈의대사를감소시켜|돔페리돈의영향(이상반응포함)증대가능성,-,Domperidone,D000297,D000443,보리코나졸,Voriconazole,[M102252]보리코나졸
[M085529]이오파미돌,단일,-,X선조영제,급성신부전,-,Iopamidol,D000267,D000718,메트포르민염산염콜로이드성이산화규소,MetforminHydrochloridewithColloidalAnhydrousSilica,[M268745]리나글립틴(미분화)/[M266682]메트포르민염산염콜로이드성이산화규소
[M262752]소포스부비르/[M262910]레디파스비르,복합,[D001071]Sofosbuvir(소포스부비르),기타의화학요법제,레디파스비르및소포스부비르혈장농도를현저히떨어뜨려이약의치료효과를감소시킬수있음,-,Ledipasvir,D001072,D000314,리팜피신,Rifampicin,[M020042]리팜피신
[M252241]알모트립탄말산염,단일,-,해열.진통.소염제,추가적인관상혈관경련으로고혈압및관상동맥협착의위험성증가,24시간이내병용금기,AlmotriptanMalate,D000745,D000407,프로바트립탄숙신산염일수화물,FrovatriptanSuccinateMonohydrate,[M246494]프로바트립탄숙신산염일수화물
[M249577]나라트립탄염산염,단일,-,해열.진통.소염제,상가적인혈관수축반응|현저한혈압상승,-,NaratriptanHydrochloride,D000287,D000650,수마트립탄숙신산염,SumatriptanSuccinate,[M246956]수마트립탄숙신산염/[M070724]나프록센나트륨
[M222836]독시사이클린수화물,단일,-,주로그람양성|음성균|리케치아|비루스에작용하는것,두개내고혈압,-,DoxycyclineHydrate,D000503,D000758,이소트레티노인,Isotretinoin,[M088250]이소트레티노인/[M088250]이소트레티노인
[M020027]독시사이클린하이클레이트,단일,-,주로그람양성|음성균|리케치아|비루스에작용하는것,두개내고혈압,-,DoxycyclineHyclate,D000503,D000758,이소트레티노인,Isotretinoin,[M088250]이소트레티노인/[M088250]이소트레티노인
[M222960]독시사이클린하이클레이트수화물,단일,-,주로그람양성|음성균|리케치아|비루스에작용하는것,두개내고혈압,-,DoxycyclineHyclateHydrate,D000503,D000758,이소트레티노인,Isotretinoin,[M088250]이소트레티노인/[M088250]이소트레티노인
[M222960]독시사이클린하이클레이트수화물/[M222960]독시사이클린하이클레이트수화물,단일,-,주로그람양성|음성균|리케치아|비루스에작용하는것,두개내고혈압,-,DoxycyclineHyclateHydrate,D000503,D000758,이소트레티노인,Isotretinoin,[M088250]이소트레티노인/[M088250]이소트레티노인
[M222961]돔페리돈말레산염,단일,-,기타의소화기관용약,QTc연장효과증대로심각한위험(TorsadedePointes|심각한심실성부정맥포함)가능성,-,DomperidoneMaleate,D000297,D000226,메퀴타진,Mequitazine,[M050446]메퀴타진/[M050605]벨라돈나알칼로이드/[M256386]글리시리진산이칼륨/[M203364]슈도에페드린염산염/[M223183]카페인무수물
[M081091]돔페리돈,단일,-,기타의소화기관용약,QTc연장효과증대로심각한위험(TorsadedePointes|심각한심실성부정맥포함)가능성,-,Domperidone,D000297,D000226,메퀴타진,Mequitazine,[M050446]메퀴타진/[M050605]벨라돈나알칼로이드/[M256386]글리시리진산이칼륨/[M203364]슈도에페드린염산염/[M223183]카페인무수물
[M222961]돔페리돈말레산염/[M222961]돔페리돈말레산염,단일,-,기타의소화기관용약,QTc연장효과증대로심각한위험(TorsadedePointes|심각한심실성부정맥포함)가능성,-,DomperidoneMaleate,D000297,D000226,메퀴타진,Mequitazine,[M050446]메퀴타진/[M050605]벨라돈나알칼로이드/[M256386]글리시리진산이칼륨/[M203364]슈도에페드린염산염/[M223183]카페인무수물
[M081091]돔페리돈/[M081091]돔페리돈,단일,-,기타의소화기관용약,QTc연장효과증대로심각한위험(TorsadedePointes|심각한심실성부정맥포함)가능성,-,Domperidone,D000297,D000226,메퀴타진,Mequitazine,[M050446]메퀴타진/[M050605]벨라돈나알칼로이드/[M256386]글리시리진산이칼륨/[M203364]슈도에페드린염산염/[M223183]카페인무수물
[M222961]돔페리돈말레산염/[M222961]돔페리돈말레산염/[M222961]돔페리돈말레산염,단일,-,기타의소화기관용약,QTc연장효과증대로심각한위험(TorsadedePointes|심각한심실성부정맥포함)가능성,-,DomperidoneMaleate,D000297,D000226,메퀴타진,Mequitazine,[M050446]메퀴타진/[M050605]벨라돈나알칼로이드/[M256386]글리시리진산이칼륨/[M203364]슈도에페드린염산염/[M223183]카페인무수물
[M085595]말레인산돔페리돈,단일,-,기타의소화기관용약,QTc연장효과증대로심각한위험(TorsadedePointes|심각한심실성부정맥포함)가능성,-,DomperidoneMaleate,D000297,D000226,메퀴타진,Mequitazine,[M050446]메퀴타진/[M050605]벨라돈나알칼로이드/[M256386]글리시리진산이칼륨/[M203364]슈도에페드린염산염/[M223183]카페인무수물
[M085595]말레인산돔페리돈/[M222961]돔페리돈말레산염,단일,-,기타의소화기관용약,QTc연장효과증대로심각한위험(TorsadedePointes|심각한심실성부정맥포함)가능성,-,DomperidoneMaleate,D000297,D000226,메퀴타진,Mequitazine,[M050446]메퀴타진/[M050605]벨라돈나알칼로이드/[M256386]글리시리진산이칼륨/[M203364]슈도에페드린염산염/[M223183]카페인무수물
[M222961]돔페리돈말레산염,단일,-,기타의소화기관용약,QTc연장효과증대로심각한위험(TorsadedePointes|심각한심실성부정맥포함)가능성,-,DomperidoneMaleate,D000297,D000226,메퀴타진,Mequitazine,[M050446]메퀴타진/[M086528]벨라돈나총알칼로이드/[M256386]글리시리진산이칼륨/[M203364]슈도에페드린염산염/[M223183]카페인무수물
[M081091]돔페리돈,단일,-,기타의소화기관용약,QTc연장효과증대로심각한위험(TorsadedePointes|심각한심실성부정맥포함)가능성,-,Domperidone,D000297,D000226,메퀴타진,Mequitazine,[M050446]메퀴타진/[M086528]벨라돈나총알칼로이드/[M256386]글리시리진산이칼륨/[M203364]슈도에페드린염산염/[M223183]카페인무수물
[M222961]돔페리돈말레산염/[M222961]돔페리돈말레산염,단일,-,기타의소화기관용약,QTc연장효과증대로심각한위험(TorsadedePointes|심각한심실성부정맥포함)가능성,-,DomperidoneMaleate,D000297,D000226,메퀴타진,Mequitazine,[M050446]메퀴타진/[M086528]벨라돈나총알칼로이드/[M256386]글리시리진산이칼륨/[M203364]슈도에페드린염산염/[M223183]카페인무수물
[M081091]돔페리돈/[M081091]돔페리돈,단일,-,기타의소화기관용약,QTc연장효과증대로심각한위험(TorsadedePointes|심각한심실성부정맥포함)가능성,-,Domperidone,D000297,D000226,메퀴타진,Mequitazine,[M050446]메퀴타진/[M086528]벨라돈나총알칼로이드/[M256386]글리시리진산이칼륨/[M203364]슈도에페드린염산염/[M223183]카페인무수물
[M222961]돔페리돈말레산염/[M222961]돔페리돈말레산염/[M222961]돔페리돈말레산염,단일,-,기타의소화기관용약,QTc연장효과증대로심각한위험(TorsadedePointes|심각한심실성부정맥포함)가능성,-,DomperidoneMaleate,D000297,D000226,메퀴타진,Mequitazine,[M050446]메퀴타진/[M086528]벨라돈나총알칼로이드/[M256386]글리시리진산이칼륨/[M203364]슈도에페드린염산염/[M223183]카페인무수물
[M085595]말레인산돔페리돈,단일,-,기타의소화기관용약,QTc연장효과증대로심각한위험(TorsadedePointes|심각한심실성부정맥포함)가능성,-,DomperidoneMaleate,D000297,D000226,메퀴타진,Mequitazine,[M050446]메퀴타진/[M086528]벨라돈나총알칼로이드/[M256386]글리시리진산이칼륨/[M203364]슈도에페드린염산염/[M223183]카페인무수물
[M223020]메틸에르고메트린말레산염,단일,-,자궁수축제,상가적인혈관수축반응|현저한혈압상승,-,MethylergometrineMaleate,D000228,D000650,수마트립탄숙신산염,SumatriptanSuccinate,[M246956]수마트립탄숙신산염/[M070724]나프록센나트륨
[M245237]다폭세틴염산염,단일,-,기타의비뇨생식기관및항문용약,세로토닌성증후군(고혈압|고열|간대성근경련|정신상태변화등),-,DapoxetineHydrochloride,D000084,D000650,수마트립탄숙신산염,SumatriptanSuccinate,[M246956]수마트립탄숙신산염/[M070724]나프록센나트륨
[M252241]알모트립탄말산염,단일,-,해열.진통.소염제,상가적인혈관수축반응|혈압상승,-,AlmotriptanMalate,D000745,D000650,수마트립탄숙신산염,SumatriptanSuccinate,[M246956]수마트립탄숙신산염/[M070724]나프록센나트륨
[M223211]클로르페니라민말레산염/[M264046]DL-메틸에페드린염산염/[M222957]덱스트로메토르판브롬화수소산염수화물/[M050058]구아이페네신,단일,-,진해거담제,경련|반사항진|이상고열|혼수등,-,DextromethorphanHydrobromideHydrate,D000200,D000698,라사길린메실산염,RasagilineMesylate,[M257939]라사길린메실산염
[M222957]덱스트로메토르판브롬화수소산염수화물/[M264046]DL-메틸에페드린염산염/[M223211]클로르페니라민말레산염/[M095727]염화암모늄,단일,-,진해거담제,경련|반사항진|이상고열|혼수등,-,DextromethorphanHydrobromideHydrate,D000200,D000698,라사길린메실산염,RasagilineMesylate,[M257939]라사길린메실산염
[M070676]발프로산나트륨,복합,[D000536]SodiumValproate(발프로산나트륨),항전간제,간질발작재발,-,SodiumValproate,D000535,D000757,이미페넴수화물,ImipenemHydrate,[M095530]실라스타틴나트륨/[M222879]이미페넴수화물
[M222957]덱스트로메토르판브롬화수소산염수화물/[M204422]dl-메틸에페드린염산염/[M040059]노스카핀/[M050059]구아야콜설폰산칼륨/[M251260]카르비녹사민말레산염/[M223183]카페인무수물/[M082727]감초엑스산/[M089609]괄루인엑스산/[M084832]길경엑스산/[M089512]생강엑스산,단일,-,진해거담제,경련|반사항진|이상고열|혼수등,-,DextromethorphanHydrobromideHydrate,D000200,D000698,라사길린메실산염,RasagilineMesylate,[M257939]라사길린메실산염
[M222957]덱스트로메토르판브롬화수소산염수화물/[M264046]DL-메틸에페드린염산염/[M050058]구아이페네신/[M223211]클로르페니라민말레산염,단일,-,진해거담제,경련|반사항진|이상고열|혼수등,-,DextromethorphanHydrobromideHydrate,D000200,D000698,라사길린메실산염,RasagilineMesylate,[M257939]라사길린메실산염
[M040059]노스카핀/[M204422]dl-메틸에페드린염산염/[M222957]덱스트로메토르판브롬화수소산염수화물/[M251260]카르비녹사민말레산염/[M050059]구아야콜설폰산칼륨,단일,-,진해거담제,경련|반사항진|이상고열|혼수등,-,DextromethorphanHydrobromideHydrate,D000200,D000698,라사길린메실산염,RasagilineMesylate,[M257939]라사길린메실산염
[M204422]dl-메틸에페드린염산염/[M040059]노스카핀/[M251260]카르비녹사민말레산염/[M050059]구아야콜설폰산칼륨/[M222957]덱스트로메토르판브롬화수소산염수화물,단일,-,진해거담제,경련|반사항진|이상고열|혼수등,-,DextromethorphanHydrobromideHydrate,D000200,D000698,라사길린메실산염,RasagilineMesylate,[M257939]라사길린메실산염
[M222957]덱스트로메토르판브롬화수소산염수화물/[M223249]트리메토퀴놀염산염수화물/[M050058]구아이페네신/[M223211]클로르페니라민말레산염,단일,-,진해거담제,경련|반사항진|이상고열|혼수등,-,DextromethorphanHydrobromideHydrate,D000200,D000698,라사길린메실산염,RasagilineMesylate,[M257939]라사길린메실산염
[M222957]덱스트로메토르판브롬화수소산염수화물/[M204422]dl-메틸에페드린염산염/[M223470]노스카핀염산염수화물/[M050059]구아야콜설폰산칼륨/[M223211]클로르페니라민말레산염,단일,-,진해거담제,경련|반사항진|이상고열|혼수등,-,DextromethorphanHydrobromideHydrate,D000200,D000698,라사길린메실산염,RasagilineMesylate,[M257939]라사길린메실산염
[M050302]디프로필린/[M204422]dl-메틸에페드린염산염/[M222957]덱스트로메토르판브롬화수소산염수화물/[M222973]디펜히드라민염산염,단일,-,진해거담제,경련|반사항진|이상고열|혼수등,-,DextromethorphanHydrobromideHydrate,D000200,D000698,라사길린메실산염,RasagilineMesylate,[M257939]라사길린메실산염
[M050058]구아이페네신/[M223470]노스카핀염산염수화물/[M222957]덱스트로메토르판브롬화수소산염수화물/[M223249]트리메토퀴놀염산염수화물/[M223212]d-클로르페니라민말레산염,단일,-,진해거담제,경련|반사항진|이상고열|혼수등,-,DextromethorphanHydrobromideHydrate,D000200,D000698,라사길린메실산염,RasagilineMesylate,[M257939]라사길린메실산염
[M085595]말레인산돔페리돈/[M222961]돔페리돈말레산염,단일,-,기타의소화기관용약,QTc연장효과증대로심각한위험(TorsadedePointes|심각한심실성부정맥포함)가능성,-,DomperidoneMaleate,D000297,D000102,프루칼로프라이드숙신산염,PrucaloprideSuccinate,[M255643]프루칼로프라이드숙신산염
[M264046]DL-메틸에페드린염산염/[M050058]구아이페네신/[M222957]덱스트로메토르판브롬화수소산염수화물/[M223211]클로르페니라민말레산염,단일,-,진해거담제,경련|반사항진|이상고열|혼수등,-,DextromethorphanHydrobromideHydrate,D000200,D000698,라사길린메실산염,RasagilineMesylate,[M257939]라사길린메실산염
[M222957]덱스트로메토르판브롬화수소산염수화물/[M204422]dl-메틸에페드린염산염/[M040059]노스카핀/[M050059]구아야콜설폰산칼륨/[M251260]카르비녹사민말레산염/[M070009]감초가루/[M082634]길경가루,단일,-,진해거담제,경련|반사항진|이상고열|혼수등,-,DextromethorphanHydrobromideHydrate,D000200,D000698,라사길린메실산염,RasagilineMesylate,[M257939]라사길린메실산염
[M222961]돔페리돈말레산염,단일,-,기타의소화기관용약,QTc연장효과증대로심각한위험(TorsadedePointes|심각한심실성부정맥포함)가능성,-,DomperidoneMaleate,D000297,D000102,프루칼로프라이드숙신산염,PrucaloprideSuccinate,[M255643]프루칼로프라이드숙신산염
[M081091]돔페리돈,단일,-,기타의소화기관용약,QTc연장효과증대로심각한위험(TorsadedePointes|심각한심실성부정맥포함)가능성,-,Domperidone,D000297,D000102,프루칼로프라이드숙신산염,PrucaloprideSuccinate,[M255643]프루칼로프라이드숙신산염
[M222961]돔페리돈말레산염/[M222961]돔페리돈말레산염,단일,-,기타의소화기관용약,QTc연장효과증대로심각한위험(TorsadedePointes|심각한심실성부정맥포함)가능성,-,DomperidoneMaleate,D000297,D000102,프루칼로프라이드숙신산염,PrucaloprideSuccinate,[M255643]프루칼로프라이드숙신산염
[M081091]돔페리돈/[M081091]돔페리돈,단일,-,기타의소화기관용약,QTc연장효과증대로심각한위험(TorsadedePointes|심각한심실성부정맥포함)가능성,-,Domperidone,D000297,D000102,프루칼로프라이드숙신산염,PrucaloprideSuccinate,[M255643]프루칼로프라이드숙신산염
[M222961]돔페리돈말레산염/[M222961]돔페리돈말레산염/[M222961]돔페리돈말레산염,단일,-,기타의소화기관용약,QTc연장효과증대로심각한위험(TorsadedePointes|심각한심실성부정맥포함)가능성,-,DomperidoneMaleate,D000297,D000102,프루칼로프라이드숙신산염,PrucaloprideSuccinate,[M255643]프루칼로프라이드숙신산염
[M085595]말레인산돔페리돈,단일,-,기타의소화기관용약,QTc연장효과증대로심각한위험(TorsadedePointes|심각한심실성부정맥포함)가능성,-,DomperidoneMaleate,D000297,D000102,프루칼로프라이드숙신산염,PrucaloprideSuccinate,[M255643]프루칼로프라이드숙신산염
[M085595]말레인산돔페리돈/[M222961]돔페리돈말레산염,단일,-,기타의소화기관용약,QTc연장효과증대로심각한위험(TorsadedePointes|심각한심실성부정맥포함)가능성,-,DomperidoneMaleate,D000297,D000226,메퀴타진,Mequitazine,[M050446]메퀴타진/[M086528]벨라돈나총알칼로이드/[M256386]글리시리진산이칼륨/[M203364]슈도에페드린염산염/[M223183]카페인무수물
[M249577]나라트립탄염산염,단일,-,해열.진통.소염제,추가적인관상혈관경련으로고혈압및관상동맥협착의위험성증가,-,NaratriptanHydrochloride,D000287,D000407,프로바트립탄숙신산염일수화물,FrovatriptanSuccinateMonohydrate,[M246494]프로바트립탄숙신산염일수화물
[M222885]케토롤락트로메타민염,단일,-,해열.진통.소염제,중증의위장관계이상반응,-,KetorolacTromethamine,D000274,D000672,케토프로펜,Ketoprofen,[M051464]케토프로펜/[M051464]케토프로펜
[M256708]부데소니드(미분화)/[M258126]포르모테롤푸마르산염수화물(미분화),단일,-,진해거담제,부정맥또는심정지유도,소생등의위급상황제외,FormoterolFumarateHydrateMicronized,D000838,D000560,에피네프린타르타르산염,EpinephrineTartrate,[M251244]에피네프린타르타르산염
[M256708]부데소니드(미분화)/[M280913]글리코피로니움브롬화물(미분화)/[M258126]포르모테롤푸마르산염수화물(미분화),단일,-,진해거담제,부정맥또는심정지유도,소생등의위급상황제외,FormoterolFumarateHydrateMicronized,D000838,D000560,에피네프린타르타르산염,EpinephrineTartrate,[M251244]에피네프린타르타르산염
[M084482]부데소니드/[M257129]포르모테롤푸마르산염수화물,단일,-,진해거담제,부정맥또는심정지유도,소생등의위급상황제외,FormoterolFumarateHydrate,D000838,D000560,에피네프린타르타르산염,EpinephrineTartrate,[M251244]에피네프린타르타르산염
[M256708]부데소니드(미분화)/[M257129]포르모테롤푸마르산염수화물,단일,-,진해거담제,부정맥또는심정지유도,소생등의위급상황제외,FormoterolFumarateHydrate,D000838,D000560,에피네프린타르타르산염,EpinephrineTartrate,[M251244]에피네프린타르타르산염
[M223288]포르모테롤푸마르산염수화물,단일,-,진해거담제,부정맥또는심정지유도,소생등의위급상황제외,FormoterolFumarateHydrate,D000838,D000560,에피네프린타르타르산염,EpinephrineTartrate,[M251244]에피네프린타르타르산염
[M280472]베클로메타손디프로피오네이트(미분화)/[M258126]포르모테롤푸마르산염수화물(미분화),단일,-,진해거담제,부정맥또는심정지유도,소생등의위급상황제외,FormoterolFumarateHydrateMicronized,D000838,D000560,에피네프린타르타르산염,EpinephrineTartrate,[M251244]에피네프린타르타르산염
[M265404]베클로메타손디프로피오네이트무수물(미분화)/[M258126]포르모테롤푸마르산염수화물(미분화),단일,-,진해거담제,부정맥또는심정지유도,소생등의위급상황제외,FormoterolFumarateHydrateMicronized,D000838,D000560,에피네프린타르타르산염,EpinephrineTartrate,[M251244]에피네프린타르타르산염
[M257139]베클로메타손디프로피오네이트/[M258126]포르모테롤푸마르산염수화물(미분화),단일,-,진해거담제,부정맥또는심정지유도,소생등의위급상황제외,FormoterolFumarateHydrateMicronized,D000838,D000560,에피네프린타르타르산염,EpinephrineTartrate,[M251244]에피네프린타르타르산염
[M239060]베클로메타손디프로피오네이트/[M088695]푸마르산포르모테롤이수화물,단일,-,진해거담제,부정맥또는심정지유도,소생등의위급상황제외,FormoterolFumarateDihydrate,D000838,D000560,에피네프린타르타르산염,EpinephrineTartrate,[M251244]에피네프린타르타르산염
[M243509]플루티카손프로피오네이트(미분화)/[M258126]포르모테롤푸마르산염수화물(미분화),단일,-,진해거담제,부정맥또는심정지유도,소생등의위급상황제외,FormoterolFumarateHydrateMicronized,D000838,D000560,에피네프린타르타르산염,EpinephrineTartrate,[M251244]에피네프린타르타르산염
[M081683]푸마르산포르모테롤,단일,-,진해거담제,부정맥또는심정지유도,소생등의위급상황제외,FormoterolFumarate,D000838,D000560,에피네프린타르타르산염,EpinephrineTartrate,[M251244]에피네프린타르타르산염
[M081835]브롬페리돌,단일,-,정신신경용제,혈압강하,-,Bromperidol,D000238,D000560,에피네프린타르타르산염,EpinephrineTartrate,[M251244]에피네프린타르타르산염
[M040766]할로페리돌,단일,-,정신신경용제,혈압강하효과,-,Haloperidol,D000113,D000560,에피네프린타르타르산염,EpinephrineTartrate,[M251244]에피네프린타르타르산염
[M089302]할로페리돌데카노에이트,단일,-,정신신경용제,혈압강하효과,-,HaloperidolDecanoate,D000113,D000560,에피네프린타르타르산염,EpinephrineTartrate,[M251244]에피네프린타르타르산염
[M099457]툴로부테롤,단일,-,진해거담제,부정맥또는심정지,소생등의응급상황제외,Tulobuterol,D000185,D000082,노르에피네프린타르타르산염수화물,NorepinephrineTartrateHydrate,[M252333]노르에피네프린타르타르산염수화물
[M099457]툴로부테롤/[M099457]툴로부테롤,단일,-,진해거담제,부정맥또는심정지,소생등의응급상황제외,Tulobuterol,D000185,D000082,노르에피네프린타르타르산염수화물,NorepinephrineTartrateHydrate,[M252333]노르에피네프린타르타르산염수화물
[M050302]디프로필린/[M050468]염산메톡시페나민/[M223211]클로르페니라민말레산염/[M040059]노스카핀,단일,-,진해거담제,부정맥또는심정지,소생등의응급상황제외,MethoxyphenamineHydrochloride,D000125,D000082,노르에피네프린타르타르산염수화물,NorepinephrineTartrateHydrate,[M252333]노르에피네프린타르타르산염수화물
[M222898]페노테롤브롬화수소산염,단일,-,진해거담제,부정맥또는심정지,소생등의응급상황제외,FenoterolHydrobromide,D000070,D000082,노르에피네프린타르타르산염수화물,NorepinephrineTartrateHydrate,[M252333]노르에피네프린타르타르산염수화물
[M262752]소포스부비르/[M262910]레디파스비르,복합,[D001071]Sofosbuvir(소포스부비르),기타의화학요법제,로수바스타틴농도를현저하게증가시킬수있으며|이는횡문근융해증을포함하여근육병증의위험증가,-,Ledipasvir,D001072,D000219,로수바스타틴칼슘(미분화),RosuvastatinCalciumMicronized,[M097492]에제티미브/[M270546]로수바스타틴칼슘(미분화)
[M084703]케토롤락트로메타민,단일,-,해열.진통.소염제,중증의위장관계이상반응,-,KetorolacTromethamine,D000274,D000452,아스피린,Aspirin,[M050305]디피리다몰/[M040355]아스피린
[M223014]메트포르민염산염/[M256664]아토르바스타틴칼슘수화물,복합,[D000718]Metformin(메트포르민),당뇨병용제,근육병증|횡문근융해위험증가가능,-,AtorvastatinCalciumHydrate,D000455,D000405,포사코나졸(미분화),PosaconazoleMicronized,[M256381]포사코나졸(미분화)
[M084703]케토롤락트로메타민,단일,-,해열.진통.소염제,중증의위장관계이상반응,-,KetorolacTromethamine,D000274,D000672,케토프로펜,Ketoprofen,[M051464]케토프로펜/[M051464]케토프로펜
[M214384]염산미로데나필,단일,-,기타의비뇨생식기관및항문용약,동일계열병용투여금기,-,MirodenafilHydrochloride,D000128,D000181,타다라필,Tadalafil,[M095435]타다라필
[M253534]미로데나필,단일,-,기타의비뇨생식기관및항문용약,동일계열병용투여금기,-,Mirodenafil,D000128,D000181,타다라필,Tadalafil,[M095435]타다라필
[M102602]유데나필,단일,-,기타의비뇨생식기관및항문용약,동일계열병용투여금기,-,Udenafil,D000569,D000181,타다라필,Tadalafil,[M095435]타다라필
[M222885]케토롤락트로메타민염,단일,-,해열.진통.소염제,중증의위장관계이상반응,-,KetorolacTromethamine,D000274,D000705,플루르비프로펜,Flurbiprofen,[M089049]플루르비프로펜/[M089049]플루르비프로펜/[M089049]플루르비프로펜
[M084703]케토롤락트로메타민,단일,-,해열.진통.소염제,중증의위장관계이상반응,-,KetorolacTromethamine,D000274,D000705,플루르비프로펜,Flurbiprofen,[M089049]플루르비프로펜/[M089049]플루르비프로펜/[M089049]플루르비프로펜
[M264048]피마사르탄칼륨삼수화물과립/[M215219]아토르바스타틴칼슘삼수화물,복합,[D000624]Fimasartan(피마사르탄),기타의순환계용약,근육병증|횡문근융해위험증가가능,-,AtorvastatinCalciumTrihydrate,D000455,D000405,포사코나졸(미분화),PosaconazoleMicronized,[M256381]포사코나졸(미분화)
[M263856]팔보시클립,단일,-,항악성종양제,팔보시클립의혈장농도증가,-,Palbociclib,D001149,D000405,포사코나졸(미분화),PosaconazoleMicronized,[M256381]포사코나졸(미분화)
[M222885]케토롤락트로메타민염,단일,-,해열.진통.소염제,중증의위장관계이상반응,-,KetorolacTromethamine,D000274,D000452,아스피린,Aspirin,[M050305]디피리다몰/[M040355]아스피린
[M222961]돔페리돈말레산염,단일,-,기타의소화기관용약,QTc연장효과증대로심각한위험(TorsadedePointes|심각한심실성부정맥포함)가능성강력한CYP억제제가돔페리돈의대사를감소시켜|돔페리돈의영향(이상반응포함)증대가능성,-,DomperidoneMaleate,D000297,D000405,포사코나졸(미분화),PosaconazoleMicronized,[M256381]포사코나졸(미분화)
[M081091]돔페리돈,단일,-,기타의소화기관용약,QTc연장효과증대로심각한위험(TorsadedePointes|심각한심실성부정맥포함)가능성강력한CYP억제제가돔페리돈의대사를감소시켜|돔페리돈의영향(이상반응포함)증대가능성,-,Domperidone,D000297,D000405,포사코나졸(미분화),PosaconazoleMicronized,[M256381]포사코나졸(미분화)
[M222961]돔페리돈말레산염/[M222961]돔페리돈말레산염,단일,-,기타의소화기관용약,QTc연장효과증대로심각한위험(TorsadedePointes|심각한심실성부정맥포함)가능성강력한CYP억제제가돔페리돈의대사를감소시켜|돔페리돈의영향(이상반응포함)증대가능성,-,DomperidoneMaleate,D000297,D000405,포사코나졸(미분화),PosaconazoleMicronized,[M256381]포사코나졸(미분화)
[M081091]돔페리돈/[M081091]돔페리돈,단일,-,기타의소화기관용약,QTc연장효과증대로심각한위험(TorsadedePointes|심각한심실성부정맥포함)가능성강력한CYP억제제가돔페리돈의대사를감소시켜|돔페리돈의영향(이상반응포함)증대가능성,-,Domperidone,D000297,D000405,포사코나졸(미분화),PosaconazoleMicronized,[M256381]포사코나졸(미분화)
[M222961]돔페리돈말레산염/[M222961]돔페리돈말레산염/[M222961]돔페리돈말레산염,단일,-,기타의소화기관용약,QTc연장효과증대로심각한위험(TorsadedePointes|심각한심실성부정맥포함)가능성강력한CYP억제제가돔페리돈의대사를감소시켜|돔페리돈의영향(이상반응포함)증대가능성,-,DomperidoneMaleate,D000297,D000405,포사코나졸(미분화),PosaconazoleMicronized,[M256381]포사코나졸(미분화)
[M085595]말레인산돔페리돈,단일,-,기타의소화기관용약,QTc연장효과증대로심각한위험(TorsadedePointes|심각한심실성부정맥포함)가능성강력한CYP억제제가돔페리돈의대사를감소시켜|돔페리돈의영향(이상반응포함)증대가능성,-,DomperidoneMaleate,D000297,D000405,포사코나졸(미분화),PosaconazoleMicronized,[M256381]포사코나졸(미분화)
[M085595]말레인산돔페리돈/[M222961]돔페리돈말레산염,단일,-,기타의소화기관용약,QTc연장효과증대로심각한위험(TorsadedePointes|심각한심실성부정맥포함)가능성강력한CYP억제제가돔페리돈의대사를감소시켜|돔페리돈의영향(이상반응포함)증대가능성,-,DomperidoneMaleate,D000297,D000405,포사코나졸(미분화),PosaconazoleMicronized,[M256381]포사코나졸(미분화)
[M084703]케토롤락트로메타민,단일,-,해열.진통.소염제,중증의위장관계이상반응,-,KetorolacTromethamine,D000274,D000463,미분화에토돌락,EtodolacMicronized,[M257127]미분화에토돌락
[M236272]에트라비린,단일,-,기타의화학요법제,에트라비린의혈중농도가감소하여치료효과감소혹은내성발현,-,Etravirine,D000036,D000314,리팜피신,Rifampicin,[M020042]리팜피신
[M085529]이오파미돌,단일,-,X선조영제,급성신부전,-,Iopamidol,D000267,D000718,메트포르민염산염,MetforminHydrochloride,[M223014]메트포르민염산염/[M255021]로베글리타존황산염
[M080618]케토코나졸,단일,-,항원충제,효소유도로인한ketoconazole의혈중농도저하,-,Ketoconazole,D000769,D000265,이소니아지드,Isoniazid,[M020042]리팜피신/[M223170]이소니아지드
[M080618]케토코나졸/[M080618]케토코나졸,단일,-,항원충제,효소유도로인한ketoconazole의혈중농도저하,-,Ketoconazole,D000769,D000265,이소니아지드,Isoniazid,[M020042]리팜피신/[M223170]이소니아지드
[M252922]톨밥탄분무건조분말,단일,-,기타의순환계용약,톨밥탄의혈중농도증가,-,TolvaptanSprayDryPowder,D000487,D000373,클래리트로마이신,Clarithromycin,[M223198]클래리트로마이신/[M223198]클래리트로마이신
[M222961]돔페리돈말레산염,단일,-,기타의소화기관용약,QTc연장효과증대로심각한위험(TorsadedePointes|심각한심실성부정맥포함)가능성강력한CYP억제제가돔페리돈의대사를감소시켜|돔페리돈의영향(이상반응포함)증대가능성,-,DomperidoneMaleate,D000297,D000373,클래리트로마이신,Clarithromycin,[M223198]클래리트로마이신/[M223198]클래리트로마이신
[M081091]돔페리돈,단일,-,기타의소화기관용약,QTc연장효과증대로심각한위험(TorsadedePointes|심각한심실성부정맥포함)가능성강력한CYP억제제가돔페리돈의대사를감소시켜|돔페리돈의영향(이상반응포함)증대가능성,-,Domperidone,D000297,D000373,클래리트로마이신,Clarithromycin,[M223198]클래리트로마이신/[M223198]클래리트로마이신
[M222961]돔페리돈말레산염/[M222961]돔페리돈말레산염,단일,-,기타의소화기관용약,QTc연장효과증대로심각한위험(TorsadedePointes|심각한심실성부정맥포함)가능성강력한CYP억제제가돔페리돈의대사를감소시켜|돔페리돈의영향(이상반응포함)증대가능성,-,DomperidoneMaleate,D000297,D000373,클래리트로마이신,Clarithromycin,[M223198]클래리트로마이신/[M223198]클래리트로마이신
[M081091]돔페리돈/[M081091]돔페리돈,단일,-,기타의소화기관용약,QTc연장효과증대로심각한위험(TorsadedePointes|심각한심실성부정맥포함)가능성강력한CYP억제제가돔페리돈의대사를감소시켜|돔페리돈의영향(이상반응포함)증대가능성,-,Domperidone,D000297,D000373,클래리트로마이신,Clarithromycin,[M223198]클래리트로마이신/[M223198]클래리트로마이신
[M222961]돔페리돈말레산염/[M222961]돔페리돈말레산염/[M222961]돔페리돈말레산염,단일,-,기타의소화기관용약,QTc연장효과증대로심각한위험(TorsadedePointes|심각한심실성부정맥포함)가능성강력한CYP억제제가돔페리돈의대사를감소시켜|돔페리돈의영향(이상반응포함)증대가능성,-,DomperidoneMaleate,D000297,D000373,클래리트로마이신,Clarithromycin,[M223198]클래리트로마이신/[M223198]클래리트로마이신
[M085595]말레인산돔페리돈,단일,-,기타의소화기관용약,QTc연장효과증대로심각한위험(TorsadedePointes|심각한심실성부정맥포함)가능성강력한CYP억제제가돔페리돈의대사를감소시켜|돔페리돈의영향(이상반응포함)증대가능성,-,DomperidoneMaleate,D000297,D000373,클래리트로마이신,Clarithromycin,[M223198]클래리트로마이신/[M223198]클래리트로마이신
[M085595]말레인산돔페리돈/[M222961]돔페리돈말레산염,단일,-,기타의소화기관용약,QTc연장효과증대로심각한위험(TorsadedePointes|심각한심실성부정맥포함)가능성강력한CYP억제제가돔페리돈의대사를감소시켜|돔페리돈의영향(이상반응포함)증대가능성,-,DomperidoneMaleate,D000297,D000373,클래리트로마이신,Clarithromycin,[M223198]클래리트로마이신/[M223198]클래리트로마이신
[M252585]티카그렐러,단일,-,동맥경화용제,티카그렐러의혈중농도증가,-,Ticagrelor,D000385,D000373,클래리트로마이신,Clarithromycin,[M223198]클래리트로마이신/[M223198]클래리트로마이신
[M230909]실로도신,단일,-,기타의비뇨생식기관및항문용약,실로도신의혈중농도증가,-,Silodosin,D000342,D000373,클래리트로마이신,Clarithromycin,[M223198]클래리트로마이신/[M223198]클래리트로마이신
[M222961]돔페리돈말레산염,단일,-,기타의소화기관용약,QTc연장효과증대로심각한위험(TorsadedePointes|심각한심실성부정맥포함)가능성,-,DomperidoneMaleate,D000297,D000793,레보플록사신,Levofloxacin,[M085584]레보플록사신/[M085584]레보플록사신
[M081091]돔페리돈,단일,-,기타의소화기관용약,QTc연장효과증대로심각한위험(TorsadedePointes|심각한심실성부정맥포함)가능성,-,Domperidone,D000297,D000793,레보플록사신,Levofloxacin,[M085584]레보플록사신/[M085584]레보플록사신
[M222961]돔페리돈말레산염/[M222961]돔페리돈말레산염,단일,-,기타의소화기관용약,QTc연장효과증대로심각한위험(TorsadedePointes|심각한심실성부정맥포함)가능성,-,DomperidoneMaleate,D000297,D000793,레보플록사신,Levofloxacin,[M085584]레보플록사신/[M085584]레보플록사신
[M081091]돔페리돈/[M081091]돔페리돈,단일,-,기타의소화기관용약,QTc연장효과증대로심각한위험(TorsadedePointes|심각한심실성부정맥포함)가능성,-,Domperidone,D000297,D000793,레보플록사신,Levofloxacin,[M085584]레보플록사신/[M085584]레보플록사신
[M222961]돔페리돈말레산염/[M222961]돔페리돈말레산염/[M222961]돔페리돈말레산염,단일,-,기타의소화기관용약,QTc연장효과증대로심각한위험(TorsadedePointes|심각한심실성부정맥포함)가능성,-,DomperidoneMaleate,D000297,D000793,레보플록사신,Levofloxacin,[M085584]레보플록사신/[M085584]레보플록사신
[M085595]말레인산돔페리돈,단일,-,기타의소화기관용약,QTc연장효과증대로심각한위험(TorsadedePointes|심각한심실성부정맥포함)가능성,-,DomperidoneMaleate,D000297,D000793,레보플록사신,Levofloxacin,[M085584]레보플록사신/[M085584]레보플록사신
[M085595]말레인산돔페리돈/[M222961]돔페리돈말레산염,단일,-,기타의소화기관용약,QTc연장효과증대로심각한위험(TorsadedePointes|심각한심실성부정맥포함)가능성,-,DomperidoneMaleate,D000297,D000793,레보플록사신,Levofloxacin,[M085584]레보플록사신/[M085584]레보플록사신
[M080618]케토코나졸/[M080618]케토코나졸,단일,-,항원충제,효소유도로인한ketoconazole의혈중농도저하,-,Ketoconazole,D000769,D000314,리팜피신,Rifampicin,[M020042]리팜피신
[M080618]케토코나졸,단일,-,항원충제,효소유도로인한ketoconazole의혈중농도저하,-,Ketoconazole,D000769,D000314,리팜피신,Rifampicin,[M020042]리팜피신
[M236272]에트라비린,단일,-,기타의화학요법제,에트라비린의혈중농도가감소하여치료효과감소혹은내성발현,-,Etravirine,D000036,D000314,리팜피신,Rifampicin,[M020042]리팜피신/[M223170]이소니아지드/[M040746]피라진아미드/[M223143]에탐부톨염산염
[M084703]케토롤락트로메타민,단일,-,해열.진통.소염제,중증의위장관계이상반응,-,KetorolacTromethamine,D000274,D000982,나프록센,Naproxen,[M050116]나프록센/[M259375]에스오메프라졸마그네슘이수화물
[M085529]이오파미돌/[M085529]이오파미돌,단일,-,X선조영제,급성신부전,-,Iopamidol,D000267,D000718,메트포르민염산염,MetforminHydrochloride,[M268387]빌다글립틴염산염/[M244179]메트포르민염산염
[M253921]릴피비린염산염,단일,-,기타의화학요법제,위장pH의증가로릴피비린의흡수가저하되어릴피비린의치료효과감소,-,RilpivirineHydrochloride,D000225,D000153,에스오메프라졸마그네슘삼수화물,EsomeprazoleMagnesiumTrihydrate,[M092321]에스오메프라졸마그네슘삼수화물/[M092321]에스오메프라졸마그네슘삼수화물
[M089840]미졸라스틴,단일,-,항히스타민제,말초혈관경련|사지허혈|감각이상등,-,Mizolastine,D000719,D000628,록시스로마이신,Roxithromycin,[M082720]록시스로마이신
[M085529]이오파미돌,단일,-,X선조영제,급성신부전,-,Iopamidol,D000267,D000718,메트포르민염산염,MetforminHydrochloride,[M281639]엠파글리플로진L-프롤린/[M244179]메트포르민염산염
[M085529]이오파미돌/[M085529]이오파미돌,단일,-,X선조영제,급성신부전,-,Iopamidol,D000267,D000718,메트포르민염산염,MetforminHydrochloride,[M281639]엠파글리플로진L-프롤린/[M244179]메트포르민염산염
[M085529]이오파미돌/[M085529]이오파미돌,단일,-,X선조영제,급성신부전,-,Iopamidol,D000267,D000718,메트포르민염산염,MetforminHydrochloride,[M223014]메트포르민염산염/[M255019]로베글리타존황산염
[M222885]케토롤락트로메타민염,단일,-,해열.진통.소염제,중증의위장관계이상반응,-,KetorolacTromethamine,D000274,D000982,나프록센,Naproxen,[M050116]나프록센/[M259375]에스오메프라졸마그네슘이수화물
[M070676]발프로산나트륨,복합,[D000536]SodiumValproate(발프로산나트륨),항전간제,간질발작재발,-,SodiumValproate,D000535,D000757,이미페넴수화물,ImipenemHydrate,[M222879]이미페넴수화물/[M095530]실라스타틴나트륨
[M262752]소포스부비르/[M262910]레디파스비르,복합,[D001071]Sofosbuvir(소포스부비르),기타의화학요법제,레디파스비르및소포스부비르혈장농도를현저히떨어뜨려이약의치료효과를감소시킬수있음,-,Ledipasvir,D001072,D000314,리팜피신,Rifampicin,[M020042]리팜피신/[M223170]이소니아지드/[M040746]피라진아미드/[M223143]에탐부톨염산염
[M070676]발프로산나트륨/[M083547]발프로산,복합,[D000536]SodiumValproate(발프로산나트륨),항전간제,간질발작재발,-,SodiumValproate,D000535,D000757,이미페넴수화물,ImipenemHydrate,[M222879]이미페넴수화물/[M095530]실라스타틴나트륨
[M082087]디발프로엑스나트륨,단일,-,항전간제,간질발작재발,-,DivalproexSodium,D000535,D000757,이미페넴수화물,ImipenemHydrate,[M222879]이미페넴수화물/[M095530]실라스타틴나트륨
[M090172]발프로산마그네슘,단일,-,항전간제,간질발작재발,-,MagnesiumValproate,D000535,D000757,이미페넴수화물,ImipenemHydrate,[M222879]이미페넴수화물/[M095530]실라스타틴나트륨
[M236272]에트라비린,단일,-,기타의화학요법제,에트라비린의혈중농도가감소하여치료효과감소혹은내성발현,-,Etravirine,D000036,D000314,리팜피신,Rifampicin,[M020042]리팜피신/[M020042]리팜피신
[M083547]발프로산,단일,-,항전간제,간질발작재발,-,ValproicAcid,D000535,D000757,이미페넴수화물,ImipenemHydrate,[M222879]이미페넴수화물/[M095530]실라스타틴나트륨
[M085529]이오파미돌,단일,-,X선조영제,급성신부전,-,Iopamidol,D000267,D000718,메트포르민염산염,MetforminHydrochloride,[M268403]다파글리플로진무수유당혼합물/[M244179]메트포르민염산염
[M085529]이오파미돌/[M085529]이오파미돌,단일,-,X선조영제,급성신부전,-,Iopamidol,D000267,D000718,메트포르민염산염,MetforminHydrochloride,[M268403]다파글리플로진무수유당혼합물/[M244179]메트포르민염산염
[M223358]히드록시진염산염,단일,-,정신신경용제,심부정맥위험증가가능,-,HydroxyzineHydrochloride,D000114,D000430,목시플록사신,Moxifloxacin,[M247929]목시플록사신
[M223358]히드록시진염산염,단일,-,정신신경용제,심부정맥위험증가가능,-,HydroxyzineHydrochloride,D000114,D000430,목시플록사신염산염,MoxifloxacinHydrochloride,[M247915]목시플록사신염산염
[M262752]소포스부비르/[M262910]레디파스비르,복합,[D001071]Sofosbuvir(소포스부비르),기타의화학요법제,로수바스타틴농도를현저하게증가시킬수있으며|이는횡문근융해증을포함하여근육병증의위험증가,-,Ledipasvir,D001072,D000219,로수바스타틴칼슘(미분화),RosuvastatinCalciumMicronized,[M270546]로수바스타틴칼슘(미분화)
[M253921]릴피비린염산염,단일,-,기타의화학요법제,위장pH의증가로릴피비린의흡수가저하되어릴피비린의치료효과감소,-,RilpivirineHydrochloride,D000225,D000204,라베프라졸나트륨,RabeprazoleSodium,[M207094]탄산수소나트륨/[M089852]라베프라졸나트륨
[M020042]리팜피신,단일,-,주로항산성균에작용하는것,nifedipine의혈장농도저하,-,Rifampicin,D000314,D000197,니페디핀,Nifedipine,[M050164]니페디핀
[M081091]돔페리돈/[M081091]돔페리돈,단일,-,기타의소화기관용약,QTc연장효과증대로심각한위험(TorsadedePointes|심각한심실성부정맥포함)가능성,-,Domperidone,D000297,D000724,비칼루타미드,Bicalutamide,[M259016]비칼루타미드
[M222961]돔페리돈말레산염/[M222961]돔페리돈말레산염/[M222961]돔페리돈말레산염,단일,-,기타의소화기관용약,QTc연장효과증대로심각한위험(TorsadedePointes|심각한심실성부정맥포함)가능성,-,DomperidoneMaleate,D000297,D000724,비칼루타미드,Bicalutamide,[M259016]비칼루타미드
[M085595]말레인산돔페리돈,단일,-,기타의소화기관용약,QTc연장효과증대로심각한위험(TorsadedePointes|심각한심실성부정맥포함)가능성,-,DomperidoneMaleate,D000297,D000724,비칼루타미드,Bicalutamide,[M259016]비칼루타미드
[M085595]말레인산돔페리돈/[M222961]돔페리돈말레산염,단일,-,기타의소화기관용약,QTc연장효과증대로심각한위험(TorsadedePointes|심각한심실성부정맥포함)가능성,-,DomperidoneMaleate,D000297,D000724,비칼루타미드,Bicalutamide,[M259016]비칼루타미드
[M097492]에제티미브/[M089710]심바스타틴,복합,[D000350]Ezetimibe(에제티미브),동맥경화용제,근육병증의위험증가가능,-,Simvastatin,D000027,D000373,클래리트로마이신,Clarithromycin,[M223198]클래리트로마이신/[M223198]클래리트로마이신
[M097492]에제티미브/[M089710]심바스타틴/[M097492]에제티미브/[M089710]심바스타틴,복합,[D000350]Ezetimibe(에제티미브),동맥경화용제,근육병증의위험증가가능,-,Simvastatin,D000027,D000373,클래리트로마이신,Clarithromycin,[M223198]클래리트로마이신/[M223198]클래리트로마이신
[M089710]심바스타틴/[M097492]에제티미브,복합,[D000350]Ezetimibe(에제티미브),동맥경화용제,근육병증의위험증가가능,-,Simvastatin,D000027,D000373,클래리트로마이신,Clarithromycin,[M223198]클래리트로마이신/[M223198]클래리트로마이신
[M245775]이바브라딘염산염,단일,-,기타의순환계용약,이바브라딘의혈중농도증가,-,IvabradineHydrochloride,D000571,D000373,클래리트로마이신,Clarithromycin,[M223198]클래리트로마이신/[M223198]클래리트로마이신
[M223126]에르고타민타르타르산염/[M223183]카페인무수물,복합,[D001266]AnhydrousCaffeine(카페인무수물),해열.진통.소염제,맥각독성(혈관경련|말단및기타조직허혈),-,ErgotamineTartrate,D000747,D000373,클래리트로마이신,Clarithromycin,[M223198]클래리트로마이신/[M223198]클래리트로마이신
[M080618]케토코나졸/[M080618]케토코나졸,단일,-,항원충제,효소유도로인한ketoconazole의혈중농도저하,-,Ketoconazole,D000769,D000314,리팜피신,Rifampicin,[M020042]리팜피신/[M223170]이소니아지드/[M040746]피라진아미드/[M223143]에탐부톨염산염
[M070676]발프로산나트륨,단일,-,항전간제,간질발작재발,-,SodiumValproate,D000535,D000122,메로페넴수화물,MeropenemHydrate,[M249596]메로페넴수화물
[M082087]디발프로엑스나트륨,단일,-,항전간제,간질발작재발,-,DivalproexSodium,D000535,D000122,메로페넴수화물,MeropenemHydrate,[M249596]메로페넴수화물
[M070676]발프로산나트륨/[M083547]발프로산,단일,-,항전간제,간질발작재발,-,SodiumValproate,D000535,D000122,메로페넴수화물,MeropenemHydrate,[M249596]메로페넴수화물
[M083547]발프로산,단일,-,항전간제,간질발작재발,-,ValproicAcid,D000535,D000122,메로페넴수화물,MeropenemHydrate,[M249596]메로페넴수화물
[M090172]발프로산마그네슘,단일,-,항전간제,간질발작재발,-,MagnesiumValproate,D000535,D000122,메로페넴수화물,MeropenemHydrate,[M249596]메로페넴수화물
[M222961]돔페리돈말레산염/[M222961]돔페리돈말레산염,단일,-,기타의소화기관용약,QTc연장효과증대로심각한위험(TorsadedePointes|심각한심실성부정맥포함)가능성,-,DomperidoneMaleate,D000297,D000724,비칼루타미드,Bicalutamide,[M259016]비칼루타미드
[M081091]돔페리돈,단일,-,기타의소화기관용약,QTc연장효과증대로심각한위험(TorsadedePointes|심각한심실성부정맥포함)가능성,-,Domperidone,D000297,D000724,비칼루타미드,Bicalutamide,[M259016]비칼루타미드
[M222961]돔페리돈말레산염,단일,-,기타의소화기관용약,QTc연장효과증대로심각한위험(TorsadedePointes|심각한심실성부정맥포함)가능성,-,DomperidoneMaleate,D000297,D000724,비칼루타미드,Bicalutamide,[M259016]비칼루타미드
[M089710]심바스타틴,단일,-,동맥경화용제,근병증|횡문근융해의위험증가,-,Simvastatin,D000027,D000373,클래리트로마이신,Clarithromycin,[M223198]클래리트로마이신/[M223198]클래리트로마이신
[M020042]리팜피신/[M223170]이소니아지드/[M040746]피라진아미드/[M223143]에탐부톨염산염,단일,-,주로항산성균에작용하는것,nifedipine의혈장농도저하,-,Rifampicin,D000314,D000197,니페디핀,Nifedipine,[M050164]니페디핀
[M020042]리팜피신/[M020042]리팜피신,단일,-,주로항산성균에작용하는것,nifedipine의혈장농도저하,-,Rifampicin,D000314,D000197,니페디핀,Nifedipine,[M050164]니페디핀
[M020042]리팜피신/[M020042]리팜피신/[M020042]리팜피신/[M020042]리팜피신/[M020042]리팜피신,단일,-,주로항산성균에작용하는것,nifedipine의혈장농도저하,-,Rifampicin,D000314,D000197,니페디핀,Nifedipine,[M050164]니페디핀
[M223126]에르고타민타르타르산염/[M223183]카페인무수물,복합,[D001266]AnhydrousCaffeine(카페인무수물),해열.진통.소염제,맥각독성(혈관경련|말단및기타조직허혈),-,ErgotamineTartrate,D000747,D000628,록시스로마이신,Roxithromycin,[M082720]록시스로마이신
[M089710]심바스타틴/[M089710]심바스타틴,단일,-,동맥경화용제,근병증|횡문근융해의위험증가,-,Simvastatin,D000027,D000373,클래리트로마이신,Clarithromycin,[M223198]클래리트로마이신/[M223198]클래리트로마이신
[M253921]릴피비린염산염,단일,-,기타의화학요법제,릴피비린의혈중농도가감소하여치료효과감소혹은내성발현,-,RilpivirineHydrochloride,D000225,D000314,리팜피신,Rifampicin,[M020042]리팜피신/[M223170]이소니아지드/[M040746]피라진아미드/[M223143]에탐부톨염산염
[M051617]트레티노인,단일,-,기생성피부질환용제,두개내고혈압,-,Tretinoin,D000488,D000503,독시사이클린하이클레이트수화물,DoxycyclineHyclateHydrate,[M222960]독시사이클린하이클레이트수화물
[M051617]트레티노인/[M223129]에리트로마이신,단일,-,기생성피부질환용제,두개내고혈압,-,Tretinoin,D000488,D000503,독시사이클린하이클레이트수화물,DoxycyclineHyclateHydrate,[M222960]독시사이클린하이클레이트수화물
[M223129]에리트로마이신/[M051617]트레티노인,단일,-,기생성피부질환용제,두개내고혈압,-,Tretinoin,D000488,D000503,독시사이클린하이클레이트수화물,DoxycyclineHyclateHydrate,[M222960]독시사이클린하이클레이트수화물
[M263856]팔보시클립,단일,-,항악성종양제,팔보시클립의혈장농도증가,-,Palbociclib,D001149,D000314,리팜피신,Rifampicin,[M020042]리팜피신/[M223170]이소니아지드/[M040746]피라진아미드/[M223143]에탐부톨염산염
[M262752]소포스부비르,단일,-,기타의화학요법제,소포스부비르혈장농도를현저히떨어트려소포스부비르의치료효과를감소시킬수있음,-,Sofosbuvir,D001071,D000314,리팜피신,Rifampicin,[M020042]리팜피신/[M223170]이소니아지드/[M040746]피라진아미드/[M223143]에탐부톨염산염
[M262752]소포스부비르/[M281345]벨파타스비르/[M282286]복실라프레비르,단일,-,기타의화학요법제,소포스부비르혈장농도를현저히떨어트려소포스부비르의치료효과를감소시킬수있음,-,Sofosbuvir,D001071,D000314,리팜피신,Rifampicin,[M020042]리팜피신/[M223170]이소니아지드/[M040746]피라진아미드/[M223143]에탐부톨염산염
[M262752]소포스부비르/[M281345]벨파타스비르,단일,-,기타의화학요법제,소포스부비르혈장농도를현저히떨어트려소포스부비르의치료효과를감소시킬수있음,-,Sofosbuvir,D001071,D000314,리팜피신,Rifampicin,[M020042]리팜피신/[M223170]이소니아지드/[M040746]피라진아미드/[M223143]에탐부톨염산염
[M085529]이오파미돌,단일,-,X선조영제,급성신부전,-,Iopamidol,D000267,D000718,메트포르민염산염,MetforminHydrochloride,[M268387]빌다글립틴염산염/[M244179]메트포르민염산염
[M080618]케토코나졸,단일,-,항원충제,효소유도로인한ketoconazole의혈중농도저하,-,Ketoconazole,D000769,D000314,리팜피신,Rifampicin,[M020042]리팜피신/[M223170]이소니아지드/[M040746]피라진아미드/[M223143]에탐부톨염산염
[M085595]말레인산돔페리돈/[M222961]돔페리돈말레산염,단일,-,기타의소화기관용약,QTc연장효과증대로심각한위험(TorsadedePointes|심각한심실성부정맥포함)가능성,-,DomperidoneMaleate,D000297,D000430,목시플록사신,Moxifloxacin,[M247929]목시플록사신
[M230909]실로도신,단일,-,기타의비뇨생식기관및항문용약,실로도신의혈중농도증가,-,Silodosin,D000342,D000373,클래리스로마이신,Clarithromycin,[M085725]클래리스로마이신
[M097492]에제티미브/[M089710]심바스타틴,단일,-,동맥경화용제,근병증|횡문근융해의위험증가,-,Simvastatin,D000027,D000373,클래리스로마이신,Clarithromycin,[M085725]클래리스로마이신
[M089710]심바스타틴,단일,-,동맥경화용제,근병증|횡문근융해의위험증가,-,Simvastatin,D000027,D000373,클래리스로마이신,Clarithromycin,[M085725]클래리스로마이신
[M089710]심바스타틴/[M089710]심바스타틴,단일,-,동맥경화용제,근병증|횡문근융해의위험증가,-,Simvastatin,D000027,D000373,클래리스로마이신,Clarithromycin,[M085725]클래리스로마이신
[M097492]에제티미브/[M089710]심바스타틴/[M097492]에제티미브/[M089710]심바스타틴,단일,-,동맥경화용제,근병증|횡문근융해의위험증가,-,Simvastatin,D000027,D000373,클래리스로마이신,Clarithromycin,[M085725]클래리스로마이신
[M222885]케토롤락트로메타민염,단일,-,해열.진통.소염제,중증의위장관계이상반응,-,KetorolacTromethamine,D000274,D000081,나부메톤,Nabumetone,[M084590]나부메톤/[M084590]나부메톤/[M084590]나부메톤
[M084703]케토롤락트로메타민,단일,-,해열.진통.소염제,중증의위장관계이상반응,-,KetorolacTromethamine,D000274,D000081,나부메톤,Nabumetone,[M084590]나부메톤/[M084590]나부메톤/[M084590]나부메톤
[M089710]심바스타틴/[M097492]에제티미브,단일,-,동맥경화용제,근병증|횡문근융해의위험증가,-,Simvastatin,D000027,D000373,클래리스로마이신,Clarithromycin,[M085725]클래리스로마이신
[M264048]피마사르탄칼륨삼수화물과립/[M215219]아토르바스타틴칼슘삼수화물,복합,[D000624]Fimasartan(피마사르탄),기타의순환계용약,근육병증|횡문근융해위험증가가능,-,AtorvastatinCalciumTrihydrate,D000455,D000334,사이클로스포린,Cyclosporine,[M085282]사이클로스포린/[M085282]사이클로스포린
[M263856]팔보시클립,단일,-,항악성종양제,팔보시클립의혈장농도증가,-,Palbociclib,D001149,D000443,보리코나졸,Voriconazole,[M102252]보리코나졸
[M264293]리바록사반(미분화),단일,-,혈액응고저지제,리바록사반의혈중농도가상승하여출혈위험증가,-,RivaroxabanMicronized,D000527,D000443,보리코나졸,Voriconazole,[M102252]보리코나졸
[M088960]이오헥솔,단일,-,X선조영제,기능적신부전에의해유산산성증촉진,-,Iohexol,D000669,D000718,메트포르민염산염,MetforminHydrochloride,[M268403]다파글리플로진무수유당혼합물/[M244179]메트포르민염산염
[M254091]리바록사반(미세화),단일,-,혈액응고저지제,리바록사반의혈중농도가상승하여출혈위험증가,-,RivaroxabanMicronized,D000527,D000443,보리코나졸,Voriconazole,[M102252]보리코나졸
[M040569]카르바마제핀,단일,-,항전간제,혈중농도가저하되어보리코나졸의약물효과감소,-,Carbamazepine,D000476,D000443,보리코나졸,Voriconazole,[M102252]보리코나졸
[M086785]이오비트리돌,단일,-,X선조영제,기능적신부전에의해유산산성증촉진,-,Iobitridol,D000760,D000718,메트포르민염산염,MetforminHydrochloride,[M268403]다파글리플로진무수유당혼합물/[M244179]메트포르민염산염
[M088268]이오메프롤,단일,-,X선조영제,기능적신부전에의해유산산성증촉진,-,Iomeprol,D000364,D000718,메트포르민염산염,MetforminHydrochloride,[M268403]다파글리플로진무수유당혼합물/[M244179]메트포르민염산염
[M222961]돔페리돈말레산염,단일,-,기타의소화기관용약,QTc연장효과증대로심각한위험(TorsadedePointes|심각한심실성부정맥포함)가능성,-,DomperidoneMaleate,D000297,D000430,목시플록사신,Moxifloxacin,[M247929]목시플록사신
[M081091]돔페리돈,단일,-,기타의소화기관용약,QTc연장효과증대로심각한위험(TorsadedePointes|심각한심실성부정맥포함)가능성,-,Domperidone,D000297,D000430,목시플록사신,Moxifloxacin,[M247929]목시플록사신
[M222961]돔페리돈말레산염/[M222961]돔페리돈말레산염,단일,-,기타의소화기관용약,QTc연장효과증대로심각한위험(TorsadedePointes|심각한심실성부정맥포함)가능성,-,DomperidoneMaleate,D000297,D000430,목시플록사신,Moxifloxacin,[M247929]목시플록사신
[M081091]돔페리돈/[M081091]돔페리돈,단일,-,기타의소화기관용약,QTc연장효과증대로심각한위험(TorsadedePointes|심각한심실성부정맥포함)가능성,-,Domperidone,D000297,D000430,목시플록사신,Moxifloxacin,[M247929]목시플록사신
[M222961]돔페리돈말레산염/[M222961]돔페리돈말레산염/[M222961]돔페리돈말레산염,단일,-,기타의소화기관용약,QTc연장효과증대로심각한위험(TorsadedePointes|심각한심실성부정맥포함)가능성,-,DomperidoneMaleate,D000297,D000430,목시플록사신,Moxifloxacin,[M247929]목시플록사신
[M252585]티카그렐러,단일,-,동맥경화용제,티카그렐러의혈중농도증가,-,Ticagrelor,D000385,D000373,클래리스로마이신,Clarithromycin,[M085725]클래리스로마이신
[M085595]말레인산돔페리돈/[M222961]돔페리돈말레산염,단일,-,기타의소화기관용약,QTc연장효과증대로심각한위험(TorsadedePointes|심각한심실성부정맥포함)가능성강력한CYP억제제가돔페리돈의대사를감소시켜|돔페리돈의영향(이상반응포함)증대가능성,-,DomperidoneMaleate,D000297,D000373,클래리스로마이신,Clarithromycin,[M085725]클래리스로마이신
[M085595]말레인산돔페리돈,단일,-,기타의소화기관용약,QTc연장효과증대로심각한위험(TorsadedePointes|심각한심실성부정맥포함)가능성강력한CYP억제제가돔페리돈의대사를감소시켜|돔페리돈의영향(이상반응포함)증대가능성,-,DomperidoneMaleate,D000297,D000373,클래리스로마이신,Clarithromycin,[M085725]클래리스로마이신
[M088268]이오메프롤,단일,-,X선조영제,기능적신부전에의해유산산성증촉진,-,Iomeprol,D000364,D000718,메트포르민염산염,MetforminHydrochloride,[M223014]메트포르민염산염/[M255019]로베글리타존황산염
[M051464]케토프로펜/[M051464]케토프로펜/[M051464]케토프로펜/[M051464]케토프로펜,단일,-,진통.진양.수렴.소염제,경련,-,Ketoprofen,D000672,D000142,시프로플록사신염산염,CiprofloxacinHydrochloride,[M242850]시프로플록사신염산염
[M223126]에르고타민타르타르산염/[M223183]카페인무수물,복합,[D000852]Caffeine(카페인),해열.진통.소염제,맥각독성(혈관경련|말단및기타조직허혈),24시간이내병용금기,ErgotamineTartrate,D000747,D000407,프로바트립탄숙신산염일수화물,FrovatriptanSuccinateMonohydrate,[M246494]프로바트립탄숙신산염일수화물
[M222885]케토롤락트로메타민염,단일,-,해열.진통.소염제,중증의위장관계이상반응,-,KetorolacTromethamine,D000274,D000982,나프록센,Naproxen,[M249554]에스오메프라졸/[M050116]나프록센
[M084703]케토롤락트로메타민,단일,-,해열.진통.소염제,중증의위장관계이상반응,-,KetorolacTromethamine,D000274,D000982,나프록센,Naproxen,[M249554]에스오메프라졸/[M050116]나프록센
[M088960]이오헥솔,단일,-,X선조영제,기능적신부전에의해유산산성증촉진,-,Iohexol,D000669,D000718,메트포르민염산염,MetforminHydrochloride,[M281639]엠파글리플로진L-프롤린/[M244179]메트포르민염산염
[M086785]이오비트리돌,단일,-,X선조영제,기능적신부전에의해유산산성증촉진,-,Iobitridol,D000760,D000718,메트포르민염산염,MetforminHydrochloride,[M281639]엠파글리플로진L-프롤린/[M244179]메트포르민염산염
[M088268]이오메프롤,단일,-,X선조영제,기능적신부전에의해유산산성증촉진,-,Iomeprol,D000364,D000718,메트포르민염산염,MetforminHydrochloride,[M281639]엠파글리플로진L-프롤린/[M244179]메트포르민염산염
[M086785]이오비트리돌,단일,-,X선조영제,기능적신부전에의해유산산성증촉진,-,Iobitridol,D000760,D000718,메트포르민염산염,MetforminHydrochloride,[M223014]메트포르민염산염/[M255019]로베글리타존황산염
[M089840]미졸라스틴,단일,-,항히스타민제,mizolastine의혈중농도상승,-,Mizolastine,D000719,D000426,메트로니다졸,Metronidazole,[M040170]메트로니다졸
[M222961]돔페리돈말레산염/[M222961]돔페리돈말레산염/[M222961]돔페리돈말레산염,단일,-,기타의소화기관용약,QTc연장효과증대로심각한위험(TorsadedePointes|심각한심실성부정맥포함)가능성강력한CYP억제제가돔페리돈의대사를감소시켜|돔페리돈의영향(이상반응포함)증대가능성,-,DomperidoneMaleate,D000297,D000373,클래리스로마이신,Clarithromycin,[M085725]클래리스로마이신
[M089840]미졸라스틴,단일,-,항히스타민제,mizolastine의혈중농도상승,-,Mizolastine,D000719,D000426,메트로니다졸,Metronidazole,[M040170]메트로니다졸/[M040170]메트로니다졸
[M083726]옥사토마이드,단일,-,항히스타민제,항콜린작용증가,-,Oxatomide,D000261,D000656,아트로핀황산염,AtropineSulfate,[M110023]아트로핀황산염
[M222885]케토롤락트로메타민염,단일,-,해열.진통.소염제,중증의위장관계이상반응,-,KetorolacTromethamine,D000274,D000739,아세클로페낙,Aceclofenac,[M232172]에페리손염산염/[M040359]아세클로페낙
[M084703]케토롤락트로메타민,단일,-,해열.진통.소염제,중증의위장관계이상반응,-,KetorolacTromethamine,D000274,D000739,아세클로페낙,Aceclofenac,[M232172]에페리손염산염/[M040359]아세클로페낙
[M252922]톨밥탄분무건조분말,단일,-,기타의순환계용약,톨밥탄의혈중농도증가,-,TolvaptanSprayDryPowder,D000487,D000373,클래리스로마이신,Clarithromycin,[M085725]클래리스로마이신
[M222961]돔페리돈말레산염,단일,-,기타의소화기관용약,QTc연장효과증대로심각한위험(TorsadedePointes|심각한심실성부정맥포함)가능성강력한CYP억제제가돔페리돈의대사를감소시켜|돔페리돈의영향(이상반응포함)증대가능성,-,DomperidoneMaleate,D000297,D000373,클래리스로마이신,Clarithromycin,[M085725]클래리스로마이신
[M081091]돔페리돈,단일,-,기타의소화기관용약,QTc연장효과증대로심각한위험(TorsadedePointes|심각한심실성부정맥포함)가능성강력한CYP억제제가돔페리돈의대사를감소시켜|돔페리돈의영향(이상반응포함)증대가능성,-,Domperidone,D000297,D000373,클래리스로마이신,Clarithromycin,[M085725]클래리스로마이신
[M262752]소포스부비르/[M262910]레디파스비르,복합,[D001071]Sofosbuvir(소포스부비르),기타의화학요법제,로수바스타틴농도를현저하게증가시킬수있으며|이는횡문근융해증을포함하여근육병증의위험증가,-,Ledipasvir,D001072,D000219,로수바스타틴칼슘,RosuvastatinCalcium,[M095744]로수바스타틴칼슘/[M095744]로수바스타틴칼슘/[M097492]에제티미브
[M222961]돔페리돈말레산염/[M222961]돔페리돈말레산염,단일,-,기타의소화기관용약,QTc연장효과증대로심각한위험(TorsadedePointes|심각한심실성부정맥포함)가능성강력한CYP억제제가돔페리돈의대사를감소시켜|돔페리돈의영향(이상반응포함)증대가능성,-,DomperidoneMaleate,D000297,D000373,클래리스로마이신,Clarithromycin,[M085725]클래리스로마이신
[M081091]돔페리돈/[M081091]돔페리돈,단일,-,기타의소화기관용약,QTc연장효과증대로심각한위험(TorsadedePointes|심각한심실성부정맥포함)가능성강력한CYP억제제가돔페리돈의대사를감소시켜|돔페리돈의영향(이상반응포함)증대가능성,-,Domperidone,D000297,D000373,클래리스로마이신,Clarithromycin,[M085725]클래리스로마이신
[M085595]말레인산돔페리돈,단일,-,기타의소화기관용약,QTc연장효과증대로심각한위험(TorsadedePointes|심각한심실성부정맥포함)가능성,-,DomperidoneMaleate,D000297,D000430,목시플록사신,Moxifloxacin,[M247929]목시플록사신
[M088960]이오헥솔,단일,-,X선조영제,기능적신부전에의해유산산성증촉진,-,Iohexol,D000669,D000718,메트포르민염산염,MetforminHydrochloride,[M223014]메트포르민염산염/[M255019]로베글리타존황산염
[M222961]돔페리돈말레산염,단일,-,기타의소화기관용약,QTc연장효과증대로심각한위험(TorsadedePointes|심각한심실성부정맥포함)가능성,-,DomperidoneMaleate,D000297,D000430,목시플록사신염산염,MoxifloxacinHydrochloride,[M247915]목시플록사신염산염
[M245775]이바브라딘염산염,단일,-,기타의순환계용약,이바브라딘의혈중농도증가,-,IvabradineHydrochloride,D000571,D000373,클래리스로마이신,Clarithromycin,[M085725]클래리스로마이신
[M223126]에르고타민타르타르산염/[M223183]카페인무수물,복합,[D001266]AnhydrousCaffeine(카페인무수물),해열.진통.소염제,맥각독성(혈관경련|말단및기타조직허혈),-,ErgotamineTartrate,D000747,D000373,클래리스로마이신,Clarithromycin,[M085725]클래리스로마이신
[M222961]돔페리돈말레산염,단일,-,기타의소화기관용약,QTc연장효과증대로심각한위험(TorsadedePointes|심각한심실성부정맥포함)가능성,-,DomperidoneMaleate,D000297,D000142,시프로플록사신염산염,CiprofloxacinHydrochloride,[M242850]시프로플록사신염산염
[M081091]돔페리돈,단일,-,기타의소화기관용약,QTc연장효과증대로심각한위험(TorsadedePointes|심각한심실성부정맥포함)가능성,-,Domperidone,D000297,D000142,시프로플록사신염산염,CiprofloxacinHydrochloride,[M242850]시프로플록사신염산염
[M222961]돔페리돈말레산염/[M222961]돔페리돈말레산염,단일,-,기타의소화기관용약,QTc연장효과증대로심각한위험(TorsadedePointes|심각한심실성부정맥포함)가능성,-,DomperidoneMaleate,D000297,D000142,시프로플록사신염산염,CiprofloxacinHydrochloride,[M242850]시프로플록사신염산염
[M081091]돔페리돈/[M081091]돔페리돈,단일,-,기타의소화기관용약,QTc연장효과증대로심각한위험(TorsadedePointes|심각한심실성부정맥포함)가능성,-,Domperidone,D000297,D000142,시프로플록사신염산염,CiprofloxacinHydrochloride,[M242850]시프로플록사신염산염
[M222961]돔페리돈말레산염/[M222961]돔페리돈말레산염/[M222961]돔페리돈말레산염,단일,-,기타의소화기관용약,QTc연장효과증대로심각한위험(TorsadedePointes|심각한심실성부정맥포함)가능성,-,DomperidoneMaleate,D000297,D000142,시프로플록사신염산염,CiprofloxacinHydrochloride,[M242850]시프로플록사신염산염
[M085595]말레인산돔페리돈,단일,-,기타의소화기관용약,QTc연장효과증대로심각한위험(TorsadedePointes|심각한심실성부정맥포함)가능성,-,DomperidoneMaleate,D000297,D000142,시프로플록사신염산염,CiprofloxacinHydrochloride,[M242850]시프로플록사신염산염
[M085595]말레인산돔페리돈/[M222961]돔페리돈말레산염,단일,-,기타의소화기관용약,QTc연장효과증대로심각한위험(TorsadedePointes|심각한심실성부정맥포함)가능성,-,DomperidoneMaleate,D000297,D000142,시프로플록사신염산염,CiprofloxacinHydrochloride,[M242850]시프로플록사신염산염
[M248019]티자니딘염산염,단일,-,골격근이완제,저혈압에의해졸음|현기증및정신운동능력감소,-,TizanidineHydrochloride,D000187,D000142,시프로플록사신염산염,CiprofloxacinHydrochloride,[M242850]시프로플록사신염산염
[M083714]염산티자니딘,단일,-,진경제,저혈압에의해졸음|현기증및정신운동능력감소,-,TizanidineHydrochloride,D000187,D000142,시프로플록사신염산염,CiprofloxacinHydrochloride,[M242850]시프로플록사신염산염
[M051464]케토프로펜,단일,-,진통.진양.수렴.소염제,경련,-,Ketoprofen,D000672,D000142,시프로플록사신염산염,CiprofloxacinHydrochloride,[M242850]시프로플록사신염산염
[M081361]케토프로펜리신,단일,-,해열.진통.소염제,경련,-,KetoprofenLysin,D000672,D000142,시프로플록사신염산염,CiprofloxacinHydrochloride,[M242850]시프로플록사신염산염
[M051464]케토프로펜/[M051464]케토프로펜/[M051464]케토프로펜/[M051464]케토프로펜/[M051464]케토프로펜/[M051464]케토프로펜/[M051464]케토프로펜/[M051464]케토프로펜/[M051464]케토프로펜/[M051464]케토프로펜/[M051464]케토프로펜/[M051464]케토프로펜,단일,-,진통.진양.수렴.소염제,경련,-,Ketoprofen,D000672,D000142,시프로플록사신염산염,CiprofloxacinHydrochloride,[M242850]시프로플록사신염산염
[M051464]케토프로펜/[M051464]케토프로펜/[M051464]케토프로펜/[M051464]케토프로펜/[M051464]케토프로펜/[M051464]케토프로펜,단일,-,진통.진양.수렴.소염제,경련,-,Ketoprofen,D000672,D000142,시프로플록사신염산염,CiprofloxacinHydrochloride,[M242850]시프로플록사신염산염
[M081091]돔페리돈,단일,-,기타의소화기관용약,QTc연장효과증대로심각한위험(TorsadedePointes|심각한심실성부정맥포함)가능성,-,Domperidone,D000297,D000430,목시플록사신염산염,MoxifloxacinHydrochloride,[M247915]목시플록사신염산염
[M051464]케토프로펜/[M051464]케토프로펜/[M051464]케토프로펜,단일,-,진통.진양.수렴.소염제,경련,-,Ketoprofen,D000672,D000142,시프로플록사신염산염,CiprofloxacinHydrochloride,[M242850]시프로플록사신염산염
[M051464]케토프로펜/[M051464]케토프로펜/[M051464]케토프로펜/[M051464]케토프로펜/[M051464]케토프로펜/[M051464]케토프로펜/[M051464]케토프로펜/[M051464]케토프로펜,단일,-,진통.진양.수렴.소염제,경련,-,Ketoprofen,D000672,D000142,시프로플록사신염산염,CiprofloxacinHydrochloride,[M242850]시프로플록사신염산염
[M051464]케토프로펜/[M051464]케토프로펜,단일,-,진통.진양.수렴.소염제,경련,-,Ketoprofen,D000672,D000142,시프로플록사신염산염,CiprofloxacinHydrochloride,[M242850]시프로플록사신염산염
[M099457]툴로부테롤,단일,-,진해거담제,부정맥또는심정지,소생등의응급상황제외,Tulobuterol,D000185,D000082,노르에피네프린타르타르산염수화물,NorepinephrineTartrateHydrate,[M252333]노르에피네프린타르타르산염수화물/[M252333]노르에피네프린타르타르산염수화물
[M085595]말레인산돔페리돈,단일,-,기타의소화기관용약,QTc연장효과증대로심각한위험(TorsadedePointes|심각한심실성부정맥포함)가능성,-,DomperidoneMaleate,D000297,D000430,목시플록사신염산염,MoxifloxacinHydrochloride,[M247915]목시플록사신염산염
[M081091]돔페리돈/[M081091]돔페리돈,단일,-,기타의소화기관용약,QTc연장효과증대로심각한위험(TorsadedePointes|심각한심실성부정맥포함)가능성,-,Domperidone,D000297,D000430,목시플록사신염산염,MoxifloxacinHydrochloride,[M247915]목시플록사신염산염
[M085595]말레인산돔페리돈/[M222961]돔페리돈말레산염,단일,-,기타의소화기관용약,QTc연장효과증대로심각한위험(TorsadedePointes|심각한심실성부정맥포함)가능성,-,DomperidoneMaleate,D000297,D000430,목시플록사신염산염,MoxifloxacinHydrochloride,[M247915]목시플록사신염산염
[M222961]돔페리돈말레산염/[M222961]돔페리돈말레산염,단일,-,기타의소화기관용약,QTc연장효과증대로심각한위험(TorsadedePointes|심각한심실성부정맥포함)가능성,-,DomperidoneMaleate,D000297,D000430,목시플록사신염산염,MoxifloxacinHydrochloride,[M247915]목시플록사신염산염
[M081091]돔페리돈,단일,-,기타의소화기관용약,QTc연장효과증대로심각한위험(TorsadedePointes|심각한심실성부정맥포함)가능성,-,Domperidone,D000297,D000742,아지트로마이신,Azithromycin,[M222871]아지트로마이신
[M222961]돔페리돈말레산염/[M222961]돔페리돈말레산염,단일,-,기타의소화기관용약,QTc연장효과증대로심각한위험(TorsadedePointes|심각한심실성부정맥포함)가능성,-,DomperidoneMaleate,D000297,D000742,아지트로마이신,Azithromycin,[M222871]아지트로마이신
[M081091]돔페리돈/[M081091]돔페리돈,단일,-,기타의소화기관용약,QTc연장효과증대로심각한위험(TorsadedePointes|심각한심실성부정맥포함)가능성,-,Domperidone,D000297,D000742,아지트로마이신,Azithromycin,[M222871]아지트로마이신
[M222961]돔페리돈말레산염/[M222961]돔페리돈말레산염/[M222961]돔페리돈말레산염,단일,-,기타의소화기관용약,QTc연장효과증대로심각한위험(TorsadedePointes|심각한심실성부정맥포함)가능성,-,DomperidoneMaleate,D000297,D000742,아지트로마이신,Azithromycin,[M222871]아지트로마이신
[M085595]말레인산돔페리돈,단일,-,기타의소화기관용약,QTc연장효과증대로심각한위험(TorsadedePointes|심각한심실성부정맥포함)가능성,-,DomperidoneMaleate,D000297,D000742,아지트로마이신,Azithromycin,[M222871]아지트로마이신
[M085595]말레인산돔페리돈/[M222961]돔페리돈말레산염,단일,-,기타의소화기관용약,QTc연장효과증대로심각한위험(TorsadedePointes|심각한심실성부정맥포함)가능성,-,DomperidoneMaleate,D000297,D000742,아지트로마이신,Azithromycin,[M222871]아지트로마이신
[M222961]돔페리돈말레산염,단일,-,기타의소화기관용약,QTc연장효과증대로심각한위험(TorsadedePointes|심각한심실성부정맥포함)가능성,-,DomperidoneMaleate,D000297,D000742,아지트로마이신,Azithromycin,[M222871]아지트로마이신
[M222961]돔페리돈말레산염/[M222961]돔페리돈말레산염/[M222961]돔페리돈말레산염,단일,-,기타의소화기관용약,QTc연장효과증대로심각한위험(TorsadedePointes|심각한심실성부정맥포함)가능성,-,DomperidoneMaleate,D000297,D000430,목시플록사신염산염,MoxifloxacinHydrochloride,[M247915]목시플록사신염산염
[M099457]툴로부테롤/[M099457]툴로부테롤,단일,-,진해거담제,부정맥또는심정지,소생등의응급상황제외,Tulobuterol,D000185,D000082,노르에피네프린타르타르산염수화물,NorepinephrineTartrateHydrate,[M252333]노르에피네프린타르타르산염수화물/[M252333]노르에피네프린타르타르산염수화물
[M253921]릴피비린염산염,단일,-,기타의화학요법제,릴피비린의혈중농도가감소하여치료효과감소혹은내성발현,-,RilpivirineHydrochloride,D000225,D000314,리팜피신,Rifampicin,[M020042]리팜피신
[M262752]소포스부비르/[M281345]벨파타스비르,단일,-,기타의화학요법제,소포스부비르혈장농도를현저히떨어트려소포스부비르의치료효과를감소시킬수있음,-,Sofosbuvir,D001071,D000314,리팜피신,Rifampicin,[M020042]리팜피신
[M262752]소포스부비르/[M281345]벨파타스비르/[M282286]복실라프레비르,단일,-,기타의화학요법제,소포스부비르혈장농도를현저히떨어트려소포스부비르의치료효과를감소시킬수있음,-,Sofosbuvir,D001071,D000314,리팜피신,Rifampicin,[M020042]리팜피신
[M262752]소포스부비르,단일,-,기타의화학요법제,소포스부비르혈장농도를현저히떨어트려소포스부비르의치료효과를감소시킬수있음,-,Sofosbuvir,D001071,D000314,리팜피신,Rifampicin,[M020042]리팜피신
[M263856]팔보시클립,단일,-,항악성종양제,팔보시클립의혈장농도증가,-,Palbociclib,D001149,D000314,리팜피신,Rifampicin,[M020042]리팜피신
[M222898]페노테롤브롬화수소산염,단일,-,진해거담제,부정맥또는심정지,소생등의응급상황제외,FenoterolHydrobromide,D000070,D000082,노르에피네프린타르타르산염수화물,NorepinephrineTartrateHydrate,[M252333]노르에피네프린타르타르산염수화물/[M252333]노르에피네프린타르타르산염수화물
[M050302]디프로필린/[M050468]염산메톡시페나민/[M223211]클로르페니라민말레산염/[M040059]노스카핀,단일,-,진해거담제,부정맥또는심정지,소생등의응급상황제외,MethoxyphenamineHydrochloride,D000125,D000082,노르에피네프린타르타르산염수화물,NorepinephrineTartrateHydrate,[M252333]노르에피네프린타르타르산염수화물/[M252333]노르에피네프린타르타르산염수화물
[M088268]이오메프롤,단일,-,-,기능적신부전에의해유산산성증촉진,48시간이내병용금기,Iomeprol,D000364,D000718,메트포르민,Metformin,[A110293]에르투글리플로진L-피로글루탐산/[M201260]염산메트포민/[M214651]염산메트포르민/[M223014]메트포르민염산염/[M244179]메트포르민염산염/[M255741]메트포르민아세트산염/[M263864]메트포르민/[M266682]메트포르민염산염콜로이드성이산화규소/[M268102]에르투글리플로진L-피로글루탐산/[M272715]미분화에르투글리플로진L-피로글루탐산
[M088268]이오메프롤,단일,-,-,기능적신부전에의해유산산성증촉진,48시간이내병용금기,Iomeprol,D000364,D000718,메트포르민,Metformin,[M201260]염산메트포민/[M214651]염산메트포르민/[M223014]메트포르민염산염/[M244179]메트포르민염산염/[M252996]리나글립틴/[M255741]메트포르민아세트산염/[M263864]메트포르민/[M266682]메트포르민염산염콜로이드성이산화규소
[M088268]이오메프롤,단일,-,-,기능적신부전에의해유산산성증촉진,48시간이내병용금기,Iomeprol,D000364,D000718,메트포르민,Metformin,[M099438]글리클라짓/[M201260]염산메트포민/[M214651]염산메트포르민/[M222831]글리클라지드/[M223014]메트포르민염산염/[M244179]메트포르민염산염/[M255741]메트포르민아세트산염/[M258015]글리크라짓/[M263864]메트포르민/[M266682]메트포르민염산염콜로이드성이산화규소
[M088268]이오메프롤,단일,-,-,기능적신부전에의해유산산성증촉진,48시간이내병용금기,Iomeprol,D000364,D000718,메트포르민,Metformin,[M201260]염산메트포민/[M214651]염산메트포르민/[M223014]메트포르민염산염/[M244179]메트포르민염산염/[M255741]메트포르민아세트산염/[M262875]에보글립틴타르타르산염/[M263350]에보글립틴타르타르산염/[M263864]메트포르민/[M266682]메트포르민염산염콜로이드성이산화규소
[M088268]이오메프롤,단일,-,-,기능적신부전에의해유산산성증촉진,48시간이내병용금기,Iomeprol,D000364,D000718,메트포르민,Metformin,[M092005]염산피오글리타존/[M201260]염산메트포민/[M214651]염산메트포르민/[M223014]메트포르민염산염/[M235069]피오글리타존염산염/[M244179]메트포르민염산염/[M255741]메트포르민아세트산염/[M260948]피오글리타존염/[M263864]메트포르민/[M266682]메트포르민염산염콜로이드성이산화규소
[M088268]이오메프롤,단일,-,-,기능적신부전에의해유산산성증촉진,48시간이내병용금기,Iomeprol,D000364,D000718,메트포르민,Metformin,[M201260]염산메트포민/[M214651]염산메트포르민/[M221584]빌다글립틴/[M223014]메트포르민염산염/[M244179]메트포르민염산염/[M255741]메트포르민아세트산염/[M262420]빌다글립틴(미분화)/[M263864]메트포르민/[M266682]메트포르민염산염콜로이드성이산화규소
[M088268]이오메프롤,단일,-,-,기능적신부전에의해유산산성증촉진,48시간이내병용금기,Iomeprol,D000364,D000718,메트포르민,Metformin,[M095744]로수바스타틴칼슘/[M201260]염산메트포민/[M214651]염산메트포르민/[M223014]메트포르민염산염/[M244179]메트포르민염산염/[M255741]메트포르민아세트산염/[M258559]로수바스타틴칼슘염/[M263864]메트포르민/[M266682]메트포르민염산염콜로이드성이산화규소/[M270546]로수바스타틴칼슘(미분화)
[M088268]이오메프롤,단일,-,-,기능적신부전에의해유산산성증촉진,48시간이내병용금기,Iomeprol,D000364,D000718,메트포르민,Metformin,[M088889]레파글리니드/[M201260]염산메트포민/[M214651]염산메트포르민/[M223014]메트포르민염산염/[M244179]메트포르민염산염/[M255741]메트포르민아세트산염/[M263864]메트포르민/[M266682]메트포르민염산염콜로이드성이산화규소
[M088268]이오메프롤,단일,-,-,기능적신부전에의해유산산성증촉진,48시간이내병용금기,Iomeprol,D000364,D000718,메트포르민,Metformin,[M086024]글리메피리드/[M201260]염산메트포민/[M214651]염산메트포르민/[M223014]메트포르민염산염/[M244179]메트포르민염산염/[M255741]메트포르민아세트산염/[M263864]메트포르민/[M266682]메트포르민염산염콜로이드성이산화규소
[M088268]이오메프롤,단일,-,-,기능적신부전에의해유산산성증촉진,48시간이내병용금기,Iomeprol,D000364,D000718,메트포르민,Metformin,[M050102]글리벤클라미드/[M201260]염산메트포민/[M214651]염산메트포르민/[M223014]메트포르민염산염/[M244179]메트포르민염산염/[M255741]메트포르민아세트산염/[M263864]메트포르민/[M266682]메트포르민염산염콜로이드성이산화규소
[M088960]이오헥솔,단일,-,-,기능적신부전에의해유산산성증촉진,48시간이내병용금기,Iohexol,D000669,D000718,메트포르민,Metformin,[M201260]염산메트포민/[M214651]염산메트포르민/[M223014]메트포르민염산염/[M244179]메트포르민염산염/[M254878]제미글립틴타르타르산염1.5수화물/[M255741]메트포르민아세트산염/[M263103]제미글립틴타르타르산염1.5수하물/[M263864]메트포르민/[M266682]메트포르민염산염콜로이드성이산화규소
[M086785]이오비트리돌,단일,-,-,기능적신부전에의해유산산성증촉진,48시간이내병용금기,Iobitridol,D000760,D000718,메트포르민,Metformin,[M099438]글리클라짓/[M201260]염산메트포민/[M214651]염산메트포르민/[M222831]글리클라지드/[M223014]메트포르민염산염/[M244179]메트포르민염산염/[M255741]메트포르민아세트산염/[M258015]글리크라짓/[M263864]메트포르민/[M266682]메트포르민염산염콜로이드성이산화규소
[I004369]아토르바스타틴칼슘수화물/[M093499]아토르바스타틴칼슘/[M213543]무수아토르바스타틴칼슘/[M215219]아토르바스타틴칼슘삼수화물/[M218956]아토르바스타틴삼수화물/[M244955]아토르바스타틴스트론튬/[M247057]아토르바스타틴칼슘염무수물/[M251687]아토르바스타틴칼슘/[M256664]아토르바스타틴칼슘수화물/[M263837]아토르바스타틴,단일,-,-,혈중농도상승및근육병증/횡문근융해증위험성증가,-,Atorvastatin,D000455,D000334,사이클로스포린,Cyclosporine,[A005971]시클로스포린/[M040068]마이크로에멀젼용시클로스포린/[M085282]사이클로스포린/[M085565]시클로스포린
[A001163]테노포비르/[A005561]엘비테그라비르/[M250026]엠트리시타빈/[M256270]코비시스타트이산화규소,복합,[D000561]Elvitegravir(엘비테그라비르)/[D000665]Emtricitabine(엠트리시타빈)/[D000281]Tenofovir(테노포비르),-,Lovastatin혈중농도증가|횡문근융해를비롯한근육병증,-,Cobicistat,D000673,D000419,로바스타틴,Lovastatin,[M083392]로바스타틴
[A001163]테노포비르/[A005561]엘비테그라비르/[M250026]엠트리시타빈/[M256270]코비시스타트이산화규소,복합,[D000561]Elvitegravir(엘비테그라비르)/[D000665]Emtricitabine(엠트리시타빈)/[D000281]Tenofovir(테노포비르),-,Dihydroergotamine혈중농도증가|말초혈관연축또는국소빈혈,-,Cobicistat,D000673,D000202,디히드로에르고타민,Dihydroergotamine,[M086240]디히드로에르고타민메실레이트
[A001163]테노포비르/[A005561]엘비테그라비르/[M250026]엠트리시타빈/[M256270]코비시스타트이산화규소,복합,[D000561]Elvitegravir(엘비테그라비르)/[D000665]Emtricitabine(엠트리시타빈)/[D000281]Tenofovir(테노포비르),-,Amiodarone혈중농도증가,-,Cobicistat,D000673,D000259,아미오다론,Amiodarone,[A005259]아미오다론
[M083733]이트라코나졸제피과립/[M083734]이트라코나졸/[M092870]이트라코나졸고체분산체/[M201487]이트라코나졸고체분산/[M201624]제피이트라코나졸과립,단일,-,-,Dronedarone의혈중농도증가|TdP를포함하는중대한심실성부정맥같은Dronedarone관련약물이상반응발생위험이증가.Itraconazole투여중및종료후2주간해당성분투여금기,-,Itraconazole,D000762,D000201,드로네다론,Dronedarone,[M249412]드로네다론염산염
[M040766]할로페리돌/[M089302]할로페리돌데카노에이트,단일,-,-,QT간격연장위험증가,-,Haloperidol,D000113,D000332,시탈로프람,Citalopram,[M085304]브롬화수소산시탈로프람
[M040766]할로페리돌/[M089302]할로페리돌데카노에이트,단일,-,-,QT간격연장위험증가,-,Haloperidol,D000113,D000022,소타롤,Sotalol,[A005022]소타롤
[M088268]이오메프롤,단일,-,-,기능적신부전에의해유산산성증촉진,48시간이내병용금기,Iomeprol,D000364,D000718,메트포르민,Metformin,[M051790]보글리보스/[M201260]염산메트포민/[M214651]염산메트포르민/[M223014]메트포르민염산염/[M244179]메트포르민염산염/[M255741]메트포르민아세트산염/[M263864]메트포르민/[M266682]메트포르민염산염콜로이드성이산화규소
[A001163]테노포비르/[A005561]엘비테그라비르/[M250026]엠트리시타빈/[M256270]코비시스타트이산화규소,복합,[D000561]Elvitegravir(엘비테그라비르)/[D000665]Emtricitabine(엠트리시타빈)/[D000281]Tenofovir(테노포비르),-,Blonanserin혈중농도증가,-,Cobicistat,D000673,D000020,블로난세린,Blonanserin,[M247117]블로난세린
[A001163]테노포비르/[A005561]엘비테그라비르/[M250026]엠트리시타빈/[M256270]코비시스타트이산화규소,복합,[D000561]Elvitegravir(엘비테그라비르)/[D000665]Emtricitabine(엠트리시타빈)/[D000281]Tenofovir(테노포비르),-,Cobicistat및Elvitegravir의혈중농도감소로치료효과소실및내성발현가능,-,Cobicistat,D000673,D000314,리팜피신,Rifampicin,[M020042]리팜피신
[M040766]할로페리돌/[M089302]할로페리돌데카노에이트,단일,-,-,QT간격연장위험증가,-,Haloperidol,D000113,D000792,레보메프로마진,Levomepromazine,[M222988]레보메프로마진말레산염
[M086785]이오비트리돌,단일,-,-,기능적신부전에의해유산산성증촉진,48시간이내병용금기,Iobitridol,D000760,D000718,메트포르민,Metformin,[M095744]로수바스타틴칼슘/[M201260]염산메트포민/[M214651]염산메트포르민/[M223014]메트포르민염산염/[M244179]메트포르민염산염/[M255741]메트포르민아세트산염/[M258559]로수바스타틴칼슘염/[M263864]메트포르민/[M266682]메트포르민염산염콜로이드성이산화규소/[M270546]로수바스타틴칼슘(미분화)
[M083733]이트라코나졸제피과립/[M083734]이트라코나졸/[M092870]이트라코나졸고체분산체/[M201487]이트라코나졸고체분산/[M201624]제피이트라코나졸과립,단일,-,-,Felodipine의혈중농도증가|저혈압및말초부종같은약물이상반응발생위험이증가.Itraconazole투여중및종료후2주간해당성분투여금기,-,Itraconazole,D000762,D000404,펠로디핀,Felodipine,[M081580]펠로디핀과립4ㆍ79%/[M084735]펠로디핀
[M040766]할로페리돌/[M089302]할로페리돌데카노에이트,단일,-,-,QT간격연장위험증가,-,Haloperidol,D000113,D000319,돌라세트론,Dolasetron,[M102047]메실산돌라세트론
[M088960]이오헥솔,단일,-,-,기능적신부전에의해유산산성증촉진,48시간이내병용금기,Iohexol,D000669,D000718,메트포르민,Metformin,[I004369]아토르바스타틴칼슘수화물/[M093499]아토르바스타틴칼슘/[M201260]염산메트포민/[M213543]무수아토르바스타틴칼슘/[M214651]염산메트포르민/[M215219]아토르바스타틴칼슘삼수화물/[M218956]아토르바스타틴삼수화물/[M223014]메트포르민염산염/[M244179]메트포르민염산염/[M244955]아토르바스타틴스트론튬/[M247057]아토르바스타틴칼슘염무수물/[M251687]아토르바스타틴칼슘/[M255741]메트포르민아세트산염/[M256664]아토르바스타틴칼슘수화물/[M263837]아토르바스타틴/[M263864]메트포르민/[M266682]메트포르민염산염콜로이드성이산화규소
[M040766]할로페리돌/[M089302]할로페리돌데카노에이트,단일,-,-,QT간격연장위험증가,-,Haloperidol,D000113,D000173,지프라시돈,Ziprasidone,[M251493]지프라시돈염산염일수화물
[M040766]할로페리돌/[M089302]할로페리돌데카노에이트,단일,-,-,QT간격연장위험증가,-,Haloperidol,D000113,D000584,클로르프로마진,Chlorpromazine,[M040618]염산클로르프로마진/[M223216]클로르프로마진염산염
[M040766]할로페리돌/[M089302]할로페리돌데카노에이트,단일,-,-,QT간격연장위험증가,-,Haloperidol,D000113,D000256,에리트로마이신,Erythromycin,[M020095]에리스로마이신/[M020096]락토비온산에리스로마이신/[M020099]에리스로마이신에스톨레이트/[M020201]프로피온산에리스로마이신/[M223129]에리트로마이신/[M223130]에리트로마이신스테아르산염/[M223131]에리트로마이신에스톨산염/[M223132]에리트로마이신에틸숙시네이트/[M251863]에리트로마이신락토비온산염/[M256206]에리트로마이신장용피입자/[M257644]에리트로마이신스티노프레이트
[M040766]할로페리돌/[M089302]할로페리돌데카노에이트,단일,-,-,QT간격연장위험증가,-,Haloperidol,D000113,D000373,클래리트로마이신,Clarithromycin,[M085725]클래리스로마이신/[M087123]클래리스로마이신코팅입자/[M102127]클래리스로마이신제피과립/[M222887]클래리트로마이신/[M223198]클래리트로마이신/[M245961]클래리트로마이신제피과립/[M256483]클래리트로마이신제피과립(42%)
[M040766]할로페리돌/[M089302]할로페리돌데카노에이트,단일,-,-,QT간격연장위험증가,-,Haloperidol,D000113,D000259,아미오다론,Amiodarone,[A005259]아미오다론
[M086785]이오비트리돌,단일,-,-,기능적신부전에의해유산산성증촉진,48시간이내병용금기,Iobitridol,D000760,D000718,메트포르민,Metformin,[M201260]염산메트포민/[M214651]염산메트포르민/[M223014]메트포르민염산염/[M244179]메트포르민염산염/[M251915]시타글립틴인산염수화물/[M255741]메트포르민아세트산염/[M262101]시타글립틴인산염/[M263864]메트포르민/[M266682]메트포르민염산염콜로이드성이산화규소/[M266925]시타글립틴염산염수화물
[M086785]이오비트리돌,단일,-,-,기능적신부전에의해유산산성증촉진,48시간이내병용금기,Iobitridol,D000760,D000718,메트포르민,Metformin,[M050102]글리벤클라미드/[M201260]염산메트포민/[M214651]염산메트포르민/[M223014]메트포르민염산염/[M244179]메트포르민염산염/[M255741]메트포르민아세트산염/[M263864]메트포르민/[M266682]메트포르민염산염콜로이드성이산화규소
[M040766]할로페리돌/[M089302]할로페리돌데카노에이트,단일,-,-,QT간격연장위험증가,-,Haloperidol,D000113,D000513,펜타미딘,Pentamidin,[M261497]펜타미딘이세티온산염
[A001163]테노포비르/[A005561]엘비테그라비르/[M250026]엠트리시타빈/[M256270]코비시스타트이산화규소,복합,[D000561]Elvitegravir(엘비테그라비르)/[D000665]Emtricitabine(엠트리시타빈)/[D000281]Tenofovir(테노포비르),-,Triazolam혈중농도증가|진정또는호흡억제의연장또는증가,-,Cobicistat,D000673,D000592,트리아졸람,Triazolam,[I005603]트리아졸람/[M088380]트리아졸람
[I005813]보리코나졸/[M102252]보리코나졸,단일,-,-,Phenobarbital의혈중농도증가|Voriconazole의농도감소,-,Voriconazole,D000443,D000282,페노바르비탈,Phenobarbital,[M040685]페노바르비탈/[M217088]페노바르비탈나트륨
[M084154]플루코나졸,단일,-,-,QT연장|Torsadedepointes위험성증가,-,Fluconazole,D000517,D000256,에리트로마이신,Erythromycin,[M020095]에리스로마이신/[M020096]락토비온산에리스로마이신/[M020099]에리스로마이신에스톨레이트/[M020201]프로피온산에리스로마이신/[M223129]에리트로마이신/[M223130]에리트로마이신스테아르산염/[M223131]에리트로마이신에스톨산염/[M223132]에리트로마이신에틸숙시네이트/[M251863]에리트로마이신락토비온산염/[M256206]에리트로마이신장용피입자/[M257644]에리트로마이신스티노프레이트
[M083733]이트라코나졸제피과립/[M083734]이트라코나졸/[M092870]이트라코나졸고체분산체/[M201487]이트라코나졸고체분산/[M201624]제피이트라코나졸과립,단일,-,-,Dapoxetine의혈중농도증가|Itraconazole투여중및종료후2주간해당성분투여금기,-,Itraconazole,D000762,D000084,다폭세틴,Dapoxetine,[M245211]다폭세틴염산염/[M245237]다폭세틴염산염
[M083733]이트라코나졸제피과립/[M083734]이트라코나졸/[M092870]이트라코나졸고체분산체/[M201487]이트라코나졸고체분산/[M201624]제피이트라코나졸과립,단일,-,-,Lercanidipine의혈중농도증가|저혈압및말초부종같은약물이상반응발생위험이증가.Itraconazole투여중및종료후2주간해당성분투여금기,-,Itraconazole,D000762,D000616,레르카니디핀,Lercanidipine,[M100654]염산레르카니디핀/[M241001]레르카니디핀염산염/[M250577]레르카니디핀염산염/[M255716]레르카티디핀염산염
[A000221]라듐-223,단일,-,-,골절및사망률증가,-,Radium223dichloride,D001314,D000146,아비라테론,Abiraterone,[M262177]아비라테론아세테이트(미분화)
[I005813]보리코나졸/[M102252]보리코나졸,단일,-,-,Sirolimus의농도증가,-,Voriconazole,D000443,D001082,시롤리무스,Sirolimus,[I003725]시롤리무스/[M092290]시롤리머스/[M096307]시롤리무스/[M212252]시롤리무스분산용액/[M259798]시롤리무스분산용액/[M269901]시롤리무스
[A001163]테노포비르/[A005561]엘비테그라비르/[M250026]엠트리시타빈/[M256270]코비시스타트이산화규소,복합,[D000561]Elvitegravir(엘비테그라비르)/[D000665]Emtricitabine(엠트리시타빈)/[D000281]Tenofovir(테노포비르),-,Cobicistat및Elvitegravir의혈중농도감소로치료효과소실및내성발현가능,-,Cobicistat,D000673,D000476,카르바마제핀,Carbamazepine,[M040569]카르바마제핀/[M201734]카바마제핀
[M040766]할로페리돌/[M089302]할로페리돌데카노에이트,단일,-,-,QT간격연장위험증가,-,Haloperidol,D000113,D000842,토레미펜,Toremifene,[M089372]구연산토레미펜/[M246995]토레미펜시트르산염/[M255572]토레미펜구연산염
[M088960]이오헥솔,단일,-,-,기능적신부전에의해유산산성증촉진,48시간이내병용금기,Iohexol,D000669,D000718,메트포르민,Metformin,[M201260]염산메트포민/[M214651]염산메트포르민/[M223014]메트포르민염산염/[M244179]메트포르민염산염/[M255741]메트포르민아세트산염/[M260057]엠파글리플로진/[M263864]메트포르민/[M266682]메트포르민염산염콜로이드성이산화규소
[A001163]테노포비르/[A005561]엘비테그라비르/[M250026]엠트리시타빈/[M256270]코비시스타트이산화규소,복합,[D000561]Elvitegravir(엘비테그라비르)/[D000665]Emtricitabine(엠트리시타빈)/[D000281]Tenofovir(테노포비르),-,Cobicistat및Elvitegravir의혈중농도감소로치료효과소실및내성발현가능,-,Cobicistat,D000673,D000595,페니토인,Phenytoin,[M051706]페니토인/[M051707]페니토인나트륨
[M088960]이오헥솔,단일,-,-,기능적신부전에의해유산산성증촉진,48시간이내병용금기,Iohexol,D000669,D000718,메트포르민,Metformin,[M201260]염산메트포민/[M214651]염산메트포르민/[M223014]메트포르민염산염/[M244179]메트포르민염산염/[M251915]시타글립틴인산염수화물/[M255741]메트포르민아세트산염/[M262101]시타글립틴인산염/[M263864]메트포르민/[M266682]메트포르민염산염콜로이드성이산화규소/[M266925]시타글립틴염산염수화물
[A000058]그라조프레비르/[A000849]엘바스비르,복합,[D001172]Grazoprevir(그라조프레비르),-,엘바스비르와그라조프레비르의혈장농도가유의하게감소하여이약의바이러스학적반응감소가능,-,Elbasvir,D001171,D000314,리팜피신,Rifampicin,[M020042]리팜피신
[M040766]할로페리돌/[M089302]할로페리돌데카노에이트,단일,-,-,QT간격연장위험증가,-,Haloperidol,D000113,D000213,피모짓,Pimozide,[M071691]피모짓
[M081453]겜피브로질,단일,-,-,다사부비르의AUC약11배|Cmax약2배증가다사부비르의혈중농도증가는QT연장을일으킬수있음.,-,Gemfibrozil,D000076,D001177,다사부비르,Dasabuvir,[A000126]다사부비르
[I012676]로카세린염산염수화물/[M261521]로카세린염산염수화물,단일,-,-,폐동맥고혈압위험증가,-,Lorcaserin,D001063,D000714,마진돌,Mazindol,[M092419]마진돌
[A000098]날트렉손/[I000166]부프로피온염산염/[M095783]염산부프로피온/[M233238]부프로피온염산염,복합,[D001312]Naltrexone(날트렉손),-,폐동맥고혈압위험증가,-,BupropionHydrochloride,D000018,D000714,마진돌,Mazindol,[M092419]마진돌
[A005749]에티닐에스트라디올/[M040405]에치닐에스트라디올/[M211129]드로스피레논/[M223147]에티닐에스트라디올/[M259133]에티닐에스트라디올(EE-베타덱스포접체로서),복합,[D000789]Drospirenone(드로스피레논),-,ALT수치상승이정상치상한기준보다20배이상높게나타나는데영향이있음,-,Ethinylestradiol,D000749,D001174,옴비타스비르,Ombitasvir,[A000902]옴비타스비르/[A001241]파리타프레비르/[M118365]파리타프레비르/[M259362]리토나비르
[A000058]그라조프레비르/[A000849]엘바스비르,복합,[D001172]Grazoprevir(그라조프레비르),-,엘바스비르와그라조프레비르의혈장농도가유의하게감소하여이약의바이러스학적반응감소가능,-,Elbasvir,D001171,D000595,페니토인,Phenytoin,[M051706]페니토인/[M051707]페니토인나트륨
[A000098]날트렉손/[I000166]부프로피온염산염/[M095783]염산부프로피온/[M233238]부프로피온염산염,복합,[D001312]Naltrexone(날트렉손),-,판막심장병위험,-,BupropionHydrochloride,D000018,D000795,펜터민,Phentermine,[M099629]염산펜터민/[M219108]염산펜터민/[M238557]펜터민염산염
[M040168]메토트렉세이트,단일,-,-,엽산의존대사경로에서구내염|골수억제및신경독성과같은독성을잠재적으로유발하는메토트렉세이트의효과증가,-,Methotrexate,D000716,D001176,아산화질소,nitrousoxide,[M040349]아산화질소
[A000058]그라조프레비르/[A000849]엘바스비르,복합,[D001172]Grazoprevir(그라조프레비르),-,그라조프레비르의혈장농도가유의하게증가하여ALT상승위험증가가능,-,Elbasvir,D001171,D000395,다루나비르,Darunavir,[M258751]다루나비르에탄올레이트
[A000058]그라조프레비르/[A000849]엘바스비르,복합,[D001172]Grazoprevir(그라조프레비르),-,엘바스비르와그라조프레비르의혈장농도가유의하게감소하여이약의바이러스학적반응감소가능,-,Elbasvir,D001171,D000558,에파비렌즈,Efavirenz,[M088675]에파비렌즈
[M088960]이오헥솔,단일,-,-,기능적신부전에의해유산산성증촉진,48시간이내병용금기,Iohexol,D000669,D000718,메트포르민,Metformin,[A110293]에르투글리플로진L-피로글루탐산/[M201260]염산메트포민/[M214651]염산메트포르민/[M223014]메트포르민염산염/[M244179]메트포르민염산염/[M255741]메트포르민아세트산염/[M263864]메트포르민/[M266682]메트포르민염산염콜로이드성이산화규소/[M268102]에르투글리플로진L-피로글루탐산/[M272715]미분화에르투글리플로진L-피로글루탐산
[M040766]할로페리돌/[M089302]할로페리돌데카노에이트,단일,-,-,Levodopa의치료효과감소,-,Haloperidol,D000113,D000302,레보도파,Levodopa,[A005563]벤세라지드/[M040122]레보도파
[M040766]할로페리돌/[M089302]할로페리돌데카노에이트,단일,-,-,-,-,Haloperidol,D000113,D000302,레보도파,Levodopa,[M040122]레보도파/[M089172]카르비도파/[M256275]카르비도파수화물
[A000098]날트렉손/[I000166]부프로피온염산염/[M095783]염산부프로피온/[M233238]부프로피온염산염,복합,[D001312]Naltrexone(날트렉손),-,판막심장병위험,-,BupropionHydrochloride,D000018,D000701,펜디메트라진타르타르산염,Phendimetrazinetartrate,[M088437]주석산펜디메트라진/[M214394]주석산펜디메트라진/[M230784]펜디메트라진타르타르산염
[M081453]겜피브로질,단일,-,-,셀레시팍노출약2배증가|셀레시팍활성대사체노출약11배증가,-,Gemfibrozil,D000076,D001178,셀렉시팍,selexipag,[A000603]셀렉시팍
[A001163]테노포비르/[A005561]엘비테그라비르/[M250026]엠트리시타빈/[M256270]코비시스타트이산화규소,복합,[D000561]Elvitegravir(엘비테그라비르)/[D000665]Emtricitabine(엠트리시타빈)/[D000281]Tenofovir(테노포비르),-,Cobicistat및Elvitegravir의혈중농도감소로치료효과소실및내성발현가능,-,Cobicistat,D000673,D000209,포스페니토인,Fosphenytoin,[M235712]포스페니토인나트륨
[A005749]에티닐에스트라디올/[M040405]에치닐에스트라디올/[M083365]데소게스트렐/[M223147]에티닐에스트라디올/[M259133]에티닐에스트라디올(EE-베타덱스포접체로서),복합,[D000694]Desogestrel(데소게스트렐),-,ALT수치상승이정상최고치(ULN)대비5배이상나오는빈도가유의적으로높게나타남,-,Ethinylestradiol,D000749,D001174,옴비타스비르,Ombitasvir,[A000902]옴비타스비르/[A001241]파리타프레비르/[M118365]파리타프레비르/[M259362]리토나비르
[A005749]에티닐에스트라디올/[M040405]에치닐에스트라디올/[M082621]게스토덴/[M223147]에티닐에스트라디올/[M259133]에티닐에스트라디올(EE-베타덱스포접체로서),복합,[D000389]Gestodene(게스토덴),-,ALT수치상승이정상최고치(ULN)대비5배이상나오는빈도가유의적으로높게나타남,-,Ethinylestradiol,D000749,D001174,옴비타스비르,Ombitasvir,[A000902]옴비타스비르/[A001241]파리타프레비르/[M118365]파리타프레비르/[M259362]리토나비르
[I012676]로카세린염산염수화물/[M261521]로카세린염산염수화물,단일,-,-,판막심장병위험,-,Lorcaserin,D001063,D000795,펜터민,Phentermine,[M099629]염산펜터민/[M219108]염산펜터민/[M238557]펜터민염산염
[M040766]할로페리돌/[M089302]할로페리돌데카노에이트,단일,-,-,QT간격연장위험증가,-,Haloperidol,D000113,D000635,반데타닙,Vandetanib,[M257061]반데타닙
[M083733]이트라코나졸제피과립/[M083734]이트라코나졸/[M092870]이트라코나졸고체분산체/[M201487]이트라코나졸고체분산/[M201624]제피이트라코나졸과립,단일,-,-,골수억제|설사등이상반응증가|Itraconazole투여중및종료후2주간해당성분투여금기,-,Itraconazole,D000762,D000161,이리노테칸,Irinotecan,[M090705]염산이리노테칸/[M234818]이리노테칸염산염
[I005813]보리코나졸/[M102252]보리코나졸,단일,-,-,Rifabutin의혈중농도증가|Voriconazole의농도감소,-,Voriconazole,D000443,D001081,리파부틴,Rifabutin,[I003537]리파부틴/[M089091]리파부틴
[A001163]테노포비르/[A005561]엘비테그라비르/[M250026]엠트리시타빈/[M256270]코비시스타트이산화규소,복합,[D000561]Elvitegravir(엘비테그라비르)/[D000665]Emtricitabine(엠트리시타빈)/[D000281]Tenofovir(테노포비르),-,Sildenafil혈중농도증가|병용투여할경우에는Sildenafil의투여용량이25mg을초과하지않도록하며|48시간내재투여금지,-,Cobicistat,D000673,D000246,실데나필,Sildenafil,[M089346]구연산실데나필/[M252789]실데나필시트르산염/[M253237]실데나필
[M088960]이오헥솔,단일,-,-,기능적신부전에의해유산산성증촉진,48시간이내병용금기,Iohexol,D000669,D000718,메트포르민,Metformin,[M201260]염산메트포민/[M214651]염산메트포르민/[M223014]메트포르민염산염/[M244179]메트포르민염산염/[M252996]리나글립틴/[M255741]메트포르민아세트산염/[M263864]메트포르민/[M266682]메트포르민염산염콜로이드성이산화규소
[M088960]이오헥솔,단일,-,-,기능적신부전에의해유산산성증촉진,48시간이내병용금기,Iohexol,D000669,D000718,메트포르민,Metformin,[M201260]염산메트포민/[M214651]염산메트포르민/[M223014]메트포르민염산염/[M244179]메트포르민염산염/[M255741]메트포르민아세트산염/[M262875]에보글립틴타르타르산염/[M263350]에보글립틴타르타르산염/[M263864]메트포르민/[M266682]메트포르민염산염콜로이드성이산화규소
[M088960]이오헥솔,단일,-,-,기능적신부전에의해유산산성증촉진,48시간이내병용금기,Iohexol,D000669,D000718,메트포르민,Metformin,[M092005]염산피오글리타존/[M201260]염산메트포민/[M214651]염산메트포르민/[M223014]메트포르민염산염/[M235069]피오글리타존염산염/[M244179]메트포르민염산염/[M255741]메트포르민아세트산염/[M260948]피오글리타존염/[M263864]메트포르민/[M266682]메트포르민염산염콜로이드성이산화규소
[M088960]이오헥솔,단일,-,-,기능적신부전에의해유산산성증촉진,48시간이내병용금기,Iohexol,D000669,D000718,메트포르민,Metformin,[M201260]염산메트포민/[M214651]염산메트포르민/[M221584]빌다글립틴/[M223014]메트포르민염산염/[M244179]메트포르민염산염/[M255741]메트포르민아세트산염/[M262420]빌다글립틴(미분화)/[M263864]메트포르민/[M266682]메트포르민염산염콜로이드성이산화규소
[M088960]이오헥솔,단일,-,-,기능적신부전에의해유산산성증촉진,48시간이내병용금기,Iohexol,D000669,D000718,메트포르민,Metformin,[M095744]로수바스타틴칼슘/[M201260]염산메트포민/[M214651]염산메트포르민/[M223014]메트포르민염산염/[M244179]메트포르민염산염/[M255741]메트포르민아세트산염/[M258559]로수바스타틴칼슘염/[M263864]메트포르민/[M266682]메트포르민염산염콜로이드성이산화규소/[M270546]로수바스타틴칼슘(미분화)
[M088960]이오헥솔,단일,-,-,기능적신부전에의해유산산성증촉진,48시간이내병용금기,Iohexol,D000669,D000718,메트포르민,Metformin,[M088889]레파글리니드/[M201260]염산메트포민/[M214651]염산메트포르민/[M223014]메트포르민염산염/[M244179]메트포르민염산염/[M255741]메트포르민아세트산염/[M263864]메트포르민/[M266682]메트포르민염산염콜로이드성이산화규소
[M089870]요오딕사놀/[M201123]아이오딕사놀/[M222881]이오딕산올,단일,-,-,기능적신부전에의해유산산성증촉진,48시간이내병용금기,Iodixanol,D000831,D000718,메트포르민,Metformin,[M050102]글리벤클라미드/[M201260]염산메트포민/[M214651]염산메트포르민/[M223014]메트포르민염산염/[M244179]메트포르민염산염/[M255741]메트포르민아세트산염/[M263864]메트포르민/[M266682]메트포르민염산염콜로이드성이산화규소
[M086785]이오비트리돌,단일,-,-,기능적신부전에의해유산산성증촉진,48시간이내병용금기,Iobitridol,D000760,D000718,메트포르민,Metformin,[M201260]염산메트포민/[M214651]염산메트포르민/[M223014]메트포르민염산염/[M244179]메트포르민염산염/[M254878]제미글립틴타르타르산염1.5수화물/[M255741]메트포르민아세트산염/[M263103]제미글립틴타르타르산염1.5수하물/[M263864]메트포르민/[M266682]메트포르민염산염콜로이드성이산화규소
[M086785]이오비트리돌,단일,-,-,기능적신부전에의해유산산성증촉진,48시간이내병용금기,Iobitridol,D000760,D000718,메트포르민,Metformin,[I004369]아토르바스타틴칼슘수화물/[M093499]아토르바스타틴칼슘/[M201260]염산메트포민/[M213543]무수아토르바스타틴칼슘/[M214651]염산메트포르민/[M215219]아토르바스타틴칼슘삼수화물/[M218956]아토르바스타틴삼수화물/[M223014]메트포르민염산염/[M244179]메트포르민염산염/[M244955]아토르바스타틴스트론튬/[M247057]아토르바스타틴칼슘염무수물/[M251687]아토르바스타틴칼슘/[M255741]메트포르민아세트산염/[M256664]아토르바스타틴칼슘수화물/[M263837]아토르바스타틴/[M263864]메트포르민/[M266682]메트포르민염산염콜로이드성이산화규소
[M086785]이오비트리돌,단일,-,-,기능적신부전에의해유산산성증촉진,48시간이내병용금기,Iobitridol,D000760,D000718,메트포르민,Metformin,[M092005]염산피오글리타존/[M201260]염산메트포민/[M214651]염산메트포르민/[M223014]메트포르민염산염/[M235069]피오글리타존염산염/[M244179]메트포르민염산염/[M255741]메트포르민아세트산염/[M260948]피오글리타존염/[M263864]메트포르민/[M266682]메트포르민염산염콜로이드성이산화규소
[M086785]이오비트리돌,단일,-,-,기능적신부전에의해유산산성증촉진,48시간이내병용금기,Iobitridol,D000760,D000718,메트포르민,Metformin,[M051790]보글리보스/[M201260]염산메트포민/[M214651]염산메트포르민/[M223014]메트포르민염산염/[M244179]메트포르민염산염/[M255741]메트포르민아세트산염/[M263864]메트포르민/[M266682]메트포르민염산염콜로이드성이산화규소
[A001163]테노포비르/[A005561]엘비테그라비르/[M250026]엠트리시타빈/[M256270]코비시스타트이산화규소,복합,[D000561]Elvitegravir(엘비테그라비르)/[D000665]Emtricitabine(엠트리시타빈)/[D000281]Tenofovir(테노포비르),-,Tadalafil혈중농도증가|병용투여할경우에는Tadalafil의투여용량이10mg을초과하지않도록하며|72시간내재투여금지,-,Cobicistat,D000673,D000181,타다라필,Tadalafil,[M095435]타다라필
[A001163]테노포비르/[A005561]엘비테그라비르/[M250026]엠트리시타빈/[M256270]코비시스타트이산화규소,복합,[D000561]Elvitegravir(엘비테그라비르)/[D000665]Emtricitabine(엠트리시타빈)/[D000281]Tenofovir(테노포비르),-,Ergometrine혈중농도증가|말초혈관연축또는국소빈혈,-,Cobicistat,D000673,D000228,메틸에르고메트린,Methylergometrine,[M070382]말레인산메칠에르고메트린/[M223020]메틸에르고메트린말레산염
[M088960]이오헥솔,단일,-,-,기능적신부전에의해유산산성증촉진,48시간이내병용금기,Iohexol,D000669,D000718,메트포르민,Metformin,[M086024]글리메피리드/[M201260]염산메트포민/[M214651]염산메트포르민/[M223014]메트포르민염산염/[M244179]메트포르민염산염/[M255741]메트포르민아세트산염/[M263864]메트포르민/[M266682]메트포르민염산염콜로이드성이산화규소
[M089870]요오딕사놀/[M201123]아이오딕사놀/[M222881]이오딕산올,단일,-,-,기능적신부전에의해유산산성증촉진,48시간이내병용금기,Iodixanol,D000831,D000718,메트포르민,Metformin,[M099438]글리클라짓/[M201260]염산메트포민/[M214651]염산메트포르민/[M222831]글리클라지드/[M223014]메트포르민염산염/[M244179]메트포르민염산염/[M255741]메트포르민아세트산염/[M258015]글리크라짓/[M263864]메트포르민/[M266682]메트포르민염산염콜로이드성이산화규소
[M089870]요오딕사놀/[M201123]아이오딕사놀/[M222881]이오딕산올,단일,-,-,기능적신부전에의해유산산성증촉진,48시간이내병용금기,Iodixanol,D000831,D000718,메트포르민,Metformin,[M051790]보글리보스/[M201260]염산메트포민/[M214651]염산메트포르민/[M223014]메트포르민염산염/[M244179]메트포르민염산염/[M255741]메트포르민아세트산염/[M263864]메트포르민/[M266682]메트포르민염산염콜로이드성이산화규소
[M095744]로수바스타틴칼슘/[M258559]로수바스타틴칼슘염/[M270546]로수바스타틴칼슘(미분화),단일,-,-,혈중농도상승및근육병증/횡문근융해증위험성증가,-,Rosuvastatin,D000219,D000334,사이클로스포린,Cyclosporine,[A005971]시클로스포린/[M040068]마이크로에멀젼용시클로스포린/[M085282]사이클로스포린/[M085565]시클로스포린
[M089710]심바스타틴,단일,-,-,혈중농도상승및근육병증/횡문근융해증위험성증가,-,Simvastatin,D000027,D000334,사이클로스포린,Cyclosporine,[A005971]시클로스포린/[M040068]마이크로에멀젼용시클로스포린/[M085282]사이클로스포린/[M085565]시클로스포린
[I012690]아수나프레비르,단일,-,-,아수나프레비르에대한바이러스반응의소실을유발가능,-,Asunaprevir,D001075,D000334,사이클로스포린,Cyclosporine,[A005971]시클로스포린/[M040068]마이크로에멀젼용시클로스포린/[M085282]사이클로스포린/[M085565]시클로스포린
[M256381]포사코나졸(미분화),단일,-,-,횡문근융해를비롯한근육병증발생가능성증가,-,Posaconazole,D000405,D000455,아토르바스타틴,Atorvastatin,[I004369]아토르바스타틴칼슘수화물/[M093499]아토르바스타틴칼슘/[M213543]무수아토르바스타틴칼슘/[M215219]아토르바스타틴칼슘삼수화물/[M218956]아토르바스타틴삼수화물/[M244955]아토르바스타틴스트론튬/[M247057]아토르바스타틴칼슘염무수물/[M251687]아토르바스타틴칼슘/[M256664]아토르바스타틴칼슘수화물/[M263837]아토르바스타틴
[A000953]이오베르솔/[M088691]이오버솔/[M257716]이오베르솔/[M274167]조이오베르솔,단일,-,-,기능적신부전에의해유산산성증촉진,48시간이내병용금기,Ioversol,D000165,D000718,메트포르민,Metformin,[M201260]염산메트포민/[M214651]염산메트포르민/[M223014]메트포르민염산염/[M244179]메트포르민염산염/[M255741]메트포르민아세트산염/[M260057]엠파글리플로진/[M263864]메트포르민/[M266682]메트포르민염산염콜로이드성이산화규소
[A001163]테노포비르/[A005561]엘비테그라비르/[M250026]엠트리시타빈/[M256270]코비시스타트이산화규소,복합,[D000561]Elvitegravir(엘비테그라비르)/[D000665]Emtricitabine(엠트리시타빈)/[D000281]Tenofovir(테노포비르),-,Simvastatin혈중농도증가|횡문근융해를비롯한근육병증,-,Cobicistat,D000673,D000027,심바스타틴,Simvastatin,[M089710]심바스타틴
[M085529]이오파미돌,단일,-,-,기능적신부전에의해유산산성증촉진,48시간이내병용금기,Iopamidol,D000267,D000718,메트포르민,Metformin,[M201260]염산메트포민/[M214651]염산메트포르민/[M223014]메트포르민염산염/[M244179]메트포르민염산염/[M252996]리나글립틴/[M255741]메트포르민아세트산염/[M263864]메트포르민/[M266682]메트포르민염산염콜로이드성이산화규소
[A000953]이오베르솔/[M088691]이오버솔/[M257716]이오베르솔/[M274167]조이오베르솔,단일,-,-,기능적신부전에의해유산산성증촉진,48시간이내병용금기,Ioversol,D000165,D000718,메트포르민,Metformin,[M201260]염산메트포민/[M214651]염산메트포르민/[M223014]메트포르민염산염/[M244179]메트포르민염산염/[M255741]메트포르민아세트산염/[M262875]에보글립틴타르타르산염/[M263350]에보글립틴타르타르산염/[M263864]메트포르민/[M266682]메트포르민염산염콜로이드성이산화규소
[A000953]이오베르솔/[M088691]이오버솔/[M257716]이오베르솔/[M274167]조이오베르솔,단일,-,-,기능적신부전에의해유산산성증촉진,48시간이내병용금기,Ioversol,D000165,D000718,메트포르민,Metformin,[M050102]글리벤클라미드/[M201260]염산메트포민/[M214651]염산메트포르민/[M223014]메트포르민염산염/[M244179]메트포르민염산염/[M255741]메트포르민아세트산염/[M263864]메트포르민/[M266682]메트포르민염산염콜로이드성이산화규소
[A000953]이오베르솔/[M088691]이오버솔/[M257716]이오베르솔/[M274167]조이오베르솔,단일,-,-,기능적신부전에의해유산산성증촉진,48시간이내병용금기,Ioversol,D000165,D000718,메트포르민,Metformin,[M099438]글리클라짓/[M201260]염산메트포민/[M214651]염산메트포르민/[M222831]글리클라지드/[M223014]메트포르민염산염/[M244179]메트포르민염산염/[M255741]메트포르민아세트산염/[M258015]글리크라짓/[M263864]메트포르민/[M266682]메트포르민염산염콜로이드성이산화규소
[M259322]아이오다이즈드오일(양귀비종자유래요오드화지방산에틸에스테르),단일,-,-,기능적신부전에의해유산산성증촉진,48시간이내병용금기,IodisedOil,D000032,D000718,메트포르민,Metformin,[M201260]염산메트포민/[M214651]염산메트포르민/[M223014]메트포르민염산염/[M244179]메트포르민염산염/[M251915]시타글립틴인산염수화물/[M255741]메트포르민아세트산염/[M262101]시타글립틴인산염/[M263864]메트포르민/[M266682]메트포르민염산염콜로이드성이산화규소/[M266925]시타글립틴염산염수화물
[M259322]아이오다이즈드오일(양귀비종자유래요오드화지방산에틸에스테르),단일,-,-,기능적신부전에의해유산산성증촉진,48시간이내병용금기,IodisedOil,D000032,D000718,메트포르민,Metformin,[M050102]글리벤클라미드/[M201260]염산메트포민/[M214651]염산메트포르민/[M223014]메트포르민염산염/[M244179]메트포르민염산염/[M255741]메트포르민아세트산염/[M263864]메트포르민/[M266682]메트포르민염산염콜로이드성이산화규소
[M259322]아이오다이즈드오일(양귀비종자유래요오드화지방산에틸에스테르),단일,-,-,기능적신부전에의해유산산성증촉진,48시간이내병용금기,IodisedOil,D000032,D000718,메트포르민,Metformin,[M099438]글리클라짓/[M201260]염산메트포민/[M214651]염산메트포르민/[M222831]글리클라지드/[M223014]메트포르민염산염/[M244179]메트포르민염산염/[M255741]메트포르민아세트산염/[M258015]글리크라짓/[M263864]메트포르민/[M266682]메트포르민염산염콜로이드성이산화규소
[M085564]이오프로마이드,단일,-,-,기능적신부전에의해유산산성증촉진,48시간이내병용금기,Iopromide,D000761,D000718,메트포르민,Metformin,[M201260]염산메트포민/[M214651]염산메트포르민/[M223014]메트포르민염산염/[M244179]메트포르민염산염/[M255741]메트포르민아세트산염/[M260057]엠파글리플로진/[M263864]메트포르민/[M266682]메트포르민염산염콜로이드성이산화규소
[M085564]이오프로마이드,단일,-,-,기능적신부전에의해유산산성증촉진,48시간이내병용금기,Iopromide,D000761,D000718,메트포르민,Metformin,[M095744]로수바스타틴칼슘/[M201260]염산메트포민/[M214651]염산메트포르민/[M223014]메트포르민염산염/[M244179]메트포르민염산염/[M255741]메트포르민아세트산염/[M258559]로수바스타틴칼슘염/[M263864]메트포르민/[M266682]메트포르민염산염콜로이드성이산화규소/[M270546]로수바스타틴칼슘(미분화)
[M085564]이오프로마이드,단일,-,-,기능적신부전에의해유산산성증촉진,48시간이내병용금기,Iopromide,D000761,D000718,메트포르민,Metformin,[M088889]레파글리니드/[M201260]염산메트포민/[M214651]염산메트포르민/[M223014]메트포르민염산염/[M244179]메트포르민염산염/[M255741]메트포르민아세트산염/[M263864]메트포르민/[M266682]메트포르민염산염콜로이드성이산화규소
[M085529]이오파미돌,단일,-,-,기능적신부전에의해유산산성증촉진,48시간이내병용금기,Iopamidol,D000267,D000718,메트포르민,Metformin,[M201260]염산메트포민/[M214651]염산메트포르민/[M221584]빌다글립틴/[M223014]메트포르민염산염/[M244179]메트포르민염산염/[M255741]메트포르민아세트산염/[M262420]빌다글립틴(미분화)/[M263864]메트포르민/[M266682]메트포르민염산염콜로이드성이산화규소
[M085529]이오파미돌,단일,-,-,기능적신부전에의해유산산성증촉진,48시간이내병용금기,Iopamidol,D000267,D000718,메트포르민,Metformin,[M099438]글리클라짓/[M201260]염산메트포민/[M214651]염산메트포르민/[M222831]글리클라지드/[M223014]메트포르민염산염/[M244179]메트포르민염산염/[M255741]메트포르민아세트산염/[M258015]글리크라짓/[M263864]메트포르민/[M266682]메트포르민염산염콜로이드성이산화규소
[M085529]이오파미돌,단일,-,-,기능적신부전에의해유산산성증촉진,48시간이내병용금기,Iopamidol,D000267,D000718,메트포르민,Metformin,[M050102]글리벤클라미드/[M201260]염산메트포민/[M214651]염산메트포르민/[M223014]메트포르민염산염/[M244179]메트포르민염산염/[M255741]메트포르민아세트산염/[M263864]메트포르민/[M266682]메트포르민염산염콜로이드성이산화규소
[M088268]이오메프롤,단일,-,-,기능적신부전에의해유산산성증촉진,48시간이내병용금기,Iomeprol,D000364,D000718,메트포르민,Metformin,[M201260]염산메트포민/[M214651]염산메트포르민/[M223014]메트포르민염산염/[M244179]메트포르민염산염/[M251915]시타글립틴인산염수화물/[M255741]메트포르민아세트산염/[M262101]시타글립틴인산염/[M263864]메트포르민/[M266682]메트포르민염산염콜로이드성이산화규소/[M266925]시타글립틴염산염수화물
[A110396]테고프라잔/[M267790]테고프라잔,단일,-,-,위장pH의증가로rilpivirine의흡수가저하되어rilpivirine의치료효과감소,-,Tegoprazan,D001367,D000225,릴피비린,Rilpivirine,[A005225]릴피비린/[M253921]릴피비린염산염
[A001262]팔로노세트론/[A110129]네투피탄트/[M246060]팔로노세트론염산염/[M265905]네투피탄트,복합,[D001366]Palonosetron(팔로노세트론),-,Netupitant의혈중농도감소,-,Netupitant,D001365,D000314,리팜피신,Rifampicin,[M020042]리팜피신
[A110166]레테르모버/[M272502]레테르모버,단일,-,-,맥각독성(혈관경련|말단및기타조직허혈등)위험증가,-,Letermovir,D001364,D000747,에르고타민,Ergotamine,[M040398]주석산에르고타민/[M040579]카페인(함수)/[M040580]무수카페인/[M090611]카페인/[M223126]에르고타민타르타르산염/[M223183]카페인무수물/[M223184]카페인수화물/[M241017]무수물카페인
[A001652]글레카프레비르/[A003331]피브렌타스비르/[M267076]피브렌타스비르/[M267082]글레카프레비르,복합,[D001363]Pibrentasvir(피브렌타스비르),-,Glecaprevir와Pibrentasvir의혈장농도가유의하게감소하여이약의바이러스학적반응감소가능,-,Glecaprevir,D001362,D000314,리팜피신,Rifampicin,[M020042]리팜피신
[A001652]글레카프레비르/[A003331]피브렌타스비르/[M267076]피브렌타스비르/[M267082]글레카프레비르,복합,[D001363]Pibrentasvir(피브렌타스비르),-,횡문근융해증을비롯한근육질환등중증이상반응,-,Glecaprevir,D001362,D000027,심바스타틴,Simvastatin,[M089710]심바스타틴
[M050833]염산슈도에페드린/[M081720]황산슈도에페드린/[M203364]슈도에페드린염산염/[M222865]수도에페드린염산염/[M248579]수도에페드린황산염/[M256034]수도에페드린염산염과립/[M258826]수도에페드린,단일,-,-,고혈압|빈맥유발,-,Pseudoephedrine,D000448,D000698,라사길린,Rasagiline,[M257939]라사길린메실산염
[A001652]글레카프레비르/[A003331]피브렌타스비르/[M267076]피브렌타스비르/[M267082]글레카프레비르,복합,[D001363]Pibrentasvir(피브렌타스비르),-,Glecaprevir와Pibrentasvir의혈장농도가유의하게감소하여이약의바이러스학적반응감소가능,-,Glecaprevir,D001362,D000447,세인트존스워트,St.JohnsWort,[M220509]세인트존스워트/[M248295]세인트존스워트80%메탄올엑스/[M255952]세인트존스워트50%에탄올엑스/[M256845]세인트존스워트틴크D2/[M258013]세인트존스워트80%메탄올건조엑스
[A000953]이오베르솔/[M088691]이오버솔/[M257716]이오베르솔/[M274167]조이오베르솔,단일,-,-,기능적신부전에의해유산산성증촉진,48시간이내병용금기,Ioversol,D000165,D000718,메트포르민,Metformin,[M201260]염산메트포민/[M214651]염산메트포르민/[M223014]메트포르민염산염/[M244179]메트포르민염산염/[M252996]리나글립틴/[M255741]메트포르민아세트산염/[M263864]메트포르민/[M266682]메트포르민염산염콜로이드성이산화규소
[M085529]이오파미돌,단일,-,-,기능적신부전에의해유산산성증촉진,48시간이내병용금기,Iopamidol,D000267,D000718,메트포르민,Metformin,[M092005]염산피오글리타존/[M201260]염산메트포민/[M214651]염산메트포르민/[M223014]메트포르민염산염/[M235069]피오글리타존염산염/[M244179]메트포르민염산염/[M255741]메트포르민아세트산염/[M260948]피오글리타존염/[M263864]메트포르민/[M266682]메트포르민염산염콜로이드성이산화규소
[M086785]이오비트리돌,단일,-,-,기능적신부전에의해유산산성증촉진,48시간이내병용금기,Iobitridol,D000760,D000718,메트포르민,Metformin,[M201260]염산메트포민/[M214651]염산메트포르민/[M223014]메트포르민염산염/[M244179]메트포르민염산염/[M255741]메트포르민아세트산염/[M262875]에보글립틴타르타르산염/[M263350]에보글립틴타르타르산염/[M263864]메트포르민/[M266682]메트포르민염산염콜로이드성이산화규소
[M085529]이오파미돌,단일,-,-,기능적신부전에의해유산산성증촉진,48시간이내병용금기,Iopamidol,D000267,D000718,메트포르민,Metformin,[M201260]염산메트포민/[M214651]염산메트포르민/[M223014]메트포르민염산염/[M244179]메트포르민염산염/[M255741]메트포르민아세트산염/[M262875]에보글립틴타르타르산염/[M263350]에보글립틴타르타르산염/[M263864]메트포르민/[M266682]메트포르민염산염콜로이드성이산화규소
[A110166]레테르모버/[M272502]레테르모버,단일,-,-,맥각독성(혈관경련|말단및기타조직허혈등)위험증가,-,Letermovir,D001364,D000228,메틸에르고메트린,Methylergometrine,[M070382]말레인산메칠에르고메트린/[M223020]메틸에르고메트린말레산염
[A110166]레테르모버/[M272502]레테르모버,단일,-,-,QT연장|심실성빈맥|심실세동및torsadesdepointes등심독성위험증가,-,Letermovir,D001364,D000213,피모짓,Pimozide,[M071691]피모짓
[A005749]에티닐에스트라디올/[M040405]에치닐에스트라디올/[M095487]레보노르게스트렐/[M223147]에티닐에스트라디올/[M259133]에티닐에스트라디올(EE-베타덱스포접체로서),복합,[D000617]Levonorgestrel(레보노르게스트렐),-,ALT수치상승이정상최고치(ULN)대비5배이상나오는빈도가유의적으로높게나타남,-,Ethinylestradiol,D000749,D001174,옴비타스비르,Ombitasvir,[A000902]옴비타스비르/[A001241]파리타프레비르/[M118365]파리타프레비르/[M259362]리토나비르
[A001652]글레카프레비르/[A003331]피브렌타스비르/[M267076]피브렌타스비르/[M267082]글레카프레비르,복합,[D001363]Pibrentasvir(피브렌타스비르),-,횡문근융해증을비롯한근육질환등중증이상반응,-,Glecaprevir,D001362,D000455,아토르바스타틴,Atorvastatin,[I004369]아토르바스타틴칼슘수화물/[M093499]아토르바스타틴칼슘/[M213543]무수아토르바스타틴칼슘/[M215219]아토르바스타틴칼슘삼수화물/[M218956]아토르바스타틴삼수화물/[M244955]아토르바스타틴스트론튬/[M247057]아토르바스타틴칼슘염무수물/[M251687]아토르바스타틴칼슘/[M256664]아토르바스타틴칼슘수화물/[M263837]아토르바스타틴
[A001652]글레카프레비르/[A003331]피브렌타스비르/[M267076]피브렌타스비르/[M267082]글레카프레비르,복합,[D001363]Pibrentasvir(피브렌타스비르),-,Glecaprevir의혈장농도가유의하게증가하여ALT상승위험증가가능,-,Glecaprevir,D001362,D000150,아타자나비르,Atazanavir,[M249264]아타자나비어황산염/[M263079]아타자나비르황산염
[A000953]이오베르솔/[M088691]이오버솔/[M257716]이오베르솔/[M274167]조이오베르솔,단일,-,-,기능적신부전에의해유산산성증촉진,48시간이내병용금기,Ioversol,D000165,D000718,메트포르민,Metformin,[M088889]레파글리니드/[M201260]염산메트포민/[M214651]염산메트포르민/[M223014]메트포르민염산염/[M244179]메트포르민염산염/[M255741]메트포르민아세트산염/[M263864]메트포르민/[M266682]메트포르민염산염콜로이드성이산화규소
[M259322]아이오다이즈드오일(양귀비종자유래요오드화지방산에틸에스테르),단일,-,-,기능적신부전에의해유산산성증촉진,48시간이내병용금기,IodisedOil,D000032,D000718,메트포르민,Metformin,[I004369]아토르바스타틴칼슘수화물/[M093499]아토르바스타틴칼슘/[M201260]염산메트포민/[M213543]무수아토르바스타틴칼슘/[M214651]염산메트포르민/[M215219]아토르바스타틴칼슘삼수화물/[M218956]아토르바스타틴삼수화물/[M223014]메트포르민염산염/[M244179]메트포르민염산염/[M244955]아토르바스타틴스트론튬/[M247057]아토르바스타틴칼슘염무수물/[M251687]아토르바스타틴칼슘/[M255741]메트포르민아세트산염/[M256664]아토르바스타틴칼슘수화물/[M263837]아토르바스타틴/[M263864]메트포르민/[M266682]메트포르민염산염콜로이드성이산화규소
[M085529]이오파미돌,단일,-,-,기능적신부전에의해유산산성증촉진,48시간이내병용금기,Iopamidol,D000267,D000718,메트포르민,Metformin,[M201260]염산메트포민/[M214651]염산메트포르민/[M223014]메트포르민염산염/[M244179]메트포르민염산염/[M255741]메트포르민아세트산염/[M260057]엠파글리플로진/[M263864]메트포르민/[M266682]메트포르민염산염콜로이드성이산화규소
[M085529]이오파미돌,단일,-,-,기능적신부전에의해유산산성증촉진,48시간이내병용금기,Iopamidol,D000267,D000718,메트포르민,Metformin,[M201260]염산메트포민/[M214651]염산메트포르민/[M223014]메트포르민염산염/[M244179]메트포르민염산염/[M251915]시타글립틴인산염수화물/[M255741]메트포르민아세트산염/[M262101]시타글립틴인산염/[M263864]메트포르민/[M266682]메트포르민염산염콜로이드성이산화규소/[M266925]시타글립틴염산염수화물
[M088268]이오메프롤,단일,-,-,기능적신부전에의해유산산성증촉진,48시간이내병용금기,Iomeprol,D000364,D000718,메트포르민,Metformin,[M201260]염산메트포민/[M214651]염산메트포르민/[M223014]메트포르민염산염/[M244179]메트포르민염산염/[M254878]제미글립틴타르타르산염1.5수화물/[M255741]메트포르민아세트산염/[M263103]제미글립틴타르타르산염1.5수하물/[M263864]메트포르민/[M266682]메트포르민염산염콜로이드성이산화규소
[M085564]이오프로마이드,단일,-,-,기능적신부전에의해유산산성증촉진,48시간이내병용금기,Iopromide,D000761,D000718,메트포르민,Metformin,[M086024]글리메피리드/[M201260]염산메트포민/[M214651]염산메트포르민/[M223014]메트포르민염산염/[M244179]메트포르민염산염/[M255741]메트포르민아세트산염/[M263864]메트포르민/[M266682]메트포르민염산염콜로이드성이산화규소
[M051785]테가푸르/[M088346]테가푸르과립/[M250313]기메라실/[M250314]오테라실칼륨,복합,[D000260]Oteracil(오테라실)/[D000483]Tegafur(테가푸르),-,해당약물병용시gimeracil에의해fluoropyrimidine계열약물의대사가감소하여항암제의독성이증가gimeracil/oteracil/tegafur투여중및종료후7일간해당성분투여금기,-,Gimeracil,D000080,D000504,독시플루리딘,Doxifluridine,[M085422]독시플루리딘
[M050833]염산슈도에페드린/[M081720]황산슈도에페드린/[M095060]말레인산덱스브롬페니라민/[M203364]슈도에페드린염산염/[M222865]수도에페드린염산염/[M248579]수도에페드린황산염/[M253274]d-브롬페니라민말레산염/[M256034]수도에페드린염산염과립/[M258826]수도에페드린,복합,[D000448]Pseudoephedrine(슈도에페드린),-,고혈압|빈맥유발,-,Dexbrompheniramine,D000316,D000698,라사길린,Rasagiline,[M257939]라사길린메실산염
[A000953]이오베르솔/[M088691]이오버솔/[M257716]이오베르솔/[M274167]조이오베르솔,단일,-,-,기능적신부전에의해유산산성증촉진,48시간이내병용금기,Ioversol,D000165,D000718,메트포르민,Metformin,[M201260]염산메트포민/[M214651]염산메트포르민/[M223014]메트포르민염산염/[M244179]메트포르민염산염/[M251915]시타글립틴인산염수화물/[M255741]메트포르민아세트산염/[M262101]시타글립틴인산염/[M263864]메트포르민/[M266682]메트포르민염산염콜로이드성이산화규소/[M266925]시타글립틴염산염수화물
[A000953]이오베르솔/[M088691]이오버솔/[M257716]이오베르솔/[M274167]조이오베르솔,단일,-,-,기능적신부전에의해유산산성증촉진,48시간이내병용금기,Ioversol,D000165,D000718,메트포르민,Metformin,[M092005]염산피오글리타존/[M201260]염산메트포민/[M214651]염산메트포르민/[M223014]메트포르민염산염/[M235069]피오글리타존염산염/[M244179]메트포르민염산염/[M255741]메트포르민아세트산염/[M260948]피오글리타존염/[M263864]메트포르민/[M266682]메트포르민염산염콜로이드성이산화규소
[A000953]이오베르솔/[M088691]이오버솔/[M257716]이오베르솔/[M274167]조이오베르솔,단일,-,-,기능적신부전에의해유산산성증촉진,48시간이내병용금기,Ioversol,D000165,D000718,메트포르민,Metformin,[M201260]염산메트포민/[M214651]염산메트포르민/[M221584]빌다글립틴/[M223014]메트포르민염산염/[M244179]메트포르민염산염/[M255741]메트포르민아세트산염/[M262420]빌다글립틴(미분화)/[M263864]메트포르민/[M266682]메트포르민염산염콜로이드성이산화규소
[A000953]이오베르솔/[M088691]이오버솔/[M257716]이오베르솔/[M274167]조이오베르솔,단일,-,-,기능적신부전에의해유산산성증촉진,48시간이내병용금기,Ioversol,D000165,D000718,메트포르민,Metformin,[M086024]글리메피리드/[M201260]염산메트포민/[M214651]염산메트포르민/[M223014]메트포르민염산염/[M244179]메트포르민염산염/[M255741]메트포르민아세트산염/[M263864]메트포르민/[M266682]메트포르민염산염콜로이드성이산화규소
[A000953]이오베르솔/[M088691]이오버솔/[M257716]이오베르솔/[M274167]조이오베르솔,단일,-,-,기능적신부전에의해유산산성증촉진,48시간이내병용금기,Ioversol,D000165,D000718,메트포르민,Metformin,[M051790]보글리보스/[M201260]염산메트포민/[M214651]염산메트포르민/[M223014]메트포르민염산염/[M244179]메트포르민염산염/[M255741]메트포르민아세트산염/[M263864]메트포르민/[M266682]메트포르민염산염콜로이드성이산화규소
[M085564]이오프로마이드,단일,-,-,기능적신부전에의해유산산성증촉진,48시간이내병용금기,Iopromide,D000761,D000718,메트포르민,Metformin,[M201260]염산메트포민/[M214651]염산메트포르민/[M223014]메트포르민염산염/[M244179]메트포르민염산염/[M251915]시타글립틴인산염수화물/[M255741]메트포르민아세트산염/[M262101]시타글립틴인산염/[M263864]메트포르민/[M266682]메트포르민염산염콜로이드성이산화규소/[M266925]시타글립틴염산염수화물
[M085564]이오프로마이드,단일,-,-,기능적신부전에의해유산산성증촉진,48시간이내병용금기,Iopromide,D000761,D000718,메트포르민,Metformin,[A110293]에르투글리플로진L-피로글루탐산/[M201260]염산메트포민/[M214651]염산메트포르민/[M223014]메트포르민염산염/[M244179]메트포르민염산염/[M255741]메트포르민아세트산염/[M263864]메트포르민/[M266682]메트포르민염산염콜로이드성이산화규소/[M268102]에르투글리플로진L-피로글루탐산/[M272715]미분화에르투글리플로진L-피로글루탐산
[A001652]글레카프레비르/[A003331]피브렌타스비르/[M267076]피브렌타스비르/[M267082]글레카프레비르,복합,[D001363]Pibrentasvir(피브렌타스비르),-,Glecaprevir와Pibrentasvir의혈장농도가유의하게감소하여이약의바이러스학적반응감소가능,-,Glecaprevir,D001362,D000595,페니토인,Phenytoin,[M051706]페니토인/[M051707]페니토인나트륨
[M040283]설파메톡사졸/[M051623]트리메토프림/[M081371]설파메톡사졸나트륨,복합,[D000067]Trimethoprim(트리메토프림),-,신세뇨관에서methotrexate배설이지연되어methotrexate의혈액학적독성증가,-,Sulfamethoxazole,D000546,D000716,메토트렉세이트,Methotrexate,[M040168]메토트렉세이트
[A000953]이오베르솔/[M088691]이오버솔/[M257716]이오베르솔/[M274167]조이오베르솔,단일,-,-,기능적신부전에의해유산산성증촉진,48시간이내병용금기,Ioversol,D000165,D000718,메트포르민,Metformin,[I004369]아토르바스타틴칼슘수화물/[M093499]아토르바스타틴칼슘/[M201260]염산메트포민/[M213543]무수아토르바스타틴칼슘/[M214651]염산메트포르민/[M215219]아토르바스타틴칼슘삼수화물/[M218956]아토르바스타틴삼수화물/[M223014]메트포르민염산염/[M244179]메트포르민염산염/[M244955]아토르바스타틴스트론튬/[M247057]아토르바스타틴칼슘염무수물/[M251687]아토르바스타틴칼슘/[M255741]메트포르민아세트산염/[M256664]아토르바스타틴칼슘수화물/[M263837]아토르바스타틴/[M263864]메트포르민/[M266682]메트포르민염산염콜로이드성이산화규소
[M086785]이오비트리돌,단일,-,-,기능적신부전에의해유산산성증촉진,48시간이내병용금기,Iobitridol,D000760,D000718,메트포르민,Metformin,[M201260]염산메트포민/[M214651]염산메트포르민/[M223014]메트포르민염산염/[M244179]메트포르민염산염/[M255741]메트포르민아세트산염/[M260057]엠파글리플로진/[M263864]메트포르민/[M266682]메트포르민염산염콜로이드성이산화규소
[A001163]테노포비르/[A005561]엘비테그라비르/[M250026]엠트리시타빈/[M256270]코비시스타트이산화규소,복합,[D000561]Elvitegravir(엘비테그라비르)/[D000665]Emtricitabine(엠트리시타빈)/[D000281]Tenofovir(테노포비르),-,Cobicistat및Elvitegravir의혈중농도감소로치료효과소실및내성발현가능,-,Cobicistat,D000673,D000282,페노바르비탈,Phenobarbital,[M040685]페노바르비탈/[M217088]페노바르비탈나트륨
[M040766]할로페리돌/[M089302]할로페리돌데카노에이트,단일,-,-,QT간격연장위험증가,-,Haloperidol,D000113,D000793,레보플록사신,Levofloxacin,[M085584]레보플록사신/[M088567]레보플록사신수화물/[M251128]레보플록사신수화물
[M040766]할로페리돌/[M089302]할로페리돌데카노에이트,단일,-,-,QT간격연장위험증가,-,Haloperidol,D000113,D000742,아지트로마이신,Azithromycin,[M085338]아지스로마이신/[M222871]아지트로마이신/[M250781]아지트로마이신수화물
[M040766]할로페리돌/[M089302]할로페리돌데카노에이트,단일,-,-,QT간격연장위험증가,-,Haloperidol,D000113,D000201,드로네다론,Dronedarone,[M249412]드로네다론염산염
[M089870]요오딕사놀/[M201123]아이오딕사놀/[M222881]이오딕산올,단일,-,-,기능적신부전에의해유산산성증촉진,48시간이내병용금기,Iodixanol,D000831,D000718,메트포르민,Metformin,[M201260]염산메트포민/[M214651]염산메트포르민/[M223014]메트포르민염산염/[M244179]메트포르민염산염/[M255741]메트포르민아세트산염/[M260057]엠파글리플로진/[M263864]메트포르민/[M266682]메트포르민염산염콜로이드성이산화규소
[M089870]요오딕사놀/[M201123]아이오딕사놀/[M222881]이오딕산올,단일,-,-,기능적신부전에의해유산산성증촉진,48시간이내병용금기,Iodixanol,D000831,D000718,메트포르민,Metformin,[A110293]에르투글리플로진L-피로글루탐산/[M201260]염산메트포민/[M214651]염산메트포르민/[M223014]메트포르민염산염/[M244179]메트포르민염산염/[M255741]메트포르민아세트산염/[M263864]메트포르민/[M266682]메트포르민염산염콜로이드성이산화규소/[M268102]에르투글리플로진L-피로글루탐산/[M272715]미분화에르투글리플로진L-피로글루탐산
[M089870]요오딕사놀/[M201123]아이오딕사놀/[M222881]이오딕산올,단일,-,-,기능적신부전에의해유산산성증촉진,48시간이내병용금기,Iodixanol,D000831,D000718,메트포르민,Metformin,[M201260]염산메트포민/[M214651]염산메트포르민/[M223014]메트포르민염산염/[M244179]메트포르민염산염/[M252996]리나글립틴/[M255741]메트포르민아세트산염/[M263864]메트포르민/[M266682]메트포르민염산염콜로이드성이산화규소
[M089870]요오딕사놀/[M201123]아이오딕사놀/[M222881]이오딕산올,단일,-,-,기능적신부전에의해유산산성증촉진,48시간이내병용금기,Iodixanol,D000831,D000718,메트포르민,Metformin,[M095744]로수바스타틴칼슘/[M201260]염산메트포민/[M214651]염산메트포르민/[M223014]메트포르민염산염/[M244179]메트포르민염산염/[M255741]메트포르민아세트산염/[M258559]로수바스타틴칼슘염/[M263864]메트포르민/[M266682]메트포르민염산염콜로이드성이산화규소/[M270546]로수바스타틴칼슘(미분화)
[M089870]요오딕사놀/[M201123]아이오딕사놀/[M222881]이오딕산올,단일,-,-,기능적신부전에의해유산산성증촉진,48시간이내병용금기,Iodixanol,D000831,D000718,메트포르민,Metformin,[M088889]레파글리니드/[M201260]염산메트포민/[M214651]염산메트포르민/[M223014]메트포르민염산염/[M244179]메트포르민염산염/[M255741]메트포르민아세트산염/[M263864]메트포르민/[M266682]메트포르민염산염콜로이드성이산화규소
[A001163]테노포비르/[A005561]엘비테그라비르/[M250026]엠트리시타빈/[M256270]코비시스타트이산화규소,복합,[D000561]Elvitegravir(엘비테그라비르)/[D000665]Emtricitabine(엠트리시타빈)/[D000281]Tenofovir(테노포비르),-,Ergotamine혈중농도증가|말초혈관연축또는국소빈혈,-,Cobicistat,D000673,D000747,에르고타민,Ergotamine,[M040398]주석산에르고타민/[M040579]카페인(함수)/[M040580]무수카페인/[M090611]카페인/[M223126]에르고타민타르타르산염/[M223183]카페인무수물/[M223184]카페인수화물/[M241017]무수물카페인
[M259322]아이오다이즈드오일(양귀비종자유래요오드화지방산에틸에스테르),단일,-,-,기능적신부전에의해유산산성증촉진,48시간이내병용금기,IodisedOil,D000032,D000718,메트포르민,Metformin,[M201260]염산메트포민/[M214651]염산메트포르민/[M223014]메트포르민염산염/[M244179]메트포르민염산염/[M254878]제미글립틴타르타르산염1.5수화물/[M255741]메트포르민아세트산염/[M263103]제미글립틴타르타르산염1.5수하물/[M263864]메트포르민/[M266682]메트포르민염산염콜로이드성이산화규소
[A001163]테노포비르/[A005561]엘비테그라비르/[M250026]엠트리시타빈/[M256270]코비시스타트이산화규소,복합,[D000561]Elvitegravir(엘비테그라비르)/[D000665]Emtricitabine(엠트리시타빈)/[D000281]Tenofovir(테노포비르),-,Cobicistat및Elvitegravir의혈중농도감소로치료효과소실및내성발현가능,-,Cobicistat,D000673,D000447,세인트존스워트,St.JohnsWort,[M220509]세인트존스워트/[M248295]세인트존스워트80%메탄올엑스/[M255952]세인트존스워트50%에탄올엑스/[M256845]세인트존스워트틴크D2/[M258013]세인트존스워트80%메탄올건조엑스
[A001163]테노포비르/[A005561]엘비테그라비르/[M250026]엠트리시타빈/[M256270]코비시스타트이산화규소,복합,[D000561]Elvitegravir(엘비테그라비르)/[D000665]Emtricitabine(엠트리시타빈)/[D000281]Tenofovir(테노포비르),-,Cobicistat및Elvitegravir의혈중농도감소로치료효과소실및내성발현가능,-,Cobicistat,D000673,D001081,리파부틴,Rifabutin,[I003537]리파부틴/[M089091]리파부틴
[I005813]보리코나졸/[M102252]보리코나졸,단일,-,-,Voriconazole의농도감소,-,Voriconazole,D000443,D000447,세인트존스워트,St.JohnsWort,[M220509]세인트존스워트/[M248295]세인트존스워트80%메탄올엑스/[M255952]세인트존스워트50%에탄올엑스/[M256845]세인트존스워트틴크D2/[M258013]세인트존스워트80%메탄올건조엑스
[M083733]이트라코나졸제피과립/[M083734]이트라코나졸/[M092870]이트라코나졸고체분산체/[M201487]이트라코나졸고체분산/[M201624]제피이트라코나졸과립,단일,-,-,Mizolastine의혈중농도증가|QT연장같은Mizolastine관련약물이상반응발생위험이증가.Itraconazole투여중및종료후2주간해당성분투여금기,-,Itraconazole,D000762,D000719,미졸라스틴,Mizolastine,[M089840]미졸라스틴
[M040766]할로페리돌/[M089302]할로페리돌데카노에이트,단일,-,-,QT간격연장위험증가,-,Haloperidol,D000113,D000430,목시플록사신,Moxifloxacin,[M090822]염산목시플록사신/[M247915]목시플록사신염산염/[M247929]목시플록사신
[M040766]할로페리돌/[M089302]할로페리돌데카노에이트,단일,-,-,QT간격연장위험증가,-,Haloperidol,D000113,D000035,에스시탈로프람,Escitalopram,[M234885]에스시탈로프람옥살산염/[M256262]에스시탈로프람
[M088960]이오헥솔,단일,-,-,기능적신부전에의해유산산성증촉진,48시간이내병용금기,Iohexol,D000669,D000718,메트포르민,Metformin,[M051790]보글리보스/[M201260]염산메트포민/[M214651]염산메트포르민/[M223014]메트포르민염산염/[M244179]메트포르민염산염/[M255741]메트포르민아세트산염/[M263864]메트포르민/[M266682]메트포르민염산염콜로이드성이산화규소
[M089870]요오딕사놀/[M201123]아이오딕사놀/[M222881]이오딕산올,단일,-,-,기능적신부전에의해유산산성증촉진,48시간이내병용금기,Iodixanol,D000831,D000718,메트포르민,Metformin,[M201260]염산메트포민/[M214651]염산메트포르민/[M223014]메트포르민염산염/[M244179]메트포르민염산염/[M251915]시타글립틴인산염수화물/[M255741]메트포르민아세트산염/[M262101]시타글립틴인산염/[M263864]메트포르민/[M266682]메트포르민염산염콜로이드성이산화규소/[M266925]시타글립틴염산염수화물
[M089870]요오딕사놀/[M201123]아이오딕사놀/[M222881]이오딕산올,단일,-,-,기능적신부전에의해유산산성증촉진,48시간이내병용금기,Iodixanol,D000831,D000718,메트포르민,Metformin,[M201260]염산메트포민/[M214651]염산메트포르민/[M223014]메트포르민염산염/[M244179]메트포르민염산염/[M255741]메트포르민아세트산염/[M262875]에보글립틴타르타르산염/[M263350]에보글립틴타르타르산염/[M263864]메트포르민/[M266682]메트포르민염산염콜로이드성이산화규소
[A001163]테노포비르/[A005561]엘비테그라비르/[M250026]엠트리시타빈/[M256270]코비시스타트이산화규소,복합,[D000561]Elvitegravir(엘비테그라비르)/[D000665]Emtricitabine(엠트리시타빈)/[D000281]Tenofovir(테노포비르),-,Alfuzosin혈중농도증가,-,Cobicistat,D000673,D001030,알푸조신,Alfuzosin,[M085821]염산알푸조신/[M222874]알푸조신염산염
[M083392]로바스타틴,단일,-,-,혈중농도상승및근육병증/횡문근융해증위험성증가,-,Lovastatin,D000419,D000334,사이클로스포린,Cyclosporine,[A005971]시클로스포린/[M040068]마이크로에멀젼용시클로스포린/[M085282]사이클로스포린/[M085565]시클로스포린
[M102119]피타바스타틴칼슘/[M259724]피타바스타틸칼슘,단일,-,-,혈중농도상승및근육병증/횡문근융해증위험성증가,-,Pitavastatin,D000518,D000334,사이클로스포린,Cyclosporine,[A005971]시클로스포린/[M040068]마이크로에멀젼용시클로스포린/[M085282]사이클로스포린/[M085565]시클로스포린
[M086785]이오비트리돌,단일,-,-,기능적신부전에의해유산산성증촉진,48시간이내병용금기,Iobitridol,D000760,D000718,메트포르민,Metformin,[M086024]글리메피리드/[M201260]염산메트포민/[M214651]염산메트포르민/[M223014]메트포르민염산염/[M244179]메트포르민염산염/[M255741]메트포르민아세트산염/[M263864]메트포르민/[M266682]메트포르민염산염콜로이드성이산화규소
[M259322]아이오다이즈드오일(양귀비종자유래요오드화지방산에틸에스테르),단일,-,-,기능적신부전에의해유산산성증촉진,48시간이내병용금기,IodisedOil,D000032,D000718,메트포르민,Metformin,[A110293]에르투글리플로진L-피로글루탐산/[M201260]염산메트포민/[M214651]염산메트포르민/[M223014]메트포르민염산염/[M244179]메트포르민염산염/[M255741]메트포르민아세트산염/[M263864]메트포르민/[M266682]메트포르민염산염콜로이드성이산화규소/[M268102]에르투글리플로진L-피로글루탐산/[M272715]미분화에르투글리플로진L-피로글루탐산
[M259322]아이오다이즈드오일(양귀비종자유래요오드화지방산에틸에스테르),단일,-,-,기능적신부전에의해유산산성증촉진,48시간이내병용금기,IodisedOil,D000032,D000718,메트포르민,Metformin,[M201260]염산메트포민/[M214651]염산메트포르민/[M221584]빌다글립틴/[M223014]메트포르민염산염/[M244179]메트포르민염산염/[M255741]메트포르민아세트산염/[M262420]빌다글립틴(미분화)/[M263864]메트포르민/[M266682]메트포르민염산염콜로이드성이산화규소
[M259322]아이오다이즈드오일(양귀비종자유래요오드화지방산에틸에스테르),단일,-,-,기능적신부전에의해유산산성증촉진,48시간이내병용금기,IodisedOil,D000032,D000718,메트포르민,Metformin,[M051790]보글리보스/[M201260]염산메트포민/[M214651]염산메트포르민/[M223014]메트포르민염산염/[M244179]메트포르민염산염/[M255741]메트포르민아세트산염/[M263864]메트포르민/[M266682]메트포르민염산염콜로이드성이산화규소
[M085564]이오프로마이드,단일,-,-,기능적신부전에의해유산산성증촉진,48시간이내병용금기,Iopromide,D000761,D000718,메트포르민,Metformin,[M051790]보글리보스/[M201260]염산메트포민/[M214651]염산메트포르민/[M223014]메트포르민염산염/[M244179]메트포르민염산염/[M255741]메트포르민아세트산염/[M263864]메트포르민/[M266682]메트포르민염산염콜로이드성이산화규소
[M085529]이오파미돌,단일,-,-,기능적신부전에의해유산산성증촉진,48시간이내병용금기,Iopamidol,D000267,D000718,메트포르민,Metformin,[I004369]아토르바스타틴칼슘수화물/[M093499]아토르바스타틴칼슘/[M201260]염산메트포민/[M213543]무수아토르바스타틴칼슘/[M214651]염산메트포르민/[M215219]아토르바스타틴칼슘삼수화물/[M218956]아토르바스타틴삼수화물/[M223014]메트포르민염산염/[M244179]메트포르민염산염/[M244955]아토르바스타틴스트론튬/[M247057]아토르바스타틴칼슘염무수물/[M251687]아토르바스타틴칼슘/[M255741]메트포르민아세트산염/[M256664]아토르바스타틴칼슘수화물/[M263837]아토르바스타틴/[M263864]메트포르민/[M266682]메트포르민염산염콜로이드성이산화규소
[M085529]이오파미돌,단일,-,-,기능적신부전에의해유산산성증촉진,48시간이내병용금기,Iopamidol,D000267,D000718,메트포르민,Metformin,[A110293]에르투글리플로진L-피로글루탐산/[M201260]염산메트포민/[M214651]염산메트포르민/[M223014]메트포르민염산염/[M244179]메트포르민염산염/[M255741]메트포르민아세트산염/[M263864]메트포르민/[M266682]메트포르민염산염콜로이드성이산화규소/[M268102]에르투글리플로진L-피로글루탐산/[M272715]미분화에르투글리플로진L-피로글루탐산
[M085529]이오파미돌,단일,-,-,기능적신부전에의해유산산성증촉진,48시간이내병용금기,Iopamidol,D000267,D000718,메트포르민,Metformin,[M095744]로수바스타틴칼슘/[M201260]염산메트포민/[M214651]염산메트포르민/[M223014]메트포르민염산염/[M244179]메트포르민염산염/[M255741]메트포르민아세트산염/[M258559]로수바스타틴칼슘염/[M263864]메트포르민/[M266682]메트포르민염산염콜로이드성이산화규소/[M270546]로수바스타틴칼슘(미분화)
[M085529]이오파미돌,단일,-,-,기능적신부전에의해유산산성증촉진,48시간이내병용금기,Iopamidol,D000267,D000718,메트포르민,Metformin,[M088889]레파글리니드/[M201260]염산메트포민/[M214651]염산메트포르민/[M223014]메트포르민염산염/[M244179]메트포르민염산염/[M255741]메트포르민아세트산염/[M263864]메트포르민/[M266682]메트포르민염산염콜로이드성이산화규소
[M088960]이오헥솔,단일,-,-,기능적신부전에의해유산산성증촉진,48시간이내병용금기,Iohexol,D000669,D000718,메트포르민,Metformin,[M050102]글리벤클라미드/[M201260]염산메트포민/[M214651]염산메트포르민/[M223014]메트포르민염산염/[M244179]메트포르민염산염/[M255741]메트포르민아세트산염/[M263864]메트포르민/[M266682]메트포르민염산염콜로이드성이산화규소
[M088960]이오헥솔,단일,-,-,기능적신부전에의해유산산성증촉진,48시간이내병용금기,Iohexol,D000669,D000718,메트포르민,Metformin,[M099438]글리클라짓/[M201260]염산메트포민/[M214651]염산메트포르민/[M222831]글리클라지드/[M223014]메트포르민염산염/[M244179]메트포르민염산염/[M255741]메트포르민아세트산염/[M258015]글리크라짓/[M263864]메트포르민/[M266682]메트포르민염산염콜로이드성이산화규소
[M089870]요오딕사놀/[M201123]아이오딕사놀/[M222881]이오딕산올,단일,-,-,기능적신부전에의해유산산성증촉진,48시간이내병용금기,Iodixanol,D000831,D000718,메트포르민,Metformin,[M201260]염산메트포민/[M214651]염산메트포르민/[M223014]메트포르민염산염/[M244179]메트포르민염산염/[M254878]제미글립틴타르타르산염1.5수화물/[M255741]메트포르민아세트산염/[M263103]제미글립틴타르타르산염1.5수하물/[M263864]메트포르민/[M266682]메트포르민염산염콜로이드성이산화규소
[M089870]요오딕사놀/[M201123]아이오딕사놀/[M222881]이오딕산올,단일,-,-,기능적신부전에의해유산산성증촉진,48시간이내병용금기,Iodixanol,D000831,D000718,메트포르민,Metformin,[I004369]아토르바스타틴칼슘수화물/[M093499]아토르바스타틴칼슘/[M201260]염산메트포민/[M213543]무수아토르바스타틴칼슘/[M214651]염산메트포르민/[M215219]아토르바스타틴칼슘삼수화물/[M218956]아토르바스타틴삼수화물/[M223014]메트포르민염산염/[M244179]메트포르민염산염/[M244955]아토르바스타틴스트론튬/[M247057]아토르바스타틴칼슘염무수물/[M251687]아토르바스타틴칼슘/[M255741]메트포르민아세트산염/[M256664]아토르바스타틴칼슘수화물/[M263837]아토르바스타틴/[M263864]메트포르민/[M266682]메트포르민염산염콜로이드성이산화규소
[M089870]요오딕사놀/[M201123]아이오딕사놀/[M222881]이오딕산올,단일,-,-,기능적신부전에의해유산산성증촉진,48시간이내병용금기,Iodixanol,D000831,D000718,메트포르민,Metformin,[M092005]염산피오글리타존/[M201260]염산메트포민/[M214651]염산메트포르민/[M223014]메트포르민염산염/[M235069]피오글리타존염산염/[M244179]메트포르민염산염/[M255741]메트포르민아세트산염/[M260948]피오글리타존염/[M263864]메트포르민/[M266682]메트포르민염산염콜로이드성이산화규소
[M089870]요오딕사놀/[M201123]아이오딕사놀/[M222881]이오딕산올,단일,-,-,기능적신부전에의해유산산성증촉진,48시간이내병용금기,Iodixanol,D000831,D000718,메트포르민,Metformin,[M201260]염산메트포민/[M214651]염산메트포르민/[M221584]빌다글립틴/[M223014]메트포르민염산염/[M244179]메트포르민염산염/[M255741]메트포르민아세트산염/[M262420]빌다글립틴(미분화)/[M263864]메트포르민/[M266682]메트포르민염산염콜로이드성이산화규소
[M089870]요오딕사놀/[M201123]아이오딕사놀/[M222881]이오딕산올,단일,-,-,기능적신부전에의해유산산성증촉진,48시간이내병용금기,Iodixanol,D000831,D000718,메트포르민,Metformin,[M086024]글리메피리드/[M201260]염산메트포민/[M214651]염산메트포르민/[M223014]메트포르민염산염/[M244179]메트포르민염산염/[M255741]메트포르민아세트산염/[M263864]메트포르민/[M266682]메트포르민염산염콜로이드성이산화규소
[M086785]이오비트리돌,단일,-,-,기능적신부전에의해유산산성증촉진,48시간이내병용금기,Iobitridol,D000760,D000718,메트포르민,Metformin,[A110293]에르투글리플로진L-피로글루탐산/[M201260]염산메트포민/[M214651]염산메트포르민/[M223014]메트포르민염산염/[M244179]메트포르민염산염/[M255741]메트포르민아세트산염/[M263864]메트포르민/[M266682]메트포르민염산염콜로이드성이산화규소/[M268102]에르투글리플로진L-피로글루탐산/[M272715]미분화에르투글리플로진L-피로글루탐산
[M086785]이오비트리돌,단일,-,-,기능적신부전에의해유산산성증촉진,48시간이내병용금기,Iobitridol,D000760,D000718,메트포르민,Metformin,[M201260]염산메트포민/[M214651]염산메트포르민/[M223014]메트포르민염산염/[M244179]메트포르민염산염/[M252996]리나글립틴/[M255741]메트포르민아세트산염/[M263864]메트포르민/[M266682]메트포르민염산염콜로이드성이산화규소
[M086785]이오비트리돌,단일,-,-,기능적신부전에의해유산산성증촉진,48시간이내병용금기,Iobitridol,D000760,D000718,메트포르민,Metformin,[M201260]염산메트포민/[M214651]염산메트포르민/[M221584]빌다글립틴/[M223014]메트포르민염산염/[M244179]메트포르민염산염/[M255741]메트포르민아세트산염/[M262420]빌다글립틴(미분화)/[M263864]메트포르민/[M266682]메트포르민염산염콜로이드성이산화규소
[M086785]이오비트리돌,단일,-,-,기능적신부전에의해유산산성증촉진,48시간이내병용금기,Iobitridol,D000760,D000718,메트포르민,Metformin,[M088889]레파글리니드/[M201260]염산메트포민/[M214651]염산메트포르민/[M223014]메트포르민염산염/[M244179]메트포르민염산염/[M255741]메트포르민아세트산염/[M263864]메트포르민/[M266682]메트포르민염산염콜로이드성이산화규소
[I012676]로카세린염산염수화물/[M261521]로카세린염산염수화물,단일,-,-,판막심장병위험,-,Lorcaserin,D001063,D000701,펜디메트라진타르타르산염,Phendimetrazinetartrate,[M088437]주석산펜디메트라진/[M214394]주석산펜디메트라진/[M230784]펜디메트라진타르타르산염
[I012690]아수나프레비르,단일,-,-,아수나프레비르에대한바이러스반응의소실을유발가능,-,Asunaprevir,D001075,D000282,페노바르비탈,Phenobarbital,[M040685]페노바르비탈/[M217088]페노바르비탈나트륨
[A005749]에티닐에스트라디올/[M040405]에치닐에스트라디올/[M223147]에티닐에스트라디올/[M259133]에티닐에스트라디올(EE-베타덱스포접체로서),단일,-,-,ALT수치상승이정상최고치(ULN)대비5배이상나오는빈도가유의적으로높게나타남,-,Ethinylestradiol,D000749,D001174,옴비타스비르,Ombitasvir,[A000902]옴비타스비르/[A001241]파리타프레비르/[M118365]파리타프레비르/[M259362]리토나비르
[I012690]아수나프레비르,단일,-,-,아수나프레비르농도상승으로인하여심장부정맥을유발할수있음,-,Asunaprevir,D001075,D000212,플레카이니드아세테이트,FlecainideAcetate,[M201704]초산플레카이니드/[M239215]플레카이니드아세테이트/[M257171]플레카이니드아세트산염
[I012701]소포스부비르/[M260784]소포스부비어/[M262752]소포스부비르,단일,-,-,중대한증상성서맥이나타날수있음.병용이필요한경우심장모니터링이권장됨,-,Sofosbuvir,D001071,D000259,아미오다론,Amiodarone,[A005259]아미오다론
[I012691]다클라타스비르염산염,단일,-,-,다클라타스비르에대한바이러스반응의소실을유발가능,-,Daclatasvir,D001070,D000103,프리미돈,Primidone,[M040736]프리미돈
[I012691]다클라타스비르염산염,단일,-,-,다클라타스비르에대한바이러스반응의소실을유발가능,-,Daclatasvir,D001070,D000263,옥스카르바제핀,Oxcarbazepine,[M086765]옥스카르바제핀
[I012691]다클라타스비르염산염,단일,-,-,다클라타스비르에대한바이러스반응의소실을유발가능,-,Daclatasvir,D001070,D000953,미토테인,Mitotane,[M095400]미토테인/[M200618]미토탄
[I012701]소포스부비르/[I012702]레디파스비르/[M260784]소포스부비어/[M262752]소포스부비르/[M262910]레디파스비르,복합,[D001071]Sofosbuvir(소포스부비르),-,로수바스타틴농도를현저하게증가시킬수있으며|이는횡문근융해증을포함하여근육병증의위험증가,-,Ledipasvir,D001072,D000219,로수바스타틴,Rosuvastatin,[M095744]로수바스타틴칼슘/[M258559]로수바스타틴칼슘염/[M270546]로수바스타틴칼슘(미분화)
[I012701]소포스부비르/[I012702]레디파스비르/[M260784]소포스부비어/[M262752]소포스부비르/[M262910]레디파스비르,복합,[D001071]Sofosbuvir(소포스부비르),-,레디파스비르및소포스부비르혈장농도를현저히떨어뜨려이약의치료효과를감소시킬수있음,-,Ledipasvir,D001072,D000314,리팜피신,Rifampicin,[M020042]리팜피신
[I012701]소포스부비르/[I012702]레디파스비르/[M260784]소포스부비어/[M262752]소포스부비르/[M262910]레디파스비르,복합,[D001071]Sofosbuvir(소포스부비르),-,레디파스비르및소포스부비르혈장농도를현저히떨어뜨려이약의치료효과를감소시킬수있음,-,Ledipasvir,D001072,D000282,페노바르비탈,Phenobarbital,[M040685]페노바르비탈/[M217088]페노바르비탈나트륨
[I012701]소포스부비르/[M260784]소포스부비어/[M262752]소포스부비르,단일,-,-,소포스부비르혈장농도를현저히떨어트려소포스부비르의치료효과를감소시킬수있음,-,Sofosbuvir,D001071,D000282,페노바르비탈,Phenobarbital,[M040685]페노바르비탈/[M217088]페노바르비탈나트륨
[I012691]다클라타스비르염산염,단일,-,-,다클라타스비르에대한바이러스반응의소실을유발가능,-,Daclatasvir,D001070,D000476,카르바마제핀,Carbamazepine,[M040569]카르바마제핀/[M201734]카바마제핀
[M089710]심바스타틴/[M097492]에제티미브,복합,[D000350]Ezetimibe(에제티미브),-,근육병증의위험증가가능,-,Simvastatin,D000027,D000373,클래리트로마이신,Clarithromycin,[M085725]클래리스로마이신/[M087123]클래리스로마이신코팅입자/[M102127]클래리스로마이신제피과립/[M222887]클래리트로마이신/[M223198]클래리트로마이신/[M245961]클래리트로마이신제피과립/[M256483]클래리트로마이신제피과립(42%)
[M220509]세인트존스워트/[M248295]세인트존스워트80%메탄올엑스/[M255952]세인트존스워트50%에탄올엑스/[M256845]세인트존스워트틴크D2/[M258013]세인트존스워트80%메탄올건조엑스,단일,-,-,병용시항바이러스약의치료효과가떨어지고내성발현가능,-,St.JohnsWort,D000447,D000763,인디나빌,Indinavir,[M239870]인디나빌황산염
[M071691]피모짓,단일,-,-,QT연장및심실성부정맥유발가능,-,Pimozide,D000213,D000003,넬피나비어,Nelfinavir,[M088546]메실산넬피나비어
[I012701]소포스부비르/[I012702]레디파스비르/[M260784]소포스부비어/[M262752]소포스부비르/[M262910]레디파스비르,복합,[D001071]Sofosbuvir(소포스부비르),-,레디파스비르및소포스부비르혈장농도를현저히떨어뜨려이약의치료효과를감소시킬수있음,-,Ledipasvir,D001072,D001081,리파부틴,Rifabutin,[I003537]리파부틴/[M089091]리파부틴
[I012701]소포스부비르/[I012702]레디파스비르/[M260784]소포스부비어/[M262752]소포스부비르/[M262910]레디파스비르,복합,[D001071]Sofosbuvir(소포스부비르),-,레디파스비르및소포스부비르혈장농도를현저히떨어뜨려이약의치료효과를감소시킬수있음,-,Ledipasvir,D001072,D000263,옥스카르바제핀,Oxcarbazepine,[M086765]옥스카르바제핀
[I012701]소포스부비르/[M260784]소포스부비어/[M262752]소포스부비르,단일,-,-,소포스부비르혈장농도를현저히떨어트려소포스부비르의치료효과를감소시킬수있음,-,Sofosbuvir,D001071,D000447,세인트존스워트,St.JohnsWort,[M220509]세인트존스워트/[M248295]세인트존스워트80%메탄올엑스/[M255952]세인트존스워트50%에탄올엑스/[M256845]세인트존스워트틴크D2/[M258013]세인트존스워트80%메탄올건조엑스
[I012701]소포스부비르/[M260784]소포스부비어/[M262752]소포스부비르,단일,-,-,소포스부비르혈장농도를현저히떨어트려소포스부비르의치료효과를감소시킬수있음,-,Sofosbuvir,D001071,D000314,리팜피신,Rifampicin,[M020042]리팜피신
[I012691]다클라타스비르염산염,단일,-,-,다클라타스비르에대한바이러스반응의소실을유발가능,-,Daclatasvir,D001070,D000314,리팜피신,Rifampicin,[M020042]리팜피신
[A001163]테노포비르/[A005225]릴피비린/[M250026]엠트리시타빈/[M253921]릴피비린염산염,복합,[D000281]Tenofovir(테노포비르)/[D000225]Rilpivirine(릴피비린),-,-,-,Emtricitabine,D000665,D000447,세인트존스워트,St.JohnsWort,[M220509]세인트존스워트/[M248295]세인트존스워트80%메탄올엑스/[M255952]세인트존스워트50%에탄올엑스/[M256845]세인트존스워트틴크D2/[M258013]세인트존스워트80%메탄올건조엑스
[M260128]보티옥세틴브롬화수소산염,단일,-,-,-,-,Vortioxetine,D001011,D000429,모클로베미드,Moclobemide,[M085249]모클로베미드
[I012701]소포스부비르/[I012702]레디파스비르/[M260784]소포스부비어/[M262752]소포스부비르/[M262910]레디파스비르,복합,[D001071]Sofosbuvir(소포스부비르),-,레디파스비르및소포스부비르혈장농도를현저히떨어뜨려이약의치료효과를감소시킬수있음,-,Ledipasvir,D001072,D000447,세인트존스워트,St.JohnsWort,[M220509]세인트존스워트/[M248295]세인트존스워트80%메탄올엑스/[M255952]세인트존스워트50%에탄올엑스/[M256845]세인트존스워트틴크D2/[M258013]세인트존스워트80%메탄올건조엑스
[I012690]아수나프레비르,단일,-,-,아수나프레비르의농도상승으로인하여심각하나간관련이상반응의발생가능성을증가시킬수있음,-,Asunaprevir,D001075,D000674,크리조티닙,Crizotinib,[M253698]크리조티닙
[I012701]소포스부비르/[I012702]레디파스비르/[M260784]소포스부비어/[M262752]소포스부비르/[M262910]레디파스비르,복합,[D001071]Sofosbuvir(소포스부비르),-,레디파스비르및소포스부비르혈장농도를현저히떨어뜨려이약의치료효과를감소시킬수있음,-,Ledipasvir,D001072,D000103,프리미돈,Primidone,[M040736]프리미돈
[M089710]심바스타틴/[M097492]에제티미브,복합,[D000350]Ezetimibe(에제티미브),-,근육병증의위험증가가능,-,Simvastatin,D000027,D000619,푸시딘산,FusidicAcid,[M020165]푸시딘산나트륨/[M020229]푸시딘산
[I012701]소포스부비르/[M260784]소포스부비어/[M262752]소포스부비르,단일,-,-,소포스부비르혈장농도를현저히떨어트려소포스부비르의치료효과를감소시킬수있음,-,Sofosbuvir,D001071,D000103,프리미돈,Primidone,[M040736]프리미돈
[I012691]다클라타스비르염산염,단일,-,-,다클라타스비르에대한바이러스반응의소실을유발가능,-,Daclatasvir,D001070,D000447,세인트존스워트,St.JohnsWort,[M220509]세인트존스워트/[M248295]세인트존스워트80%메탄올엑스/[M255952]세인트존스워트50%에탄올엑스/[M256845]세인트존스워트틴크D2/[M258013]세인트존스워트80%메탄올건조엑스
[I012691]다클라타스비르염산염,단일,-,-,다클라타스비르에대한바이러스반응의소실을유발가능,-,Daclatasvir,D001070,D001081,리파부틴,Rifabutin,[I003537]리파부틴/[M089091]리파부틴
[I012691]다클라타스비르염산염,단일,-,-,다클라타스비르에대한바이러스반응의소실을유발가능,-,Daclatasvir,D001070,D000595,페니토인,Phenytoin,[M051706]페니토인/[M051707]페니토인나트륨
[I012690]아수나프레비르,단일,-,-,아수나프레비르에대한바이러스반응의소실을유발가능,-,Asunaprevir,D001075,D000314,리팜피신,Rifampicin,[M020042]리팜피신
[I012690]아수나프레비르,단일,-,-,아수나프레비르의농도상승으로인하여심각하나간관련이상반응의발생가능성을증가시킬수있음,-,Asunaprevir,D001075,D000405,포사코나졸,Posaconazole,[M256381]포사코나졸(미분화)
[I012690]아수나프레비르,단일,-,-,아수나프레비르의농도상승으로인하여심각하나간관련이상반응의발생가능성을증가시킬수있음,-,Asunaprevir,D001075,D000003,넬피나비어,Nelfinavir,[M088546]메실산넬피나비어
[I012690]아수나프레비르,단일,-,-,아수나프레비르의농도상승으로인하여심각하나간관련이상반응의발생가능성을증가시킬수있음,-,Asunaprevir,D001075,D000162,이매티닙,Imatinib,[M253530]이매티닙메실산염
[M220509]세인트존스워트/[M248295]세인트존스워트80%메탄올엑스/[M255952]세인트존스워트50%에탄올엑스/[M256845]세인트존스워트틴크D2/[M258013]세인트존스워트80%메탄올건조엑스,단일,-,-,병용시항바이러스약의치료효과가떨어지고내성발현가능,-,St.JohnsWort,D000447,D000003,넬피나비어,Nelfinavir,[M088546]메실산넬피나비어
[M040420]염산에페드린/[M223155]에페드린염산염,단일,-,-,혈관수축및혈압상승효과를증가시킴,-,Ephedrine,D000155,D000202,디히드로에르고타민,Dihydroergotamine,[M086240]디히드로에르고타민메실레이트
[I012690]아수나프레비르,단일,-,-,아수나프레비르에대한바이러스반응의소실을유발가능,-,Asunaprevir,D001075,D000199,덱사메타손,Dexamethasone,[M040080]덱사메타손/[M050208]인산덱사메타손/[M082700]덱사메타손인산나트륨/[M085432]디나트륨인산덱사메타손/[M222954]덱사메타손디나트륨인산염/[M256848]덱사메타손포스페이트이나트륨/[M258481]덱사메타손팔미테이트/[M260226]덱사메타손시페실레이트/[M260415]덱사메타손시페실레이트(미분화)
[M252563]아바나필,단일,-,-,Guanylatecyclase자극제의혈압강하작용증가,-,Avanafil,D000737,D001073,리오시구앗,Riociguat,[M259695]리오시구앗(미분화)
[M088774]희석니트로글리세린/[M094010]5%니트로글리세린무수에탄올액/[M104103]희석된니트로글리세린/[M104323]희석된니트로글리세린(니트로글리세린2%유당)/[M214344]희석힌니트로글리세린용액/[M257143]묽은니트로글리세린,단일,-,-,맥각독성(말초허혈|감각이상|구역|구토)위험증가,소생등의위급상황제외,Nitroglycerin,D000215,D000747,에르고타민,Ergotamine,[M040398]주석산에르고타민/[M040579]카페인(함수)/[M040580]무수카페인/[M090611]카페인/[M223126]에르고타민타르타르산염/[M223183]카페인무수물/[M223184]카페인수화물/[M241017]무수물카페인
[I012701]소포스부비르/[I012702]레디파스비르/[M260784]소포스부비어/[M262752]소포스부비르/[M262910]레디파스비르,복합,[D001071]Sofosbuvir(소포스부비르),-,중대한증상성서맥이나타날수있음.병용이필요한경우심장모니터링이권장됨,-,Ledipasvir,D001072,D000259,아미오다론,Amiodarone,[A005259]아미오다론
[I012691]다클라타스비르염산염,단일,-,-,다클라타스비르에대한바이러스반응의소실을유발가능,-,Daclatasvir,D001070,D000282,페노바르비탈,Phenobarbital,[M040685]페노바르비탈/[M217088]페노바르비탈나트륨
[I012691]다클라타스비르염산염,단일,-,-,중대한증상성서맥이나타날수있음.병용이필요한경우심장모니터링이권장됨,-,Daclatasvir,D001070,D000259,아미오다론,Amiodarone,[A005259]아미오다론
[I012690]아수나프레비르,단일,-,-,아수나프레비르의농도상승으로인하여심각하나간관련이상반응의발생가능성을증가시킬수있음,-,Asunaprevir,D001075,D000443,보리코나졸,Voriconazole,[I005813]보리코나졸/[M102252]보리코나졸
[I012690]아수나프레비르,단일,-,-,아수나프레비르에대한바이러스반응의소실을유발가능,-,Asunaprevir,D001075,D001082,시롤리무스,Sirolimus,[I003725]시롤리무스/[M092290]시롤리머스/[M096307]시롤리무스/[M212252]시롤리무스분산용액/[M259798]시롤리무스분산용액/[M269901]시롤리무스
[I012690]아수나프레비르,단일,-,-,아수나프레비르에대한바이러스반응의소실을유발가능,-,Asunaprevir,D001075,D001081,리파부틴,Rifabutin,[I003537]리파부틴/[M089091]리파부틴
[I012690]아수나프레비르,단일,-,-,아수나프레비르의농도상승으로인하여심각하나간관련이상반응의발생가능성을증가시킬수있음,-,Asunaprevir,D001075,D000517,플루코나졸,Fluconazole,[M084154]플루코나졸
[M260128]보티옥세틴브롬화수소산염,단일,-,-,-,-,Vortioxetine,D001011,D000139,셀레길린염산염,SelegilineHydrochloride,[M222864]셀레길린염산염
[M252145]타펜타돌염산염,단일,-,-,-,-,Tapentadol,D001016,D000139,셀레길린염산염,SelegilineHydrochloride,[M222864]셀레길린염산염
[I012690]아수나프레비르,단일,-,-,아수나프레비르의농도상승으로인하여심각하나간관련이상반응의발생가능성을증가시킬수있음,-,Asunaprevir,D001075,D000769,케토코나졸,Ketoconazole,[M080618]케토코나졸
[M071691]피모짓,단일,-,-,QT연장및심실성부정맥유발가능,-,Pimozide,D000213,D000763,인디나빌,Indinavir,[M239870]인디나빌황산염
[M071691]피모짓,단일,-,-,QT연장및심실성부정맥유발가능,-,Pimozide,D000213,D000673,코비시스타트,Cobicistat,[M256270]코비시스타트이산화규소/[M258751]다루나비르에탄올레이트
[I012701]소포스부비르/[M260784]소포스부비어/[M262752]소포스부비르,단일,-,-,소포스부비르혈장농도를현저히떨어트려소포스부비르의치료효과를감소시킬수있음,-,Sofosbuvir,D001071,D000263,옥스카르바제핀,Oxcarbazepine,[M086765]옥스카르바제핀
[I012701]소포스부비르/[M260784]소포스부비어/[M262752]소포스부비르,단일,-,-,소포스부비르혈장농도를현저히떨어트려소포스부비르의치료효과를감소시킬수있음,-,Sofosbuvir,D001071,D000476,카르바마제핀,Carbamazepine,[M040569]카르바마제핀/[M201734]카바마제핀
[I012690]아수나프레비르,단일,-,-,아수나프레비르에대한바이러스반응의소실을유발가능,-,Asunaprevir,D001075,D000447,세인트존스워트,St.JohnsWort,[M220509]세인트존스워트/[M248295]세인트존스워트80%메탄올엑스/[M255952]세인트존스워트50%에탄올엑스/[M256845]세인트존스워트틴크D2/[M258013]세인트존스워트80%메탄올건조엑스
[I012690]아수나프레비르,단일,-,-,아수나프레비르에대한바이러스반응의소실을유발가능,-,Asunaprevir,D001075,D000263,옥스카르바제핀,Oxcarbazepine,[M086765]옥스카르바제핀
[I012690]아수나프레비르,단일,-,-,아수나프레비르에대한바이러스반응의소실을유발가능,-,Asunaprevir,D001075,D000953,미토테인,Mitotane,[M095400]미토테인/[M200618]미토탄
[I012690]아수나프레비르,단일,-,-,아수나프레비르의농도상승으로인하여심각하나간관련이상반응의발생가능성을증가시킬수있음,-,Asunaprevir,D001075,D000626,로피나비르,Lopinavir,[M259361]로피나비르/[M259362]리토나비르
[I012690]아수나프레비르,단일,-,-,아수나프레비르의농도상승으로인하여심각하나간관련이상반응의발생가능성을증가시킬수있음,-,Asunaprevir,D001075,D000763,인디나빌,Indinavir,[M239870]인디나빌황산염
[M215169]염산둘록세틴(둘록세틴염기로서)/[M245183]둘록세틴/[M245184]둘록세틴염산염/[M245333]염산둘록세틴/[M258601]둘록세틴염산염과립/[M258603]둘록세틴염산염/[M259598]둘록세틴염산염장용과립,단일,-,-,-,-,Duloxetine,D000890,D000800,플루복사민,Fluvoxamine,[M088658]플루복사민말레이트
[I012690]아수나프레비르,단일,-,-,아수나프레비르에대한바이러스반응의소실을유발가능,-,Asunaprevir,D001075,D000076,겜피브로질,Gemfibrozil,[M081453]겜피브로질
[I012690]아수나프레비르,단일,-,-,아수나프레비르에대한바이러스반응의소실을유발가능,-,Asunaprevir,D001075,D000558,에파비렌즈,Efavirenz,[M088675]에파비렌즈
[I012690]아수나프레비르,단일,-,-,아수나프레비르의농도상승으로인하여심각하나간관련이상반응의발생가능성을증가시킬수있음,-,Asunaprevir,D001075,D000395,다루나비르,Darunavir,[M258751]다루나비르에탄올레이트
[I012690]아수나프레비르,단일,-,-,아수나프레비르의농도상승으로인하여심각하나간관련이상반응의발생가능성을증가시킬수있음,-,Asunaprevir,D001075,D000673,코비시스타트,Cobicistat,[M256270]코비시스타트이산화규소/[M258751]다루나비르에탄올레이트
[I012690]아수나프레비르,단일,-,-,아수나프레비르의농도상승으로인하여심각하나간관련이상반응의발생가능성을증가시킬수있음,-,Asunaprevir,D001075,D001076,세리티닙,Ceritinib,[M261400]세리티닙
[M220509]세인트존스워트/[M248295]세인트존스워트80%메탄올엑스/[M255952]세인트존스워트50%에탄올엑스/[M256845]세인트존스워트틴크D2/[M258013]세인트존스워트80%메탄올건조엑스,단일,-,-,병용시항바이러스약의치료효과가떨어지고내성발현가능,-,St.JohnsWort,D000447,D000712,리토나비르,Ritonavir,[M259361]로피나비르/[M259362]리토나비르
[M051799]페노피브레이트/[M089710]심바스타틴/[M092604]미세화페노피브레이트/[M095127]페노피브레이트펠렛/[M096854]미세화페노피브레이트구형과립/[M099150]페노피브레이트펠렛타입/[M099756]미세화페노피브레이트혼합분말/[M255612]페노피브릭산/[M256159]페노피브레이트콜린/[M257159]페노피브레이트과립(미분화)/[M260738]페노피브레이트(미분화),복합,[D000686]Fenofibrate(페노피브레이트),-,근육병증의위험증가가능,-,Simvastatin,D000027,D000712,리토나비르,Ritonavir,[M259362]리토나비르
[A110396]테고프라잔/[M267790]테고프라잔,단일,-,-,위장pH의증가로rilpivirine의흡수가저하되어rilpivirine의치료효과감소,-,Tegoprazan,D001367,D000225,릴피비린,Rilpivirine,[A005225]릴피비린/[I012655]돌루테그라비르나트륨(미분화)/[M253921]릴피비린염산염
[M051799]페노피브레이트/[M089710]심바스타틴/[M092604]미세화페노피브레이트/[M095127]페노피브레이트펠렛/[M096854]미세화페노피브레이트구형과립/[M099150]페노피브레이트펠렛타입/[M099756]미세화페노피브레이트혼합분말/[M255612]페노피브릭산/[M256159]페노피브레이트콜린/[M257159]페노피브레이트과립(미분화)/[M260738]페노피브레이트(미분화),복합,[D000686]Fenofibrate(페노피브레이트),-,근육병증의위험증가가능,-,Simvastatin,D000027,D000373,클래리트로마이신,Clarithromycin,[M085725]클래리스로마이신/[M087123]클래리스로마이신코팅입자/[M102127]클래리스로마이신제피과립/[M222887]클래리트로마이신/[M223198]클래리트로마이신/[M245961]클래리트로마이신제피과립/[M256483]클래리트로마이신제피과립(42%)
[M051799]페노피브레이트/[M089710]심바스타틴/[M092604]미세화페노피브레이트/[M095127]페노피브레이트펠렛/[M096854]미세화페노피브레이트구형과립/[M099150]페노피브레이트펠렛타입/[M099756]미세화페노피브레이트혼합분말/[M255612]페노피브릭산/[M256159]페노피브레이트콜린/[M257159]페노피브레이트과립(미분화)/[M260738]페노피브레이트(미분화),복합,[D000686]Fenofibrate(페노피브레이트),-,근육병증의위험증가가능,-,Simvastatin,D000027,D000405,포사코나졸,Posaconazole,[M256381]포사코나졸(미분화)
[M051799]페노피브레이트/[M089710]심바스타틴/[M092604]미세화페노피브레이트/[M095127]페노피브레이트펠렛/[M096854]미세화페노피브레이트구형과립/[M099150]페노피브레이트펠렛타입/[M099756]미세화페노피브레이트혼합분말/[M255612]페노피브릭산/[M256159]페노피브레이트콜린/[M257159]페노피브레이트과립(미분화)/[M260738]페노피브레이트(미분화),복합,[D000686]Fenofibrate(페노피브레이트),-,근육병증의위험증가가능,-,Simvastatin,D000027,D000619,푸시딘산,FusidicAcid,[M020165]푸시딘산나트륨/[M020229]푸시딘산
[M220509]세인트존스워트/[M248295]세인트존스워트80%메탄올엑스/[M255952]세인트존스워트50%에탄올엑스/[M256845]세인트존스워트틴크D2/[M258013]세인트존스워트80%메탄올건조엑스,단일,-,-,병용시항바이러스약의치료효과가떨어지고내성발현가능,-,St.JohnsWort,D000447,D000654,아바카비르,Abacavir,[I012292]아바카비르황산염/[I012655]돌루테그라비르나트륨(미분화)/[M086332]라미부딘/[M262968]아바카비르황산염
[M086310]리스페리돈/[M098171]리스페리돈서방성미립구,단일,-,-,-,-,Risperidone,D000422,D000560,에피네프린,Epinephrine,[M040421]에피네프린/[M040581]중주석산에피네프린/[M094252]주석산에피네프린/[M251244]에피네프린타르타르산염
[A001163]테노포비르/[A005225]릴피비린/[M250026]엠트리시타빈/[M253921]릴피비린염산염,복합,[D000281]Tenofovir(테노포비르)/[D000225]Rilpivirine(릴피비린),-,-,-,Emtricitabine,D000665,D000301,레바프라잔,Revaprazan,[M102535]레바프라잔/[M261872]레바프라잔염산염
[A004571]데스벤라팍신,단일,-,-,-,-,Desvenlafaxine,D001010,D000429,모클로베미드,Moclobemide,[M085249]모클로베미드
[A004571]데스벤라팍신,단일,-,-,-,-,Desvenlafaxine,D001010,D000139,셀레길린염산염,SelegilineHydrochloride,[M222864]셀레길린염산염
[M215169]염산둘록세틴(둘록세틴염기로서)/[M245183]둘록세틴/[M245184]둘록세틴염산염/[M245333]염산둘록세틴/[M258601]둘록세틴염산염과립/[M258603]둘록세틴염산염/[M259598]둘록세틴염산염장용과립,단일,-,-,-,-,Duloxetine,D000890,D000429,모클로베미드,Moclobemide,[M085249]모클로베미드
[M215169]염산둘록세틴(둘록세틴염기로서)/[M245183]둘록세틴/[M245184]둘록세틴염산염/[M245333]염산둘록세틴/[M258601]둘록세틴염산염과립/[M258603]둘록세틴염산염/[M259598]둘록세틴염산염장용과립,단일,-,-,-,-,Duloxetine,D000890,D000139,셀레길린염산염,SelegilineHydrochloride,[M222864]셀레길린염산염
[A001163]테노포비르/[A005225]릴피비린/[M250026]엠트리시타빈/[M253921]릴피비린염산염,복합,[D000281]Tenofovir(테노포비르)/[D000225]Rilpivirine(릴피비린),-,-,-,Emtricitabine,D000665,D000263,옥스카르바제핀,Oxcarbazepine,[M086765]옥스카르바제핀
[A001163]테노포비르/[A005225]릴피비린/[M250026]엠트리시타빈/[M253921]릴피비린염산염,복합,[D000281]Tenofovir(테노포비르)/[D000225]Rilpivirine(릴피비린),-,-,-,Emtricitabine,D000665,D000469,오메프라졸,Omeprazole,[M083697]오메프라졸장용성과립/[M083698]오메프라졸/[M089720]오메프라졸나트륨/[M201348]오메프라졸장용과립
[A001163]테노포비르/[A005225]릴피비린/[M250026]엠트리시타빈/[M253921]릴피비린염산염,복합,[D000281]Tenofovir(테노포비르)/[D000225]Rilpivirine(릴피비린),-,-,-,Emtricitabine,D000665,D000168,일라프라졸,Ilaprazole,[M243753]일라프라졸/[M245218]일라프라졸
[I012691]다클라타스비르염산염,단일,-,-,다클라타스비르에대한바이러스반응의소실을유발가능,-,Daclatasvir,D001070,D001079,엔잘루타마이드,Enzalutamide,[M257255]엔잘루타마이드
[I012690]아수나프레비르,단일,-,-,아수나프레비르의농도상승으로인하여심각하나간관련이상반응의발생가능성을증가시킬수있음,-,Asunaprevir,D001075,D000329,베라파밀,Verapamil,[M080637]염산베라파밀/[M203207]베라파밀염산염
[I012690]아수나프레비르,단일,-,-,아수나프레비르에대한바이러스반응의소실을유발가능,-,Asunaprevir,D001075,D001074,네비라핀,Nevirapine,[I002518]네비라핀/[I009520]네비라핀반수화물/[M088529]무수네비라핀/[M094375]반수네비라핀/[M200179]네비라핀/[M200180]네비라핀반수화물
[I012690]아수나프레비르,단일,-,-,아수나프레비르에대한바이러스반응의소실을유발가능,-,Asunaprevir,D001075,D000036,에트라비린,Etravirine,[M236272]에트라비린
[I012690]아수나프레비르,단일,-,-,아수나프레비르의농도상승으로인하여심각하나간관련이상반응의발생가능성을증가시킬수있음,-,Asunaprevir,D001075,D000256,에리트로마이신,Erythromycin,[M020095]에리스로마이신/[M020096]락토비온산에리스로마이신/[M020099]에리스로마이신에스톨레이트/[M020201]프로피온산에리스로마이신/[M223129]에리트로마이신/[M223130]에리트로마이신스테아르산염/[M223131]에리트로마이신에스톨산염/[M223132]에리트로마이신에틸숙시네이트/[M251863]에리트로마이신락토비온산염/[M256206]에리트로마이신장용피입자/[M257644]에리트로마이신스티노프레이트
[I012690]아수나프레비르,단일,-,-,아수나프레비르의농도상승으로인하여심각하나간관련이상반응의발생가능성을증가시킬수있음,-,Asunaprevir,D001075,D000818,딜티아젬,Diltiazem,[M080266]염산딜티아젬/[M081095]딜티아젬아시딕폴리머콤플렉스/[M085036]염산딜티아젬60밀리그람서방형삼층정3정/[M088241]염산딜티아젬서방형입자/[M089288]염산딜티아젬서방성과립/[M222982]딜티아젬염산염
[I012690]아수나프레비르,단일,-,-,아수나프레비르에대한바이러스반응의소실을유발가능,-,Asunaprevir,D001075,D001078,다브라페닙,Dabrafenib,[M260368]다브라페닙메실산염(미분화)/[M266849]다브라페닙메실산염
[I012690]아수나프레비르,단일,-,-,아수나프레비르의농도상승으로인하여심각하나간관련이상반응의발생가능성을증가시킬수있음,-,Asunaprevir,D001075,D000673,코비시스타트,Cobicistat,[M249264]아타자나비어황산염/[M256270]코비시스타트이산화규소/[M263079]아타자나비르황산염
[I012690]아수나프레비르,단일,-,-,아수나프레비르에대한바이러스반응의소실을유발가능,-,Asunaprevir,D001075,D000476,카르바마제핀,Carbamazepine,[M040569]카르바마제핀/[M201734]카바마제핀
[M220509]세인트존스워트/[M248295]세인트존스워트80%메탄올엑스/[M255952]세인트존스워트50%에탄올엑스/[M256845]세인트존스워트틴크D2/[M258013]세인트존스워트80%메탄올건조엑스,단일,-,-,병용시항바이러스약의치료효과가떨어지고내성발현가능,-,St.JohnsWort,D000447,D000558,에파비렌즈,Efavirenz,[M088675]에파비렌즈
[I012701]소포스부비르/[M260784]소포스부비어/[M262752]소포스부비르,단일,-,-,항바이러스제의혈중농도증가로부작용발생위험증가,-,Sofosbuvir,D001071,D001081,리파부틴,Rifabutin,[I003537]리파부틴/[M089091]리파부틴
[M088774]희석니트로글리세린/[M094010]5%니트로글리세린무수에탄올액/[M104103]희석된니트로글리세린/[M104323]희석된니트로글리세린(니트로글리세린2%유당)/[M214344]희석힌니트로글리세린용액/[M257143]묽은니트로글리세린,단일,-,-,혈압강하작용증가,소생등의위급상황제외,Nitroglycerin,D000215,D001073,리오시구앗,Riociguat,[M259695]리오시구앗(미분화)
[A000058]그라조프레비르/[A000849]엘바스비르,복합,[D001172]Grazoprevir(그라조프레비르),-,그라조프레비르의혈장농도가유의하게증가하여ALT상승위험증가가능,-,Elbasvir,D001171,D000626,로피나비르,Lopinavir,[M259361]로피나비르/[M259362]리토나비르
[M251630]다비가트란에텍실레이트메실산염,단일,-,-,다비가트란의혈중농도증가,-,Dabigatranetexilate,D000396,D000447,세인트존스워트,St.JohnsWort,[M220509]세인트존스워트/[M248295]세인트존스워트80%메탄올엑스/[M255952]세인트존스워트50%에탄올엑스/[M256845]세인트존스워트틴크D2/[M258013]세인트존스워트80%메탄올건조엑스
[M251630]다비가트란에텍실레이트메실산염,단일,-,-,다비가트란의혈중농도감소,-,Dabigatranetexilate,D000396,D000314,리팜피신,Rifampicin,[C040412]염산에탐부톨/[I001315]에탐부톨염산염/[M020042]리팜피신/[M040412]염산에탐부톨/[M040746]피라진아미드/[M223143]에탐부톨염산염/[M223144]에탐부톨염산염정/[M223170]이소니아지드
[I012742]팔보시클립/[M263856]팔보시클립,단일,-,-,팔보시클립의혈장농도증가,-,palbociclib,D001149,D000443,보리코나졸,Voriconazole,[I005813]보리코나졸/[M102252]보리코나졸
[M251630]다비가트란에텍실레이트메실산염,단일,-,-,다비가트란의혈중농도증가,-,Dabigatranetexilate,D000396,D000595,페니토인,Phenytoin,[M051706]페니토인/[M051707]페니토인나트륨
[I012742]팔보시클립/[M263856]팔보시클립,단일,-,-,팔보시클립의혈장농도감소,-,palbociclib,D001149,D000447,세인트존스워트,St.JohnsWort,[M220509]세인트존스워트/[M248295]세인트존스워트80%메탄올엑스/[M255952]세인트존스워트50%에탄올엑스/[M256845]세인트존스워트틴크D2/[M258013]세인트존스워트80%메탄올건조엑스
[I012742]팔보시클립/[M263856]팔보시클립,단일,-,-,팔보시클립의혈장농도증가,-,palbociclib,D001149,D000595,페니토인,Phenytoin,[M051706]페니토인/[M051707]페니토인나트륨
[I012742]팔보시클립/[M263856]팔보시클립,단일,-,-,팔보시클립의혈장농도증가,-,palbociclib,D001149,D000476,카르바마제핀,Carbamazepine,[M040569]카르바마제핀/[M201734]카바마제핀
[C040452]염산옥시메타졸린/[I002775]옥시메타졸린염산염/[M040452]염산옥시메타졸린/[M223162]옥시메타졸린염산염/[M223163]옥시메타졸린염산염점비액,단일,-,-,고혈압초래가능혈관수축작용으로혈압상승가능,-,Oxymetazoline,D001091,D000277,클로미프라민,Clomipramine,[M223223]클로미프라민염산염
[I012742]팔보시클립/[M263856]팔보시클립,단일,-,-,팔보시클립의혈장농도증가,-,palbociclib,D001149,D000763,인디나빌,Indinavir,[M239870]인디나빌황산염
[I012742]팔보시클립/[M263856]팔보시클립,단일,-,-,팔보시클립의혈장농도증가,-,palbociclib,D001149,D000769,케토코나졸,Ketoconazole,[M080618]케토코나졸
[M251630]다비가트란에텍실레이트메실산염,단일,-,-,다비가트란의혈중농도증가,-,Dabigatranetexilate,D000396,D000476,카르바마제핀,Carbamazepine,[M040569]카르바마제핀/[M201734]카바마제핀
[M083733]이트라코나졸제피과립/[M083734]이트라코나졸/[M092870]이트라코나졸고체분산체/[M201487]이트라코나졸고체분산/[M201624]제피이트라코나졸과립,단일,-,-,티카그렐러는이트라코나졸에의해혈장농도가증가가능,-,Itraconazole,D000762,D000385,티카그렐러,Ticagrelor,[A005385]티카그렐러/[M252585]티카그렐러
[M251630]다비가트란에텍실레이트메실산염,단일,-,-,다비가트란의혈중농도증가,-,Dabigatranetexilate,D000396,D000769,케토코나졸,Ketoconazole,[M080618]케토코나졸
[C040452]염산옥시메타졸린/[I002775]옥시메타졸린염산염/[M040452]염산옥시메타졸린/[M223162]옥시메타졸린염산염/[M223163]옥시메타졸린염산염점비액,단일,-,-,고혈압초래가능혈관수축작용으로혈압상승가능,-,Oxymetazoline,D001091,D000248,아목사핀,Amoxapine,[M088554]아목사핀
[M085725]클래리스로마이신/[M087123]클래리스로마이신코팅입자/[M102127]클래리스로마이신제피과립/[M222887]클래리트로마이신/[M223198]클래리트로마이신/[M245961]클래리트로마이신제피과립/[M256483]클래리트로마이신제피과립(42%),단일,-,-,-,-,Clarithromycin,D000373,D000582,콜키신,Colchicine,[M091703]콜키신
[I012742]팔보시클립/[M263856]팔보시클립,단일,-,-,팔보시클립의혈장농도증가,-,palbociclib,D001149,D000314,리팜피신,Rifampicin,[M020042]리팜피신
[I012742]팔보시클립/[M263856]팔보시클립,단일,-,-,팔보시클립의혈장농도증가,-,palbociclib,D001149,D001079,엔잘루타마이드,Enzalutamide,[M257255]엔잘루타마이드
[I012742]팔보시클립/[M263856]팔보시클립,단일,-,-,팔보시클립의혈장농도증가,-,palbociclib,D001149,D000712,리토나비르,Ritonavir,[M259362]리토나비르
[I012742]팔보시클립/[M263856]팔보시클립,단일,-,-,팔보시클립의혈장농도증가,-,palbociclib,D001149,D000003,넬피나비어,Nelfinavir,[M088546]메실산넬피나비어
[I012742]팔보시클립/[M263856]팔보시클립,단일,-,-,팔보시클립의혈장농도증가,-,palbociclib,D001149,D000626,로피나비르,Lopinavir,[M259361]로피나비르/[M259362]리토나비르
[I012742]팔보시클립/[M263856]팔보시클립,단일,-,-,팔보시클립의혈장농도증가,-,palbociclib,D001149,D000405,포사코나졸,Posaconazole,[M256381]포사코나졸(미분화)
[I012742]팔보시클립/[M263856]팔보시클립,단일,-,-,팔보시클립의혈장농도증가,-,palbociclib,D001149,D000373,클래리트로마이신,Clarithromycin,[M085725]클래리스로마이신/[M087123]클래리스로마이신코팅입자/[M102127]클래리스로마이신제피과립/[M222887]클래리트로마이신/[M223198]클래리트로마이신/[M245961]클래리트로마이신제피과립/[M256483]클래리트로마이신제피과립(42%)
[C040631]탄산수소나트륨/[C096332]탄산수소나트륨수용액/[I003757]탄산수소나트륨/[M040631]탄산수소나트륨/[M083697]오메프라졸장용성과립/[M083698]오메프라졸/[M089720]오메프라졸나트륨/[M091817]중탄산수소나트륨/[M096332]탄산수소나트륨수용액/[M104138]포화탄산수소나트륨/[M104658]5%탄산수소나트륨/[M201348]오메프라졸장용과립/[M206247]무균탄산수소나트륨/[M206711]탄산수소나트륨(중조)/[M207094]탄산수소나트륨/[M215774]5%탄산수소나트륨수용액/[M230823]탄산수소나트륨액/[M250011]탄산수소나트륨주사액/[M253779]탄산수소나트륨(제3법),복합,[D001148]sodiumbicarbonate(탄산수소나트륨),-,위장pH의증가로릴피비린의흡수가저하되어릴피비린의치료효과감소,-,Omeprazole,D000469,D000225,릴피비린,Rilpivirine,[A005225]릴피비린/[M253921]릴피비린염산염
[M214384]염산미로데나필/[M253534]미로데나필,단일,-,-,Guanylatecyclase자극제의혈압강하작용증가,-,Mirodenafil,D000128,D001073,리오시구앗,Riociguat,[M259695]리오시구앗(미분화)
[M223358]히드록시진염산염,단일,-,-,심부정맥위험증가가능,-,Hydroxyzine,D000114,D000256,에리트로마이신,Erythromycin,[M020095]에리스로마이신/[M020096]락토비온산에리스로마이신/[M020099]에리스로마이신에스톨레이트/[M020201]프로피온산에리스로마이신/[M223129]에리트로마이신/[M223130]에리트로마이신스테아르산염/[M223131]에리트로마이신에스톨산염/[M223132]에리트로마이신에틸숙시네이트/[M251863]에리트로마이신락토비온산염/[M256206]에리트로마이신장용피입자/[M257644]에리트로마이신스티노프레이트
[A000058]그라조프레비르/[A000849]엘바스비르,복합,[D001172]Grazoprevir(그라조프레비르),-,그라조프레비르의혈장농도가유의하게증가하여ALT상승위험증가가능,-,Elbasvir,D001171,D000334,사이클로스포린,Cyclosporine,[A005971]시클로스포린/[M040068]마이크로에멀젼용시클로스포린/[M085282]사이클로스포린/[M085565]시클로스포린
[I012676]로카세린염산염수화물/[M261521]로카세린염산염수화물,단일,-,-,판막심장병위험,-,Lorcaserin,D001063,D000505,디에틸프로피온,Diethylpropion,[M215226]염산디에칠프로피온/[M230781]디에틸프로피온염산염
[A000098]날트렉손/[I000166]부프로피온염산염/[M095783]염산부프로피온/[M233238]부프로피온염산염,복합,[D001312]Naltrexone(날트렉손),-,안전성및유효성미확립,-,BupropionHydrochloride,D000018,D001063,로카세린,Lorcaserin,[I012676]로카세린염산염수화물/[M261521]로카세린염산염수화물
[A000098]날트렉손/[I000166]부프로피온염산염/[M095783]염산부프로피온/[M233238]부프로피온염산염,복합,[D001312]Naltrexone(날트렉손),-,판막심장병위험,-,BupropionHydrochloride,D000018,D000505,디에틸프로피온,Diethylpropion,[M215226]염산디에칠프로피온/[M230781]디에틸프로피온염산염
[A005749]에티닐에스트라디올/[M040405]에치닐에스트라디올/[M080323]초산시프로테론/[M222867]시프로테론아세테이트/[M223147]에티닐에스트라디올/[M259133]에티닐에스트라디올(EE-베타덱스포접체로서),복합,[D000733]Cyproterone(시프로테론),-,ALT수치가정상치상한기준보다20배이상높게나타나는데영향이있음,-,Ethinylestradiol,D000749,D001174,옴비타스비르,Ombitasvir,[A000902]옴비타스비르/[A001241]파리타프레비르/[M118365]파리타프레비르/[M259362]리토나비르
[A000058]그라조프레비르/[A000849]엘바스비르,복합,[D001172]Grazoprevir(그라조프레비르),-,엘바스비르와그라조프레비르의혈장농도가유의하게감소하여이약의바이러스학적반응감소가능,-,Elbasvir,D001171,D000447,세인트존스워트,St.JohnsWort,[M220509]세인트존스워트/[M248295]세인트존스워트80%메탄올엑스/[M255952]세인트존스워트50%에탄올엑스/[M256845]세인트존스워트틴크D2/[M258013]세인트존스워트80%메탄올건조엑스
[A000058]그라조프레비르/[A000849]엘바스비르,복합,[D001172]Grazoprevir(그라조프레비르),-,엘바스비르와그라조프레비르의혈장농도가유의하게감소하여이약의바이러스학적반응감소가능,-,Elbasvir,D001171,D000476,카르바마제핀,Carbamazepine,[M040569]카르바마제핀/[M201734]카바마제핀
[M223358]히드록시진염산염,단일,-,-,심부정맥위험증가가능,-,Hydroxyzine,D000114,D000113,할로페리돌,Haloperidol,[M040766]할로페리돌/[M089302]할로페리돌데카노에이트
[M223358]히드록시진염산염,단일,-,-,심부정맥위험증가가능,-,Hydroxyzine,D000114,D000035,에스시탈로프람,Escitalopram,[M234885]에스시탈로프람옥살산염/[M256262]에스시탈로프람
[M223358]히드록시진염산염,단일,-,-,심부정맥위험증가가능,-,Hydroxyzine,D000114,D000332,시탈로프람,Citalopram,[M085304]브롬화수소산시탈로프람
[C040631]탄산수소나트륨/[C096332]탄산수소나트륨수용액/[I003757]탄산수소나트륨/[M040631]탄산수소나트륨/[M083697]오메프라졸장용성과립/[M083698]오메프라졸/[M089720]오메프라졸나트륨/[M091817]중탄산수소나트륨/[M096332]탄산수소나트륨수용액/[M104138]포화탄산수소나트륨/[M104658]5%탄산수소나트륨/[M201348]오메프라졸장용과립/[M206247]무균탄산수소나트륨/[M206711]탄산수소나트륨(중조)/[M207094]탄산수소나트륨/[M215774]5%탄산수소나트륨수용액/[M230823]탄산수소나트륨액/[M250011]탄산수소나트륨주사액/[M253779]탄산수소나트륨(제3법),복합,[D001148]sodiumbicarbonate(탄산수소나트륨),-,위장pH의증가로릴피비린의흡수가저하되어릴피비린의치료효과감소,-,Omeprazole,D000469,D000665,엠트리시타빈,Emtricitabine,[A001163]테노포비르/[A005225]릴피비린/[M250026]엠트리시타빈/[M253921]릴피비린염산염
[M223358]히드록시진염산염,단일,-,-,심부정맥위험증가가능,-,Hydroxyzine,D000114,D000259,아미오다론,Amiodarone,[A005259]아미오다론
[I004369]아토르바스타틴칼슘수화물/[I004994]이르베사르탄/[M092285]이베사탄/[M093499]아토르바스타틴칼슘/[M213543]무수아토르바스타틴칼슘/[M215219]아토르바스타틴칼슘삼수화물/[M218956]아토르바스타틴삼수화물/[M244955]아토르바스타틴스트론튬/[M247057]아토르바스타틴칼슘염무수물/[M251687]아토르바스타틴칼슘/[M251853]이르베사르탄/[M255988]이르베사탄/[M256664]아토르바스타틴칼슘수화물/[M263837]아토르바스타틴,복합,[D000046]Irbesartan(이르베사르탄),-,횡문근융해와같은중증의근육이상보고,-,Atorvastatin,D000455,D000619,푸시딘산,FusidicAcid,[M020165]푸시딘산나트륨/[M020229]푸시딘산
[I004369]아토르바스타틴칼슘수화물/[M093499]아토르바스타틴칼슘/[M097492]에제티미브/[M213543]무수아토르바스타틴칼슘/[M215219]아토르바스타틴칼슘삼수화물/[M218956]아토르바스타틴삼수화물/[M244955]아토르바스타틴스트론튬/[M247057]아토르바스타틴칼슘염무수물/[M251687]아토르바스타틴칼슘/[M256664]아토르바스타틴칼슘수화물/[M263837]아토르바스타틴,복합,[D000350]Ezetimibe(에제티미브),-,횡문근융해와같은중증의근육이상보고,-,Atorvastatin,D000455,D000619,푸시딘산,FusidicAcid,[M020165]푸시딘산나트륨/[M020229]푸시딘산
[I004369]아토르바스타틴칼슘수화물/[M083437]베실산암로디핀/[M093499]아토르바스타틴칼슘/[M100608]말레인산암로디핀/[M100610]캄실산암로디핀/[M101934]암로디핀/[M102166]메실산암로디핀일수화물/[M102534]암로디핀오로트산염/[M213543]무수아토르바스타틴칼슘/[M215219]아토르바스타틴칼슘삼수화물/[M218956]아토르바스타틴삼수화물/[M222875]암로디핀베실산염/[M244955]아토르바스타틴스트론튬/[M246033]암로디핀캄실산염/[M247057]아토르바스타틴칼슘염무수물/[M250821]암로디핀아디핀산염/[M250983]암로디핀말레산염/[M251079]암로디핀니코틴산염/[M251687]아토르바스타틴칼슘/[M254832]암로디핀메실산염일수화물/[M256664]아토르바스타틴칼슘수화물/[M257408]암로디핀아디프산염/[M263837]아토르바스타틴,복합,[D000152]Amlodipine(암로디핀),-,횡문근융해와같은중증의근육이상보고,-,Atorvastatin,D000455,D000619,푸시딘산,FusidicAcid,[M020165]푸시딘산나트륨/[M020229]푸시딘산
[I004369]아토르바스타틴칼슘수화물/[M093499]아토르바스타틴칼슘/[M213543]무수아토르바스타틴칼슘/[M215219]아토르바스타틴칼슘삼수화물/[M218956]아토르바스타틴삼수화물/[M244955]아토르바스타틴스트론튬/[M247057]아토르바스타틴칼슘염무수물/[M251687]아토르바스타틴칼슘/[M256664]아토르바스타틴칼슘수화물/[M263837]아토르바스타틴,단일,-,-,횡문근융해와같은중증의근육이상보고,-,Atorvastatin,D000455,D000619,푸시딘산,FusidicAcid,[M020165]푸시딘산나트륨/[M020229]푸시딘산
[M085578]란소프라졸/[M091244]란소프라졸과립,단일,-,-,치료효과의손실과약물내성나타날수있음,-,Lansoprazole,D000699,D000003,넬피나비어,Nelfinavir,[M088546]메실산넬피나비어
[M050116]나프록센/[M092321]에스오메프라졸마그네슘삼수화물/[M100498]에스오메프라졸나트륨/[M221042]에스오메프라졸스트론튬사수화물/[M242227]에스오메프라졸마그네슘이수화물/[M249554]에스오메프라졸/[M259375]에스오메프라졸마그네슘이수화물/[M262063]에스오메프라졸마그네슘과립,복합,[D000195]Naproxen(나프록센),-,위장pH의증가로릴피비린의흡수가저하되어릴피비린의치료효과감소,-,Esomeprazole,D000153,D000665,엠트리시타빈,Emtricitabine,[A001163]테노포비르/[A005225]릴피비린/[M250026]엠트리시타빈/[M253921]릴피비린염산염
[M050116]나프록센/[M092321]에스오메프라졸마그네슘삼수화물/[M100498]에스오메프라졸나트륨/[M221042]에스오메프라졸스트론튬사수화물/[M242227]에스오메프라졸마그네슘이수화물/[M249554]에스오메프라졸/[M259375]에스오메프라졸마그네슘이수화물/[M262063]에스오메프라졸마그네슘과립,복합,[D000195]Naproxen(나프록센),-,위장pH의증가로릴피비린의흡수가저하되어릴피비린의치료효과감소,-,Esomeprazole,D000153,D000225,릴피비린,Rilpivirine,[A005225]릴피비린/[M253921]릴피비린염산염
[I012742]팔보시클립/[M263856]팔보시클립,단일,-,-,팔보시클립의혈장농도증가,-,palbociclib,D001149,D000762,이트라코나졸,Itraconazole,[M083733]이트라코나졸제피과립/[M083734]이트라코나졸/[M092870]이트라코나졸고체분산체/[M201487]이트라코나졸고체분산/[M201624]제피이트라코나졸과립
[M115229]S-판토프라졸나트륨삼수화물,단일,-,-,넬피나비르의혈장농도가감소되어치료효과의손실과약물내성이나타날수있음.,-,S-Pantoprazole,D000751,D000003,넬피나비어,Nelfinavir,[M088546]메실산넬피나비어
[A005386]판토프라졸,단일,-,-,넬피나비르의혈장농도가감소되어치료효과의손실과약물내성이나타날수있음.,-,Pantoprazole,D000386,D000003,넬피나비어,Nelfinavir,[M088546]메실산넬피나비어
[I012701]소포스부비르/[M260784]소포스부비어/[M262752]소포스부비르,단일,-,-,소포스부비르혈장농도를현저히떨어트려소포스부비르의치료효과를감소시킬수있음,-,Sofosbuvir,D001071,D000209,포스페니토인,Fosphenytoin,[M235712]포스페니토인나트륨
[I012690]아수나프레비르,단일,-,-,아수나프레비르의농도상승으로인하여심각하나간관련이상반응의발생가능성을증가시킬수있음,-,Asunaprevir,D001075,D000762,이트라코나졸,Itraconazole,[M083733]이트라코나졸제피과립/[M083734]이트라코나졸/[M092870]이트라코나졸고체분산체/[M201487]이트라코나졸고체분산/[M201624]제피이트라코나졸과립
[I012690]아수나프레비르,단일,-,-,아수나프레비르에대한바이러스반응의소실을유발가능,-,Asunaprevir,D001075,D000209,포스페니토인,Fosphenytoin,[M235712]포스페니토인나트륨
[I012690]아수나프레비르,단일,-,-,아수나프레비르의농도상승으로인하여심각하나간관련이상반응의발생가능성을증가시킬수있음,-,Asunaprevir,D001075,D000373,클래리트로마이신,Clarithromycin,[M085725]클래리스로마이신/[M087123]클래리스로마이신코팅입자/[M102127]클래리스로마이신제피과립/[M222887]클래리트로마이신/[M223198]클래리트로마이신/[M245961]클래리트로마이신제피과립/[M256483]클래리트로마이신제피과립(42%)
[M220509]세인트존스워트/[M248295]세인트존스워트80%메탄올엑스/[M255952]세인트존스워트50%에탄올엑스/[M256845]세인트존스워트틴크D2/[M258013]세인트존스워트80%메탄올건조엑스,단일,-,-,병용시항바이러스약의치료효과가떨어지고내성발현가능,-,St.JohnsWort,D000447,D000712,리토나비르,Ritonavir,[M259362]리토나비르
[M071691]피모짓,단일,-,-,QT연장및심실성부정맥유발가능,-,Pimozide,D000213,D000673,코비시스타트,Cobicistat,[M249264]아타자나비어황산염/[M256270]코비시스타트이산화규소/[M263079]아타자나비르황산염
[I012701]소포스부비르/[I012702]레디파스비르/[M260784]소포스부비어/[M262752]소포스부비르/[M262910]레디파스비르,복합,[D001071]Sofosbuvir(소포스부비르),-,레디파스비르및소포스부비르혈장농도를현저히떨어뜨려이약의치료효과를감소시킬수있음,-,Ledipasvir,D001072,D000595,페니토인,Phenytoin,[M051706]페니토인/[M051707]페니토인나트륨
[I012701]소포스부비르/[I012702]레디파스비르/[M260784]소포스부비어/[M262752]소포스부비르/[M262910]레디파스비르,복합,[D001071]Sofosbuvir(소포스부비르),-,레디파스비르및소포스부비르혈장농도를현저히떨어뜨려이약의치료효과를감소시킬수있음,-,Ledipasvir,D001072,D000632,모다피닐,Modafinil,[M100572]모다피닐
[I012701]소포스부비르/[M260784]소포스부비어/[M262752]소포스부비르,단일,-,-,소포스부비르혈장농도를현저히떨어트려소포스부비르의치료효과를감소시킬수있음,-,Sofosbuvir,D001071,D000595,페니토인,Phenytoin,[M051706]페니토인/[M051707]페니토인나트륨
[I012701]소포스부비르/[M260784]소포스부비어/[M262752]소포스부비르,단일,-,-,소포스부비르농도를감소시켜소포스부비르의치료효과를감소시킬수있음,-,Sofosbuvir,D001071,D000632,모다피닐,Modafinil,[M100572]모다피닐
[I012691]다클라타스비르염산염,단일,-,-,다클라타스비르에대한바이러스반응의소실을유발가능,-,Daclatasvir,D001070,D000199,덱사메타손,Dexamethasone,[M040080]덱사메타손/[M050208]인산덱사메타손/[M082700]덱사메타손인산나트륨/[M085432]디나트륨인산덱사메타손/[M222954]덱사메타손디나트륨인산염/[M256848]덱사메타손포스페이트이나트륨/[M258481]덱사메타손팔미테이트/[M260226]덱사메타손시페실레이트/[M260415]덱사메타손시페실레이트(미분화)
[M085340]염산설트랄린/[M251308]설트랄린염산염,단일,-,-,세로토닌증후군위험증가가능성,-,Sertraline,D000336,D001035,리네졸리드,Linezolid,[M093034]리네졸리드
[I012690]아수나프레비르,단일,-,-,아수나프레비르에대한바이러스반응의소실을유발가능,-,Asunaprevir,D001075,D000103,프리미돈,Primidone,[M040736]프리미돈
[I012690]아수나프레비르,단일,-,-,아수나프레비르에대한바이러스반응의소실을유발가능,-,Asunaprevir,D001075,D000595,페니토인,Phenytoin,[M051706]페니토인/[M051707]페니토인나트륨
[I012690]아수나프레비르,단일,-,-,아수나프레비르에대한바이러스반응의소실을유발가능,-,Asunaprevir,D001075,D001080,나프실린,Nafcillin,[I002439]나프실린나트륨/[M020005]나프실린나트륨/[M246137]나프실린나트륨·구연산나트륨/[M246292]나프실린나트륨·시트르산나트륨수화물/[M247945]나프실린
[I012690]아수나프레비르,단일,-,-,아수나프레비르에대한바이러스반응의소실을유발가능,-,Asunaprevir,D001075,D000632,모다피닐,Modafinil,[M100572]모다피닐
[I012690]아수나프레비르,단일,-,-,아수나프레비르에대한바이러스반응의소실을유발가능,-,Asunaprevir,D001075,D001079,엔잘루타마이드,Enzalutamide,[M257255]엔잘루타마이드
[I012690]아수나프레비르,단일,-,-,아수나프레비르의농도상승으로인하여심각하나간관련이상반응의발생가능성을증가시킬수있음,-,Asunaprevir,D001075,D000673,코비시스타트,Cobicistat,[A001163]테노포비르/[A005561]엘비테그라비르/[M250026]엠트리시타빈/[M256270]코비시스타트이산화규소
[I012690]아수나프레비르,단일,-,-,아수나프레비르에대한바이러스반응의소실을유발가능,-,Asunaprevir,D001075,D000015,보센탄,Bosentan,[M102733]보센탄수화물
[I012690]아수나프레비르,단일,-,-,아수나프레비르의농도상승으로인하여심각하나간관련이상반응의발생가능성을증가시킬수있음,-,Asunaprevir,D001075,D000150,아타자나비르,Atazanavir,[M249264]아타자나비어황산염/[M263079]아타자나비르황산염
[M220509]세인트존스워트/[M248295]세인트존스워트80%메탄올엑스/[M255952]세인트존스워트50%에탄올엑스/[M256845]세인트존스워트틴크D2/[M258013]세인트존스워트80%메탄올건조엑스,단일,-,-,병용시항바이러스약의치료효과가떨어지고내성발현가능,-,St.JohnsWort,D000447,D001074,네비라핀,Nevirapine,[I002518]네비라핀/[I009520]네비라핀반수화물/[M088529]무수네비라핀/[M094375]반수네비라핀/[M200179]네비라핀/[M200180]네비라핀반수화물
[I012690]아수나프레비르,단일,-,-,아수나프레비르의농도상승으로인하여심각하나간관련이상반응의발생가능성을증가시킬수있음,-,Asunaprevir,D001075,D000608,닐로티닙,Nilotinib,[M249741]닐로티닙염산염일수화물
[I012690]아수나프레비르,단일,-,-,아수나프레비르의농도상승으로인하여심각하나간관련이상반응의발생가능성을증가시킬수있음,-,Asunaprevir,D001075,D000712,리토나비르,Ritonavir,[M259362]리토나비르
[I012701]소포스부비르/[I012702]레디파스비르/[M260784]소포스부비어/[M262752]소포스부비르/[M262910]레디파스비르,복합,[D001071]Sofosbuvir(소포스부비르),-,레디파스비르및소포스부비르혈장농도를현저히떨어뜨려이약의치료효과를감소시킬수있음,-,Ledipasvir,D001072,D000476,카르바마제핀,Carbamazepine,[M040569]카르바마제핀/[M201734]카바마제핀
[I012701]소포스부비르/[I012702]레디파스비르/[M260784]소포스부비어/[M262752]소포스부비르/[M262910]레디파스비르,복합,[D001071]Sofosbuvir(소포스부비르),-,레디파스비르및소포스부비르혈장농도를현저히떨어뜨려이약의치료효과를감소시킬수있음,-,Ledipasvir,D001072,D000209,포스페니토인,Fosphenytoin,[M235712]포스페니토인나트륨
[M251630]다비가트란에텍실레이트메실산염,단일,-,-,다비가트란의혈중농도증가,-,Dabigatranetexilate,D000396,D000314,리팜피신,Rifampicin,[M020042]리팜피신/[M040746]피라진아미드/[M223170]이소니아지드
[M251630]다비가트란에텍실레이트메실산염,단일,-,-,다비가트란의혈중농도증가,-,Dabigatranetexilate,D000396,D000314,리팜피신,Rifampicin,[M020042]리팜피신/[M223170]이소니아지드
[M251630]다비가트란에텍실레이트메실산염,단일,-,-,다비가트란의혈중농도증가,-,Dabigatranetexilate,D000396,D000314,리팜피신,Rifampicin,[M020042]리팜피신
[C040452]염산옥시메타졸린/[I002775]옥시메타졸린염산염/[M040452]염산옥시메타졸린/[M223162]옥시메타졸린염산염/[M223163]옥시메타졸린염산염점비액,단일,-,-,고혈압초래가능혈관수축작용으로혈압상승가능,-,Oxymetazoline,D001091,D000466,노르트립틸린,Nortriptyline,[M050132]염산노르트립틸린
[C040452]염산옥시메타졸린/[I002775]옥시메타졸린염산염/[M040452]염산옥시메타졸린/[M223162]옥시메타졸린염산염/[M223163]옥시메타졸린염산염점비액,단일,-,-,고혈압초래가능혈관수축작용으로혈압상승가능,-,Oxymetazoline,D001091,D000362,이미프라민,Imipramine,[M223168]이미프라민염산염
[C040452]염산옥시메타졸린/[I002775]옥시메타졸린염산염/[M040452]염산옥시메타졸린/[M223162]옥시메타졸린염산염/[M223163]옥시메타졸린염산염점비액,단일,-,-,고혈압초래가능혈관수축작용으로혈압상승가능,-,Oxymetazoline,D001091,D000501,독세핀,Doxepin,[M258572]독세핀염산염
[C040452]염산옥시메타졸린/[I002775]옥시메타졸린염산염/[M040452]염산옥시메타졸린/[M223162]옥시메타졸린염산염/[M223163]옥시메타졸린염산염점비액,단일,-,-,고혈압초래가능혈관수축작용으로혈압상승가능,-,Oxymetazoline,D001091,D000810,도티에핀,Dothiepin,[M081861]염산도치에핀
[C040452]염산옥시메타졸린/[I002775]옥시메타졸린염산염/[M040452]염산옥시메타졸린/[M223162]옥시메타졸린염산염/[M223163]옥시메타졸린염산염점비액,단일,-,-,고혈압초래가능혈관수축작용으로혈압상승가능,-,Oxymetazoline,D001091,D000809,아미트리프틸린,Amitriptyline,[M040348]염산아미트리프틸린/[M089101]염산아미트리프틸린서방정과립/[M201277]염산아미트리프틸린서방과립/[M223101]아미트리프틸린염산염
[M223358]히드록시진염산염,단일,-,-,심부정맥위험증가가능,-,Hydroxyzine,D000114,D000842,토레미펜,Toremifene,[M089372]구연산토레미펜/[M246995]토레미펜시트르산염/[M255572]토레미펜구연산염
[M223358]히드록시진염산염,단일,-,-,심부정맥위험증가가능,-,Hydroxyzine,D000114,D000022,소타롤,Sotalol,[A005022]소타롤
[M223358]히드록시진염산염,단일,-,-,심부정맥위험증가가능,-,Hydroxyzine,D000114,D000513,펜타미딘,Pentamidin,[M261497]펜타미딘이세티온산염
[M223358]히드록시진염산염,단일,-,-,심부정맥위험증가가능,-,Hydroxyzine,D000114,D000430,목시플록사신,Moxifloxacin,[M090822]염산목시플록사신/[M247915]목시플록사신염산염/[M247929]목시플록사신
[M223358]히드록시진염산염,단일,-,-,심부정맥위험증가가능,-,Hydroxyzine,D000114,D000467,메플로퀸,Mefloquine,[M093780]염산메플로퀸
[M223358]히드록시진염산염,단일,-,-,심부정맥위험증가가능,-,Hydroxyzine,D000114,D000793,레보플록사신,Levofloxacin,[M085584]레보플록사신/[M088567]레보플록사신수화물/[M251128]레보플록사신수화물
[I012691]다클라타스비르염산염,단일,-,-,다클라타스비르에대한바이러스반응의소실을유발가능,-,Daclatasvir,D001070,D000209,포스페니토인,Fosphenytoin,[M235712]포스페니토인나트륨
[I012690]아수나프레비르,단일,-,-,아수나프레비르농도상승으로인하여심장부정맥을유발할수있음,-,Asunaprevir,D001075,D000515,프로파페논,Propafenone,[M081415]염산프로파페논/[M222902]프로파페논염산염
[I012690]아수나프레비르,단일,-,-,아수나프레비르의농도상승으로인하여심각하나간관련이상반응의발생가능성을증가시킬수있음,-,Asunaprevir,D001075,D000201,드로네다론,Dronedarone,[M249412]드로네다론염산염
[M089346]구연산실데나필/[M252789]실데나필시트르산염/[M253237]실데나필,단일,-,-,Guanylatecyclase자극제의혈압강하작용증가,-,Sildenafil,D000246,D001073,리오시구앗,Riociguat,[M259695]리오시구앗(미분화)
[A110396]테고프라잔/[M267790]테고프라잔,단일,-,-,위장pH의증가로atazanavir의흡수가저하되어atazanavir의치료효과감소,-,Tegoprazan,D001367,D000150,아타자나비르,Atazanavir,[M249264]아타자나비어황산염/[M263079]아타자나비르황산염
[M281233]롤라티닙,단일,-,-,Cyclosporine의혈중농도가감소될수있음.,-,Lorlatinib,D001697,D000334,사이클로스포린,Cyclosporine,[A005971]시클로스포린/[M040068]마이크로에멀젼용시클로스포린/[M085282]사이클로스포린/[M085565]시클로스포린
[M085529]이오파미돌,단일,-,-,기능적신부전에의해유산산성증촉진,48시간이내병용금기,Iopamidol,D000267,D000718,메트포르민,Metformin,[M201260]염산메트포민/[M214651]염산메트포르민/[M223014]메트포르민염산염/[M244179]메트포르민염산염/[M254878]제미글립틴타르타르산염1.5수화물/[M255741]메트포르민아세트산염/[M263103]제미글립틴타르타르산염1.5수하물/[M263864]메트포르민/[M266682]메트포르민염산염콜로이드성이산화규소
[M102602]유데나필,단일,-,-,혈압강하작용증가,-,Udenafil,D000569,D001722,이소소르비드일질산염,isosorbidemononitrate,[M110620]5-이소소르비드일질산염20%/[M110733]5-이소소르비드일질산염90%/[M110745]이소소르비드-5-모노니트레이트서방소립구/[M111493]이소소르비드-5-모노니트레이트몬탄글리콜왁스혼합물40%/[M113419]이소소르비드일질산염지속성펠렛/[M246194]이소소르비드-5-모노니트레이트90%/[M247000]이소소르비드-5-모노니트레이트/[M256917]이소소르비드일질산염90%/[M257095]이소소르비드일질산염/[M258776]묽은이소소르비드일질산염/[M270002]이소소르비드일질산염서방과립/[M270009]이소소르비드일질산염서방소립구
[M083437]베실산암로디핀/[M086307]로자탄칼륨/[M095744]로수바스타틴칼슘/[M097492]에제티미브/[M100608]말레인산암로디핀/[M100610]캄실산암로디핀/[M101934]암로디핀/[M102166]메실산암로디핀일수화물/[M102534]암로디핀오로트산염/[M201944]포타슘로사탄/[M222875]암로디핀베실산염/[M246033]암로디핀캄실산염/[M248335]로자탄칼륨/[M249673]로사르탄칼륨/[M250821]암로디핀아디핀산염/[M250983]암로디핀말레산염/[M251079]암로디핀니코틴산염/[M254832]암로디핀메실산염일수화물/[M255575]로사르탄칼륨(로자탄으로서45.8mg)/[M257408]암로디핀아디프산염/[M257973]로사르탄칼슘/[M258559]로수바스타틴칼슘염/[M259810]로자르탄칼륨/[M260076]로사르탄칼륨(로사르탄으로서45.8mg)/[M270546]로수바스타틴칼슘(미분화),복합,[D000152]Amlodipine(암로디핀)/[D000350]Ezetimibe(에제티미브)/[D000220]Losartan(로사르탄),-,근육통|근육약화|근염|때때로횡문근변성을포함한근육독성촉진가능,-,Rosuvastatin,D000219,D000334,사이클로스포린,Cyclosporine,[A005971]시클로스포린/[M040068]마이크로에멀젼용시클로스포린/[M085282]사이클로스포린/[M085565]시클로스포린
[A000877]오메가3산/[M095744]로수바스타틴칼슘/[M258559]로수바스타틴칼슘염/[M261637]오메가3산에틸에스테르90/[M270546]로수바스타틴칼슘(미분화),복합,[D001688]Omega-3-AcidEthylEsters90(오메가3산에틸에스테르90),-,근육통|근육약화|근염|때때로횡문근변성을포함한근육독성촉진가능,-,Rosuvastatin,D000219,D000334,사이클로스포린,Cyclosporine,[A005971]시클로스포린/[M040068]마이크로에멀젼용시클로스포린/[M085282]사이클로스포린/[M085565]시클로스포린
[M222864]셀레길린염산염,단일,-,-,고혈압위기의위험증가|투여중지후MAO억제제인다른약물을투여하기까지적어도14일이상사이를두어야함,-,SelegilineHydrochloride,D000139,D001035,리네졸리드,Linezolid,[M093034]리네졸리드
[M249412]드로네다론염산염,단일,-,-,Dronedarone노출량증가,-,Dronedarone,D000201,D000334,사이클로스포린,Cyclosporine,[A005971]시클로스포린/[M040068]마이크로에멀젼용시클로스포린/[M085282]사이클로스포린/[M085565]시클로스포린
[M249412]드로네다론염산염,단일,-,-,QT간격을연장시키고염전성심실빈맥발생위험을높일수있음,-,Dronedarone,D000201,D000022,소타롤,Sotalol,[A005022]소타롤
[A110893]오자니모드,단일,-,-,-Ozanimod의노출을감소시킬수있음,-,Ozanimod,D001783,D000139,셀레길린염산염,SelegilineHydrochloride,[M222864]셀레길린염산염
[M259362]리토나비르/[M281904]니르마트렐비르,복합,[D000712]Ritonavir(리토나비르),-,-과도한진정및호흡억제의가능성,-,Nirmatrelvir,D001650,D000592,트리아졸람,Triazolam,[I005603]트리아졸람/[M088380]트리아졸람
[M259362]리토나비르/[M281904]니르마트렐비르,복합,[D000712]Ritonavir(리토나비르),-,-Lurasidone의혈중농도를증가시킬수있음-심장부정맥과같은중대한및/또는생명을위협하는반응의가능성,-,Nirmatrelvir,D001650,D001763,루라시돈,Lurasidone,[A110986]루라시돈
[M040634]침강탄산칼슘/[M092321]에스오메프라졸마그네슘삼수화물/[M100498]에스오메프라졸나트륨/[M221042]에스오메프라졸스트론튬사수화물/[M242227]에스오메프라졸마그네슘이수화물/[M249554]에스오메프라졸/[M259375]에스오메프라졸마그네슘이수화물/[M262063]에스오메프라졸마그네슘과립/[M275023]침강탄산칼슘과립90%,복합,[D001511]CalciumCarbonatep.p.t.(침강탄산칼슘),-,아타자나비르의혈중농도감소,-,Esomeprazole,D000153,D000150,아타자나비르,Atazanavir,[M249264]아타자나비어황산염/[M256270]코비시스타트이산화규소/[M263079]아타자나비르황산염
[M083437]베실산암로디핀/[M086307]로자탄칼륨/[M095744]로수바스타틴칼슘/[M100608]말레인산암로디핀/[M100610]캄실산암로디핀/[M101934]암로디핀/[M102166]메실산암로디핀일수화물/[M102534]암로디핀오로트산염/[M201944]포타슘로사탄/[M222875]암로디핀베실산염/[M246033]암로디핀캄실산염/[M248335]로자탄칼륨/[M249673]로사르탄칼륨/[M250821]암로디핀아디핀산염/[M250983]암로디핀말레산염/[M251079]암로디핀니코틴산염/[M254832]암로디핀메실산염일수화물/[M255575]로사르탄칼륨(로자탄으로서45.8mg)/[M257408]암로디핀아디프산염/[M257973]로사르탄칼슘/[M258559]로수바스타틴칼슘염/[M259810]로자르탄칼륨/[M260076]로사르탄칼륨(로사르탄으로서45.8mg)/[M270546]로수바스타틴칼슘(미분화),복합,[D000152]Amlodipine(암로디핀)/[D000220]Losartan(로사르탄),-,횡문근융해증을포함한근육병증위험증가가능,-,Rosuvastatin,D000219,D001072,레디파스비르,Ledipasvir,[I012701]소포스부비르/[I012702]레디파스비르/[M260784]소포스부비어/[M262752]소포스부비르/[M262910]레디파스비르
[M259362]리토나비르/[M281904]니르마트렐비르,복합,[D000712]Ritonavir(리토나비르),-,-심장부정맥의가능성,-,Nirmatrelvir,D001650,D000212,플레카이니드아세테이트,FlecainideAcetate,[M201704]초산플레카이니드/[M239215]플레카이니드아세테이트/[M257171]플레카이니드아세트산염
[M083437]베실산암로디핀/[M090403]발사르탄/[M095744]로수바스타틴칼슘/[M100608]말레인산암로디핀/[M100610]캄실산암로디핀/[M101934]암로디핀/[M102166]메실산암로디핀일수화물/[M102534]암로디핀오로트산염/[M222875]암로디핀베실산염/[M246033]암로디핀캄실산염/[M250821]암로디핀아디핀산염/[M250983]암로디핀말레산염/[M251079]암로디핀니코틴산염/[M254832]암로디핀메실산염일수화물/[M257408]암로디핀아디프산염/[M258559]로수바스타틴칼슘염/[M270546]로수바스타틴칼슘(미분화),복합,[D000152]Amlodipine(암로디핀)/[D000011]Valsartan(발사르탄),-,횡문근융해증을포함한근육관련이상반응보고,-,Rosuvastatin,D000219,D000619,푸시딘산,FusidicAcid,[M020165]푸시딘산나트륨/[M020229]푸시딘산
[M083437]베실산암로디핀/[M095744]로수바스타틴칼슘/[M100608]말레인산암로디핀/[M100610]캄실산암로디핀/[M101934]암로디핀/[M102166]메실산암로디핀일수화물/[M102534]암로디핀오로트산염/[M222875]암로디핀베실산염/[M246033]암로디핀캄실산염/[M250821]암로디핀아디핀산염/[M250983]암로디핀말레산염/[M251079]암로디핀니코틴산염/[M254832]암로디핀메실산염일수화물/[M257408]암로디핀아디프산염/[M258559]로수바스타틴칼슘염/[M258703]피마사르탄칼륨삼수화물/[M264048]피마사르탄칼륨삼수화물과립/[M270546]로수바스타틴칼슘(미분화),복합,[D000152]Amlodipine(암로디핀)/[D000624]Fimasartan(피마사르탄),-,횡문근융해증을포함한근육병증위험증가가능,-,Rosuvastatin,D000219,D001072,레디파스비르,Ledipasvir,[I012701]소포스부비르/[I012702]레디파스비르/[M260784]소포스부비어/[M262752]소포스부비르/[M262910]레디파스비르
[M090395]텔미사르탄/[M095744]로수바스타틴칼슘/[M258559]로수바스타틴칼슘염/[M264500]텔미사르탄파우더(23.9%)/[M270546]로수바스타틴칼슘(미분화),복합,[D000485]Telmisartan(텔미사르탄),-,횡문근융해증|근무력증|동통발생가능,-,Rosuvastatin,D000219,D000619,푸시딘산,FusidicAcid,[M020165]푸시딘산나트륨/[M020229]푸시딘산
[M090403]발사르탄/[M102119]피타바스타틴칼슘/[M259724]피타바스타틸칼슘,복합,[D000011]Valsartan(발사르탄),-,횡문근융해증|근무력증|동통발생가능,-,Pitavastatin,D000518,D000619,푸시딘산,FusidicAcid,[M020165]푸시딘산나트륨/[M020229]푸시딘산
[I004369]아토르바스타틴칼슘수화물/[M093499]아토르바스타틴칼슘/[M097492]에제티미브/[M213543]무수아토르바스타틴칼슘/[M215219]아토르바스타틴칼슘삼수화물/[M218956]아토르바스타틴삼수화물/[M244955]아토르바스타틴스트론튬/[M247057]아토르바스타틴칼슘염무수물/[M251687]아토르바스타틴칼슘/[M256664]아토르바스타틴칼슘수화물/[M263837]아토르바스타틴,복합,[D000350]Ezetimibe(에제티미브),-,횡문근융해증을포함한근육병증위험가능,-,Atorvastatin,D000455,D001362,글레카프레비르,Glecaprevir,[A001652]글레카프레비르/[A003331]피브렌타스비르/[M267076]피브렌타스비르/[M267082]글레카프레비르
[I004369]아토르바스타틴칼슘수화물/[M093499]아토르바스타틴칼슘/[M097492]에제티미브/[M213543]무수아토르바스타틴칼슘/[M215219]아토르바스타틴칼슘삼수화물/[M218956]아토르바스타틴삼수화물/[M244955]아토르바스타틴스트론튬/[M247057]아토르바스타틴칼슘염무수물/[M251687]아토르바스타틴칼슘/[M256664]아토르바스타틴칼슘수화물/[M263837]아토르바스타틴,복합,[D000350]Ezetimibe(에제티미브),-,근질환위험증가,-,Atorvastatin,D000455,D000769,케토코나졸,Ketoconazole,[M080618]케토코나졸
[I004369]아토르바스타틴칼슘수화물/[M083437]베실산암로디핀/[M093499]아토르바스타틴칼슘/[M100608]말레인산암로디핀/[M100610]캄실산암로디핀/[M101934]암로디핀/[M102166]메실산암로디핀일수화물/[M102534]암로디핀오로트산염/[M213543]무수아토르바스타틴칼슘/[M215219]아토르바스타틴칼슘삼수화물/[M218956]아토르바스타틴삼수화물/[M222875]암로디핀베실산염/[M244955]아토르바스타틴스트론튬/[M246033]암로디핀캄실산염/[M247057]아토르바스타틴칼슘염무수물/[M250821]암로디핀아디핀산염/[M250983]암로디핀말레산염/[M251079]암로디핀니코틴산염/[M251687]아토르바스타틴칼슘/[M254832]암로디핀메실산염일수화물/[M256664]아토르바스타틴칼슘수화물/[M257408]암로디핀아디프산염/[M263837]아토르바스타틴,복합,[D000152]Amlodipine(암로디핀),-,근육병증|횡문근융해증|간효소이상발생위험증가,-,Atorvastatin,D000455,D000762,이트라코나졸,Itraconazole,[M083733]이트라코나졸제피과립/[M083734]이트라코나졸/[M092870]이트라코나졸고체분산체/[M201487]이트라코나졸고체분산/[M201624]제피이트라코나졸과립
[M088250]이소트레티노인,단일,-,-,-가성뇌종양보고,-,Isotretinoin,D000758,D000182,타이제사이클린,Tigecycline,[M215175]타이제사이클린
[M256772]알리트레티노인,단일,-,-,-비타민A과다증,-,Alitretinoin,D000820,D000019,아시트레틴,Acitretin,[M086538]분무건조아시트레틴25%
[M259362]리토나비르/[M281904]니르마트렐비르,복합,[D000712]Ritonavir(리토나비르),-,-횡문근융해증을포함하는근육병증의잠재적인가능성,-,Nirmatrelvir,D001650,D000027,심바스타틴,Simvastatin,[M089710]심바스타틴
[M259362]리토나비르/[M281904]니르마트렐비르,복합,[D000712]Ritonavir(리토나비르),-,-바이러스반응의손실및내성발현의잠재적인가능성,-,Nirmatrelvir,D001650,D001780,아팔루타마이드,Apalutamide,[A110590]아팔루타마이드
[M051617]트레티노인,단일,-,-,-뇌내압상승위험,-,Tretinoin,D000488,D000182,타이제사이클린,Tigecycline,[M215175]타이제사이클린
[M259362]리토나비르/[M281904]니르마트렐비르,복합,[D000712]Ritonavir(리토나비르),-,-Cyclosporine의혈중농도를증가시킬수있음-중대한이상반응초래할수있음,-,Nirmatrelvir,D001650,D000334,사이클로스포린,Cyclosporine,[A005971]시클로스포린/[M040068]마이크로에멀젼용시클로스포린/[M085282]사이클로스포린/[M085565]시클로스포린
[M249412]드로네다론염산염,단일,-,-,Dronedarone노출량증가,-,Dronedarone,D000201,D000712,리토나비르,Ritonavir,[M259362]리토나비르
[M259362]리토나비르/[M281904]니르마트렐비르,복합,[D000712]Ritonavir(리토나비르),-,-QT연장|심계항진|동성빈맥(sinustachycardia)을포함하여살메테롤과관련된심혈관부작용의위험을증가시킬수있음,-,Nirmatrelvir,D001650,D001781,살메테롤,Salmeterol,[A000519]살메테롤/[M070463]프로피온산플루티카손/[M222904]플루티카손프로피오네이트/[M233016]미분화플루티카손푸로에이트/[M241930]플루티카손프로피오네이트(미분화)/[M243509]플루티카손프로피오네이트(미분화)/[M259812]플루티카손푸로에이트(미분화)
[M259362]리토나비르/[M281904]니르마트렐비르,복합,[D000712]Ritonavir(리토나비르),-,-Bosentan의혈중농도를증가시키고|Nirmatrelvir+Ritonavir의혈중농도를감소시킬수있음,36시간이내병용금기,Nirmatrelvir,D001650,D000015,보센탄,Bosentan,[M102733]보센탄수화물
[I002674]올메사르탄메독소밀/[M095744]로수바스타틴칼슘/[M102509]올메사탄메독소밀/[M253843]올메사탄실렉세틸/[M256141]올메사탄실렉세틸/[M257074]올메사르탄메독소밀/[M258559]로수바스타틴칼슘염/[M270546]로수바스타틴칼슘(미분화),복합,[D000972]Olmesartan(올메사르탄),-,근육통|근육약화|근염|때때로횡문근변성을포함한근육독성촉진가능,-,Rosuvastatin,D000219,D000334,사이클로스포린,Cyclosporine,[A005971]시클로스포린/[M040068]마이크로에멀젼용시클로스포린/[M085282]사이클로스포린/[M085565]시클로스포린
[A110483]라놀라진,단일,-,-,라놀라진의혈장농도증가,-,Ranolazine,D001562,D000762,이트라코나졸,Itraconazole,[M083733]이트라코나졸제피과립/[M083734]이트라코나졸/[M092870]이트라코나졸고체분산체/[M201487]이트라코나졸고체분산/[M201624]제피이트라코나졸과립
[M083437]베실산암로디핀/[M086307]로자탄칼륨/[M095744]로수바스타틴칼슘/[M097492]에제티미브/[M100608]말레인산암로디핀/[M100610]캄실산암로디핀/[M101934]암로디핀/[M102166]메실산암로디핀일수화물/[M102534]암로디핀오로트산염/[M201944]포타슘로사탄/[M222875]암로디핀베실산염/[M246033]암로디핀캄실산염/[M248335]로자탄칼륨/[M249673]로사르탄칼륨/[M250821]암로디핀아디핀산염/[M250983]암로디핀말레산염/[M251079]암로디핀니코틴산염/[M254832]암로디핀메실산염일수화물/[M255575]로사르탄칼륨(로자탄으로서45.8mg)/[M257408]암로디핀아디프산염/[M257973]로사르탄칼슘/[M258559]로수바스타틴칼슘염/[M259810]로자르탄칼륨/[M260076]로사르탄칼륨(로사르탄으로서45.8mg)/[M270546]로수바스타틴칼슘(미분화),복합,[D000152]Amlodipine(암로디핀)/[D000350]Ezetimibe(에제티미브)/[D000220]Losartan(로사르탄),-,횡문근융해증을포함한근육병증위험증가가능,-,Rosuvastatin,D000219,D001072,레디파스비르,Ledipasvir,[I012701]소포스부비르/[I012702]레디파스비르/[M260784]소포스부비어/[M262752]소포스부비르/[M262910]레디파스비르
[I002674]올메사르탄메독소밀/[M083437]베실산암로디핀/[M095744]로수바스타틴칼슘/[M100608]말레인산암로디핀/[M100610]캄실산암로디핀/[M101934]암로디핀/[M102166]메실산암로디핀일수화물/[M102509]올메사탄메독소밀/[M102534]암로디핀오로트산염/[M222875]암로디핀베실산염/[M246033]암로디핀캄실산염/[M250821]암로디핀아디핀산염/[M250983]암로디핀말레산염/[M251079]암로디핀니코틴산염/[M253843]올메사탄실렉세틸/[M254832]암로디핀메실산염일수화물/[M256141]올메사탄실렉세틸/[M257074]올메사르탄메독소밀/[M257408]암로디핀아디프산염/[M258559]로수바스타틴칼슘염/[M270546]로수바스타틴칼슘(미분화),복합,[D000152]Amlodipine(암로디핀)/[D000972]Olmesartan(올메사르탄),-,횡문근융해증을포함한근육관련이상반응보고,-,Rosuvastatin,D000219,D000619,푸시딘산,FusidicAcid,[M020165]푸시딘산나트륨/[M020229]푸시딘산
[M095744]로수바스타틴칼슘/[M201260]염산메트포민/[M214651]염산메트포르민/[M223014]메트포르민염산염/[M244179]메트포르민염산염/[M255741]메트포르민아세트산염/[M258559]로수바스타틴칼슘염/[M263864]메트포르민/[M266682]메트포르민염산염콜로이드성이산화규소/[M270546]로수바스타틴칼슘(미분화),복합,[D000718]Metformin(메트포르민),-,횡문근융해증을포함한근육병증위험증가가능,-,Rosuvastatin,D000219,D001072,레디파스비르,Ledipasvir,[I012701]소포스부비르/[I012702]레디파스비르/[M260784]소포스부비어/[M262752]소포스부비르/[M262910]레디파스비르
[I004369]아토르바스타틴칼슘수화물/[M083437]베실산암로디핀/[M093499]아토르바스타틴칼슘/[M100608]말레인산암로디핀/[M100610]캄실산암로디핀/[M101934]암로디핀/[M102166]메실산암로디핀일수화물/[M102534]암로디핀오로트산염/[M213543]무수아토르바스타틴칼슘/[M215219]아토르바스타틴칼슘삼수화물/[M218956]아토르바스타틴삼수화물/[M222875]암로디핀베실산염/[M244955]아토르바스타틴스트론튬/[M246033]암로디핀캄실산염/[M247057]아토르바스타틴칼슘염무수물/[M250821]암로디핀아디핀산염/[M250983]암로디핀말레산염/[M251079]암로디핀니코틴산염/[M251687]아토르바스타틴칼슘/[M254832]암로디핀메실산염일수화물/[M256664]아토르바스타틴칼슘수화물/[M257408]암로디핀아디프산염/[M263837]아토르바스타틴,복합,[D000152]Amlodipine(암로디핀),-,근육통|근육약화|근염|때때로횡문근변성을포함한근육독성촉진가능,-,Atorvastatin,D000455,D000334,사이클로스포린,Cyclosporine,[A005971]시클로스포린/[M040068]마이크로에멀젼용시클로스포린/[M085282]사이클로스포린/[M085565]시클로스포린
[M259362]리토나비르/[M281904]니르마트렐비르,복합,[D000712]Ritonavir(리토나비르),-,-바이러스반응의손실및내성발현의잠재적인가능성,-,Nirmatrelvir,D001650,D000282,페노바르비탈,Phenobarbital,[M040685]페노바르비탈/[M217088]페노바르비탈나트륨
[M259362]리토나비르/[M281904]니르마트렐비르,복합,[D000712]Ritonavir(리토나비르),-,-바이러스반응의손실및내성발현의잠재적인가능성,-,Nirmatrelvir,D001650,D000447,세인트존스워트,St.JohnsWort,[M220509]세인트존스워트/[M248295]세인트존스워트80%메탄올엑스/[M255952]세인트존스워트50%에탄올엑스/[M256845]세인트존스워트틴크D2/[M258013]세인트존스워트80%메탄올건조엑스
[M259362]리토나비르/[M281904]니르마트렐비르,복합,[D000712]Ritonavir(리토나비르),-,-Clopidogrel활성대사체의농도를감소시킬수있음,-,Nirmatrelvir,D001650,D000988,클로피도그렐,Clopidogrel,[A005988]클로피도그렐/[I012351]클로피도그렐황산염/[M243848]클로피도그렐황산수소염/[M250541]클로피도그렐황산염/[M250716]클로피도그렐황산염
[M089710]심바스타틴,단일,-,-,근육병증과같은이상사례초래가능,-,Simvastatin,D000027,D000673,코비시스타트,Cobicistat,[M256270]코비시스타트이산화규소/[M258751]다루나비르에탄올레이트
[I002674]올메사르탄메독소밀/[M083437]베실산암로디핀/[M095744]로수바스타틴칼슘/[M100608]말레인산암로디핀/[M100610]캄실산암로디핀/[M101934]암로디핀/[M102166]메실산암로디핀일수화물/[M102509]올메사탄메독소밀/[M102534]암로디핀오로트산염/[M222875]암로디핀베실산염/[M246033]암로디핀캄실산염/[M250821]암로디핀아디핀산염/[M250983]암로디핀말레산염/[M251079]암로디핀니코틴산염/[M253843]올메사탄실렉세틸/[M254832]암로디핀메실산염일수화물/[M256141]올메사탄실렉세틸/[M257074]올메사르탄메독소밀/[M257408]암로디핀아디프산염/[M258559]로수바스타틴칼슘염/[M270546]로수바스타틴칼슘(미분화),복합,[D000152]Amlodipine(암로디핀)/[D000972]Olmesartan(올메사르탄),-,횡문근융해증을포함한근육병증위험증가가능,-,Rosuvastatin,D000219,D001072,레디파스비르,Ledipasvir,[I012701]소포스부비르/[I012702]레디파스비르/[M260784]소포스부비어/[M262752]소포스부비르/[M262910]레디파스비르
[M095744]로수바스타틴칼슘/[M258559]로수바스타틴칼슘염/[M270546]로수바스타틴칼슘(미분화),단일,-,-,횡문근융해증을포함한근육관련이상반응보고,-,Rosuvastatin,D000219,D000619,푸시딘산,FusidicAcid,[M020165]푸시딘산나트륨/[M020229]푸시딘산
[I004369]아토르바스타틴칼슘수화물/[M083437]베실산암로디핀/[M090403]발사르탄/[M093499]아토르바스타틴칼슘/[M100608]말레인산암로디핀/[M100610]캄실산암로디핀/[M101934]암로디핀/[M102166]메실산암로디핀일수화물/[M102534]암로디핀오로트산염/[M213543]무수아토르바스타틴칼슘/[M215219]아토르바스타틴칼슘삼수화물/[M218956]아토르바스타틴삼수화물/[M222875]암로디핀베실산염/[M244955]아토르바스타틴스트론튬/[M246033]암로디핀캄실산염/[M247057]아토르바스타틴칼슘염무수물/[M250821]암로디핀아디핀산염/[M250983]암로디핀말레산염/[M251079]암로디핀니코틴산염/[M251687]아토르바스타틴칼슘/[M254832]암로디핀메실산염일수화물/[M256664]아토르바스타틴칼슘수화물/[M257408]암로디핀아디프산염/[M263837]아토르바스타틴,복합,[D000152]Amlodipine(암로디핀)/[D000011]Valsartan(발사르탄),-,근육병증|횡문근융해위험증가가능,-,Atorvastatin,D000455,D000769,케토코나졸,Ketoconazole,[M080618]케토코나졸
[I004369]아토르바스타틴칼슘수화물/[M093499]아토르바스타틴칼슘/[M213543]무수아토르바스타틴칼슘/[M215219]아토르바스타틴칼슘삼수화물/[M218956]아토르바스타틴삼수화물/[M244955]아토르바스타틴스트론튬/[M247057]아토르바스타틴칼슘염무수물/[M251687]아토르바스타틴칼슘/[M256664]아토르바스타틴칼슘수화물/[M258703]피마사르탄칼륨삼수화물/[M263837]아토르바스타틴/[M264048]피마사르탄칼륨삼수화물과립,복합,[D000624]Fimasartan(피마사르탄),-,근육병증|횡문근융해위험증가가능,-,Atorvastatin,D000455,D000762,이트라코나졸,Itraconazole,[M083733]이트라코나졸제피과립/[M083734]이트라코나졸/[M092870]이트라코나졸고체분산체/[M201487]이트라코나졸고체분산/[M201624]제피이트라코나졸과립
[I004369]아토르바스타틴칼슘수화물/[M093499]아토르바스타틴칼슘/[M097492]에제티미브/[M213543]무수아토르바스타틴칼슘/[M215219]아토르바스타틴칼슘삼수화물/[M218956]아토르바스타틴삼수화물/[M244955]아토르바스타틴스트론튬/[M247057]아토르바스타틴칼슘염무수물/[M251687]아토르바스타틴칼슘/[M256664]아토르바스타틴칼슘수화물/[M263837]아토르바스타틴,복합,[D000350]Ezetimibe(에제티미브),-,근육병증|횡문근융해증|간효소이상발생위험증가,-,Atorvastatin,D000455,D000762,이트라코나졸,Itraconazole,[M083733]이트라코나졸제피과립/[M083734]이트라코나졸/[M092870]이트라코나졸고체분산체/[M201487]이트라코나졸고체분산/[M201624]제피이트라코나졸과립
[M256772]알리트레티노인,단일,-,-,-양성두개내압상승(가성뇌종양)보고,-,Alitretinoin,D000820,D000064,테트라사이클린,Tetracycline,[M223235]테트라사이클린염산염
[A000519]살메테롤/[M070463]프로피온산플루티카손/[M222904]플루티카손프로피오네이트/[M233016]미분화플루티카손푸로에이트/[M241930]플루티카손프로피오네이트(미분화)/[M243509]플루티카손프로피오네이트(미분화)/[M259812]플루티카손푸로에이트(미분화),복합,[D001781]Salmeterol(살메테롤),-,-Fluticasone의혈중농도증가로쿠싱증후군및부신억제와같은전신코르티코스테로이드효과나타날수있음-Salmeterol의혈중농도증가로QT연장|심계항진등심혈관계이상반응위험증가,-,Fluticasone,D000707,D000762,이트라코나졸,Itraconazole,[M083733]이트라코나졸제피과립/[M083734]이트라코나졸/[M092870]이트라코나졸고체분산체/[M201487]이트라코나졸고체분산/[M201624]제피이트라코나졸과립
[M256772]알리트레티노인,단일,-,-,-양성두개내압상승(가성뇌종양)보고,-,Alitretinoin,D000820,D000182,타이제사이클린,Tigecycline,[M215175]타이제사이클린
[M249412]드로네다론염산염,단일,-,-,Dronedarone노출량증가,-,Dronedarone,D000201,D000443,보리코나졸,Voriconazole,[I005813]보리코나졸/[M102252]보리코나졸
[M266097]보수티닙일수화물,단일,-,-,-Bosutinib의혈중농도를증가시켜독성위험을증가시킬수있음,-,Bosutinib,D001693,D000769,케토코나졸,Ketoconazole,[M080618]케토코나졸
[A110673]카보테그라비르,단일,-,-,Cabotegravir의혈중농도를감소시켜치료효과를감소시킬수있음.,-,Cabotegravir,D001748,D000476,카르바마제핀,Carbamazepine,[M040569]카르바마제핀/[M201734]카바마제핀
[M281233]롤라티닙,단일,-,-,Tacrolimus의혈중농도가감소될수있음.,-,Lorlatinib,D001697,D000279,타크로리무스,Tacrolimus,[M089193]타크로리무스수화물/[M227652]타크로리무스수화물
[M089055]칸데사르탄실렉세틸/[M095744]로수바스타틴칼슘/[M258559]로수바스타틴칼슘염/[M270546]로수바스타틴칼슘(미분화),복합,[D000273]Candesartancilexetil(칸데사르탄실렉세틸),-,횡문근융해증을포함한근육관련이상반응보고,-,Rosuvastatin,D000219,D000619,푸시딘산,FusidicAcid,[M020165]푸시딘산나트륨/[M020229]푸시딘산
[A110673]카보테그라비르,단일,-,-,Cabotegravir의혈중농도를감소시켜치료효과를감소시킬수있음.,-,Cabotegravir,D001748,D000282,페노바르비탈,Phenobarbital,[M040685]페노바르비탈/[M217088]페노바르비탈나트륨
[A110831]피네레논,단일,-,-,Finerenone혈중농도의현저한증가가예상됨,-,Finerenone,D001743,D000373,클래리트로마이신,Clarithromycin,[M085725]클래리스로마이신/[M087123]클래리스로마이신코팅입자/[M102127]클래리스로마이신제피과립/[M222887]클래리트로마이신/[M223198]클래리트로마이신/[M245961]클래리트로마이신제피과립/[M256483]클래리트로마이신제피과립(42%)
-,복합,[D000992]Carnitine(카르니틴)/[D001618]L-LysineHydrochloride(L-리신염산염)/[D001117]Cyanocobalamin(시아노코발라민),-,MAO저해제의효과를증가시킬수있음,-,Cyproheptadine,D000026,D000698,라사길린,Rasagiline,[M257939]라사길린메실산염
[M083733]이트라코나졸제피과립/[M083734]이트라코나졸/[M092870]이트라코나졸고체분산체/[M201487]이트라코나졸고체분산/[M201624]제피이트라코나졸과립,단일,-,-,-Edoxaban관련약물이상반응발생위험이증가함,-,Itraconazole,D000762,D001060,에독사반,Edoxaban,[I012712]에독사반토실산염수화물/[M262653]에독사반토실산염수화물/[M264926]에독사반토실산염(DU-176b)
[A001262]팔로노세트론/[A110896]포스네투피탄트염화물염산염/[M246060]팔로노세트론염산염,복합,[D001366]Palonosetron(팔로노세트론),-,Fosnetupitant의혈중농도가감소하여약효가감소할수있음.,-,Fosnetupitant,D001747,D000314,리팜피신,Rifampicin,[M020042]리팜피신
[A000877]오메가3산/[M095744]로수바스타틴칼슘/[M258559]로수바스타틴칼슘염/[M261637]오메가3산에틸에스테르90/[M270546]로수바스타틴칼슘(미분화),복합,[D001688]Omega-3-AcidEthylEsters90(오메가3산에틸에스테르90),-,횡문근융해증을포함한근육관련이상반응보고,-,Rosuvastatin,D000219,D000619,푸시딘산,FusidicAcid,[M020165]푸시딘산나트륨/[M020229]푸시딘산
[I004369]아토르바스타틴칼슘수화물/[M083437]베실산암로디핀/[M090403]발사르탄/[M093499]아토르바스타틴칼슘/[M100608]말레인산암로디핀/[M100610]캄실산암로디핀/[M101934]암로디핀/[M102166]메실산암로디핀일수화물/[M102534]암로디핀오로트산염/[M213543]무수아토르바스타틴칼슘/[M215219]아토르바스타틴칼슘삼수화물/[M218956]아토르바스타틴삼수화물/[M222875]암로디핀베실산염/[M244955]아토르바스타틴스트론튬/[M246033]암로디핀캄실산염/[M247057]아토르바스타틴칼슘염무수물/[M250821]암로디핀아디핀산염/[M250983]암로디핀말레산염/[M251079]암로디핀니코틴산염/[M251687]아토르바스타틴칼슘/[M254832]암로디핀메실산염일수화물/[M256664]아토르바스타틴칼슘수화물/[M257408]암로디핀아디프산염/[M263837]아토르바스타틴,복합,[D000152]Amlodipine(암로디핀)/[D000011]Valsartan(발사르탄),-,근육병증|횡문근융해위험증가가능,-,Atorvastatin,D000455,D000405,포사코나졸,Posaconazole,[M256381]포사코나졸(미분화)
[M281233]롤라티닙,단일,-,-,Lorlatinib의혈중농도를감소시킬수있음.,-,Lorlatinib,D001697,D000953,미토테인,Mitotane,[M095400]미토테인/[M200618]미토탄
[A110986]루라시돈,단일,-,-,-Lurasidone의노출을증가시킬수있음,-,Lurasidone,D001763,D000373,클래리트로마이신,Clarithromycin,[M085725]클래리스로마이신/[M087123]클래리스로마이신코팅입자/[M102127]클래리스로마이신제피과립/[M222887]클래리트로마이신/[M223198]클래리트로마이신/[M245961]클래리트로마이신제피과립/[M256483]클래리트로마이신제피과립(42%)
[M089710]심바스타틴/[M097492]에제티미브,복합,[D000350]Ezetimibe(에제티미브),-,횡문근융해를포함한근육병증위험가능,-,Simvastatin,D000027,D000673,코비시스타트,Cobicistat,[M249264]아타자나비어황산염/[M256270]코비시스타트이산화규소/[M263079]아타자나비르황산염
[I002674]올메사르탄메독소밀/[M083437]베실산암로디핀/[M095744]로수바스타틴칼슘/[M100608]말레인산암로디핀/[M100610]캄실산암로디핀/[M101934]암로디핀/[M102166]메실산암로디핀일수화물/[M102509]올메사탄메독소밀/[M102534]암로디핀오로트산염/[M222875]암로디핀베실산염/[M246033]암로디핀캄실산염/[M250821]암로디핀아디핀산염/[M250983]암로디핀말레산염/[M251079]암로디핀니코틴산염/[M253843]올메사탄실렉세틸/[M254832]암로디핀메실산염일수화물/[M256141]올메사탄실렉세틸/[M257074]올메사르탄메독소밀/[M257408]암로디핀아디프산염/[M258559]로수바스타틴칼슘염/[M270546]로수바스타틴칼슘(미분화),복합,[D000152]Amlodipine(암로디핀)/[D000972]Olmesartan(올메사르탄),-,근육통|근육약화|근염|때때로횡문근변성을포함한근육독성촉진가능,-,Rosuvastatin,D000219,D000334,사이클로스포린,Cyclosporine,[A005971]시클로스포린/[M040068]마이크로에멀젼용시클로스포린/[M085282]사이클로스포린/[M085565]시클로스포린
[M089710]심바스타틴/[M097492]에제티미브,복합,[D000350]Ezetimibe(에제티미브),-,근육통|근육약화|근염|때때로횡문근변성을포함한근육독성촉진가능,-,Simvastatin,D000027,D000334,사이클로스포린,Cyclosporine,[A005971]시클로스포린/[M040068]마이크로에멀젼용시클로스포린/[M085282]사이클로스포린/[M085565]시클로스포린
[M083437]베실산암로디핀/[M089710]심바스타틴/[M100608]말레인산암로디핀/[M100610]캄실산암로디핀/[M101934]암로디핀/[M102166]메실산암로디핀일수화물/[M102534]암로디핀오로트산염/[M222875]암로디핀베실산염/[M246033]암로디핀캄실산염/[M250821]암로디핀아디핀산염/[M250983]암로디핀말레산염/[M251079]암로디핀니코틴산염/[M254832]암로디핀메실산염일수화물/[M257408]암로디핀아디프산염,복합,[D000152]Amlodipine(암로디핀),-,횡문근융해를포함한근육병증위험가능,-,Simvastatin,D000027,D000673,코비시스타트,Cobicistat,[A001163]테노포비르/[A005561]엘비테그라비르/[M250026]엠트리시타빈/[M256270]코비시스타트이산화규소
[M095744]로수바스타틴칼슘/[M258559]로수바스타틴칼슘염/[M258703]피마사르탄칼륨삼수화물/[M264048]피마사르탄칼륨삼수화물과립/[M270546]로수바스타틴칼슘(미분화),복합,[D000624]Fimasartan(피마사르탄),-,횡문근융해증을포함한근육관련이상반응보고,-,Rosuvastatin,D000219,D000619,푸시딘산,FusidicAcid,[M020165]푸시딘산나트륨/[M020229]푸시딘산
[I004369]아토르바스타틴칼슘수화물/[M093499]아토르바스타틴칼슘/[M201260]염산메트포민/[M213543]무수아토르바스타틴칼슘/[M214651]염산메트포르민/[M215219]아토르바스타틴칼슘삼수화물/[M218956]아토르바스타틴삼수화물/[M223014]메트포르민염산염/[M244179]메트포르민염산염/[M244955]아토르바스타틴스트론튬/[M247057]아토르바스타틴칼슘염무수물/[M251687]아토르바스타틴칼슘/[M255741]메트포르민아세트산염/[M256664]아토르바스타틴칼슘수화물/[M263837]아토르바스타틴/[M263864]메트포르민/[M266682]메트포르민염산염콜로이드성이산화규소,복합,[D000718]Metformin(메트포르민),-,횡문근융해증을포함한근육병증위험가능,-,Atorvastatin,D000455,D001362,글레카프레비르,Glecaprevir,[A001652]글레카프레비르/[A003331]피브렌타스비르/[M267076]피브렌타스비르/[M267082]글레카프레비르
[I004369]아토르바스타틴칼슘수화물/[I004994]이르베사르탄/[M092285]이베사탄/[M093499]아토르바스타틴칼슘/[M213543]무수아토르바스타틴칼슘/[M215219]아토르바스타틴칼슘삼수화물/[M218956]아토르바스타틴삼수화물/[M244955]아토르바스타틴스트론튬/[M247057]아토르바스타틴칼슘염무수물/[M251687]아토르바스타틴칼슘/[M251853]이르베사르탄/[M255988]이르베사탄/[M256664]아토르바스타틴칼슘수화물/[M263837]아토르바스타틴,복합,[D000046]Irbesartan(이르베사르탄),-,근육병증|횡문근융해위험증가가능,-,Atorvastatin,D000455,D000769,케토코나졸,Ketoconazole,[M080618]케토코나졸
[M083392]로바스타틴,단일,-,-,횡문근융해를포함한근육병과같은중대한반응가능,-,Lovastatin,D000419,D000673,코비시스타트,Cobicistat,[M249264]아타자나비어황산염/[M256270]코비시스타트이산화규소/[M263079]아타자나비르황산염
[M259362]리토나비르/[M281904]니르마트렐비르,복합,[D000712]Ritonavir(리토나비르),-,-바이러스반응의손실및내성발현의잠재적인가능성,-,Nirmatrelvir,D001650,D000476,카르바마제핀,Carbamazepine,[M040569]카르바마제핀/[M201734]카바마제핀
[M252563]아바나필,단일,-,-,혈압강하작용증가,-,Avanafil,D000737,D001722,이소소르비드일질산염,isosorbidemononitrate,[M110620]5-이소소르비드일질산염20%/[M110733]5-이소소르비드일질산염90%/[M110745]이소소르비드-5-모노니트레이트서방소립구/[M111493]이소소르비드-5-모노니트레이트몬탄글리콜왁스혼합물40%/[M113419]이소소르비드일질산염지속성펠렛/[M246194]이소소르비드-5-모노니트레이트90%/[M247000]이소소르비드-5-모노니트레이트/[M256917]이소소르비드일질산염90%/[M257095]이소소르비드일질산염/[M258776]묽은이소소르비드일질산염/[M270002]이소소르비드일질산염서방과립/[M270009]이소소르비드일질산염서방소립구
[A110681]벨파타스비르/[A110773]복실라프레비르/[I012701]소포스부비르/[M260784]소포스부비어/[M262752]소포스부비르,복합,[D001749]Velpatasvir(벨파타스비르)/[D001750]Voxilaprevir(복실라프레비르),-,-Sofosbuvir|Velpatasvir및/또는Voxilaprevir의혈중농도를감소시켜치료효과를감소시킬가능성이있음,-,Sofosbuvir,D001071,D000314,리팜피신,Rifampicin,[M020042]리팜피신
[M259362]리토나비르/[M281904]니르마트렐비르,복합,[D000712]Ritonavir(리토나비르),-,-심장부정맥의가능성,-,Nirmatrelvir,D001650,D000515,프로파페논,Propafenone,[M081415]염산프로파페논/[M222902]프로파페논염산염
[A110986]루라시돈,단일,-,-,-Lurasidone의노출을감소시킬수있음,-,Lurasidone,D001763,D000314,리팜피신,Rifampicin,[M020042]리팜피신
[M259362]리토나비르/[M281904]니르마트렐비르,복합,[D000712]Ritonavir(리토나비르),-,-출혈위험의증가,-,Nirmatrelvir,D001650,D000527,리바록사반,Rivaroxaban,[I012462]리바록사반(미세화)/[M254091]리바록사반(미세화)/[M264293]리바록사반(미분화)
[M259362]리토나비르/[M281904]니르마트렐비르,복합,[D000712]Ritonavir(리토나비르),-,-바이러스반응의손실및내성발현의잠재적인가능성,-,Nirmatrelvir,D001650,D000103,프리미돈,Primidone,[M040736]프리미돈
[M259362]리토나비르/[M281904]니르마트렐비르,복합,[D000712]Ritonavir(리토나비르),-,-바이러스반응의손실및내성발현의잠재적인가능성,-,Nirmatrelvir,D001650,D001079,엔잘루타마이드,Enzalutamide,[M257255]엔잘루타마이드
[M259362]리토나비르/[M281904]니르마트렐비르,복합,[D000712]Ritonavir(리토나비르),-,-탈수|저혈량증및고칼륨혈증의가능성,-,Nirmatrelvir,D001650,D000487,톨밥탄,Tolvaptan,[A005487]톨밥탄/[M252922]톨밥탄분무건조분말
[I004369]아토르바스타틴칼슘수화물/[M083437]베실산암로디핀/[M089055]칸데사르탄실렉세틸/[M093499]아토르바스타틴칼슘/[M100608]말레인산암로디핀/[M100610]캄실산암로디핀/[M101934]암로디핀/[M102166]메실산암로디핀일수화물/[M102534]암로디핀오로트산염/[M213543]무수아토르바스타틴칼슘/[M215219]아토르바스타틴칼슘삼수화물/[M218956]아토르바스타틴삼수화물/[M222875]암로디핀베실산염/[M244955]아토르바스타틴스트론튬/[M246033]암로디핀캄실산염/[M247057]아토르바스타틴칼슘염무수물/[M250821]암로디핀아디핀산염/[M250983]암로디핀말레산염/[M251079]암로디핀니코틴산염/[M251687]아토르바스타틴칼슘/[M254832]암로디핀메실산염일수화물/[M256664]아토르바스타틴칼슘수화물/[M257408]암로디핀아디프산염/[M263837]아토르바스타틴,복합,[D000152]Amlodipine(암로디핀)/[D000273]Candesartancilexetil(칸데사르탄실렉세틸),-,횡문근융해증을포함한근육병증위험가능,-,Atorvastatin,D000455,D001362,글레카프레비르,Glecaprevir,[A001652]글레카프레비르/[A003331]피브렌타스비르/[M267076]피브렌타스비르/[M267082]글레카프레비르
[A000877]오메가3산/[I004369]아토르바스타틴칼슘수화물/[M093499]아토르바스타틴칼슘/[M213543]무수아토르바스타틴칼슘/[M215219]아토르바스타틴칼슘삼수화물/[M218956]아토르바스타틴삼수화물/[M244955]아토르바스타틴스트론튬/[M247057]아토르바스타틴칼슘염무수물/[M251687]아토르바스타틴칼슘/[M256664]아토르바스타틴칼슘수화물/[M261637]오메가3산에틸에스테르90/[M263837]아토르바스타틴,복합,[D001688]Omega-3-AcidEthylEsters90(오메가3산에틸에스테르90),-,근육병증|횡문근융해위험증가가능,-,Atorvastatin,D000455,D000762,이트라코나졸,Itraconazole,[M083733]이트라코나졸제피과립/[M083734]이트라코나졸/[M092870]이트라코나졸고체분산체/[M201487]이트라코나졸고체분산/[M201624]제피이트라코나졸과립
[M281233]롤라티닙,단일,-,-,Sirolimus의혈중농도가감소될수있음.,-,Lorlatinib,D001697,D001082,시롤리무스,Sirolimus,[I003725]시롤리무스/[M092290]시롤리머스/[M096307]시롤리무스/[M212252]시롤리무스분산용액/[M259798]시롤리무스분산용액/[M269901]시롤리무스
[A110831]피네레논,단일,-,-,Finerenone혈중농도의현저한감소및치료효과감소가예상됨.,-,Finerenone,D001743,D000282,페노바르비탈,Phenobarbital,[M040685]페노바르비탈/[M217088]페노바르비탈나트륨
[M083437]베실산암로디핀/[M090395]텔미사르탄/[M095744]로수바스타틴칼슘/[M097492]에제티미브/[M100608]말레인산암로디핀/[M100610]캄실산암로디핀/[M101934]암로디핀/[M102166]메실산암로디핀일수화물/[M102534]암로디핀오로트산염/[M222875]암로디핀베실산염/[M246033]암로디핀캄실산염/[M250821]암로디핀아디핀산염/[M250983]암로디핀말레산염/[M251079]암로디핀니코틴산염/[M254832]암로디핀메실산염일수화물/[M257408]암로디핀아디프산염/[M258559]로수바스타틴칼슘염/[M264500]텔미사르탄파우더(23.9%)/[M270546]로수바스타틴칼슘(미분화),복합,[D000152]Amlodipine(암로디핀)/[D000350]Ezetimibe(에제티미브)/[D000485]Telmisartan(텔미사르탄),-,횡문근융해증을포함한근육관련이상반응보고,-,Rosuvastatin,D000219,D000619,푸시딘산,FusidicAcid,[M020165]푸시딘산나트륨/[M020229]푸시딘산
[M083437]베실산암로디핀/[M090395]텔미사르탄/[M095744]로수바스타틴칼슘/[M097492]에제티미브/[M100608]말레인산암로디핀/[M100610]캄실산암로디핀/[M101934]암로디핀/[M102166]메실산암로디핀일수화물/[M102534]암로디핀오로트산염/[M222875]암로디핀베실산염/[M246033]암로디핀캄실산염/[M250821]암로디핀아디핀산염/[M250983]암로디핀말레산염/[M251079]암로디핀니코틴산염/[M254832]암로디핀메실산염일수화물/[M257408]암로디핀아디프산염/[M258559]로수바스타틴칼슘염/[M264500]텔미사르탄파우더(23.9%)/[M270546]로수바스타틴칼슘(미분화),복합,[D000152]Amlodipine(암로디핀)/[D000350]Ezetimibe(에제티미브)/[D000485]Telmisartan(텔미사르탄),-,근육통|근육약화|근염|때때로횡문근변성을포함한근육독성촉진가능,-,Rosuvastatin,D000219,D000334,사이클로스포린,Cyclosporine,[A005971]시클로스포린/[M040068]마이크로에멀젼용시클로스포린/[M085282]사이클로스포린/[M085565]시클로스포린
[M259196]토파시티닙시트르산염,단일,-,-,면역억제효과증가,-,Tofacitinib,D001003,D000279,타크로리무스,Tacrolimus,[M089193]타크로리무스수화물/[M227652]타크로리무스수화물
[M281233]롤라티닙,단일,-,-,Lorlatinib의혈중농도를감소시킬수있음.,-,Lorlatinib,D001697,D001079,엔잘루타마이드,Enzalutamide,[M257255]엔잘루타마이드
[A110831]피네레논,단일,-,-,Finerenone혈중농도의현저한감소및치료효과감소가예상됨.,-,Finerenone,D001743,D000595,페니토인,Phenytoin,[M051706]페니토인/[M051707]페니토인나트륨
[A110782]필고티닙,단일,-,-,면역억제효과증가,-,Filgotinib,D001755,D000334,사이클로스포린,Cyclosporine,[A005971]시클로스포린/[M040068]마이크로에멀젼용시클로스포린/[M085282]사이클로스포린/[M085565]시클로스포린
[A110681]벨파타스비르/[I012701]소포스부비르/[M260784]소포스부비어/[M262752]소포스부비르,복합,[D001749]Velpatasvir(벨파타스비르),-,-Sofosbuvir및/또는Velpatasvir의혈중농도를감소시켜치료효과를감소시킬가능성이있음,-,Sofosbuvir,D001071,D000314,리팜피신,Rifampicin,[M020042]리팜피신
[A110831]피네레논,단일,-,-,Finerenone혈중농도의현저한증가가예상됨.,-,Finerenone,D001743,D000673,코비시스타트,Cobicistat,[M249264]아타자나비어황산염/[M256270]코비시스타트이산화규소/[M263079]아타자나비르황산염
[M086538]분무건조아시트레틴25%,단일,-,-,-비타민A과다증,-,Acitretin,D000019,D000758,이소트레티노인,Isotretinoin,[M088250]이소트레티노인
[A000519]살메테롤/[M070463]프로피온산플루티카손/[M222904]플루티카손프로피오네이트/[M233016]미분화플루티카손푸로에이트/[M241930]플루티카손프로피오네이트(미분화)/[M243509]플루티카손프로피오네이트(미분화)/[M259812]플루티카손푸로에이트(미분화),복합,[D001781]Salmeterol(살메테롤),-,-Fluticasone의혈중농도증가로쿠싱증후군및부신억제와같은전신코르티코스테로이드효과나타날수있음-Salmeterol의혈중농도증가로QT연장|심계항진등심혈관계이상반응위험증가,-,Fluticasone,D000707,D000712,리토나비르,Ritonavir,[M259362]리토나비르
[A110986]루라시돈,단일,-,-,-Lurasidone의노출을감소시킬수있음,-,Lurasidone,D001763,D000447,세인트존스워트,St.JohnsWort,[M220509]세인트존스워트/[M248295]세인트존스워트80%메탄올엑스/[M255952]세인트존스워트50%에탄올엑스/[M256845]세인트존스워트틴크D2/[M258013]세인트존스워트80%메탄올건조엑스
[M256772]알리트레티노인,단일,-,-,-양성두개내압상승(가성뇌종양)보고,-,Alitretinoin,D000820,D000503,독시사이클린,Doxycycline,[M020026]독시사이클린/[M020027]독시사이클린하이클레이트/[M084576]독시사이클린/[M222836]독시사이클린수화물/[M222960]독시사이클린하이클레이트수화물
[M201260]염산메트포민/[M214651]염산메트포르민/[M223014]메트포르민염산염/[M244179]메트포르민염산염/[M251915]시타글립틴인산염수화물/[M255741]메트포르민아세트산염/[M262101]시타글립틴인산염/[M263864]메트포르민/[M266682]메트포르민염산염콜로이드성이산화규소/[M266925]시타글립틴염산염수화물,복합,[D000244]Sitagliptin(시타글립틴),-,기능적신부전에의해유산산성증촉진,48시간이내병용금기,Metformin,D000718,D000832,이오트로란,Iotrolan,[M089396]이오트로란
[M085564]이오프로마이드,단일,-,-,기능적신부전에의해유산산성증촉진,48시간이내병용금기,Iopromide,D000761,D000718,메트포르민,Metformin,[M099438]글리클라짓/[M201260]염산메트포민/[M214651]염산메트포르민/[M222831]글리클라지드/[M223014]메트포르민염산염/[M244179]메트포르민염산염/[M255741]메트포르민아세트산염/[M258015]글리크라짓/[M263864]메트포르민/[M266682]메트포르민염산염콜로이드성이산화규소
[M083437]베실산암로디핀/[M089710]심바스타틴/[M100608]말레인산암로디핀/[M100610]캄실산암로디핀/[M101934]암로디핀/[M102166]메실산암로디핀일수화물/[M102534]암로디핀오로트산염/[M222875]암로디핀베실산염/[M246033]암로디핀캄실산염/[M250821]암로디핀아디핀산염/[M250983]암로디핀말레산염/[M251079]암로디핀니코틴산염/[M254832]암로디핀메실산염일수화물/[M257408]암로디핀아디프산염,복합,[D000152]Amlodipine(암로디핀),-,근병증의위험증가가능,-,Simvastatin,D000027,D000769,케토코나졸,Ketoconazole,[M080618]케토코나졸
[M259362]리토나비르/[M281904]니르마트렐비르,복합,[D000712]Ritonavir(리토나비르),-,-바이러스반응의손실및내성발현의잠재적인가능성,-,Nirmatrelvir,D001650,D000595,페니토인,Phenytoin,[M051706]페니토인/[M051707]페니토인나트륨
[M259362]리토나비르/[M281904]니르마트렐비르,복합,[D000712]Ritonavir(리토나비르),-,-횡문근융해증을포함하는근육병증의잠재적인가능성,-,Nirmatrelvir,D001650,D000419,로바스타틴,Lovastatin,[M083392]로바스타틴
[M259362]리토나비르/[M281904]니르마트렐비르,복합,[D000712]Ritonavir(리토나비르),-,-심장부정맥과같은중대한및/또는생명을위협하는반응의가능성,-,Nirmatrelvir,D001650,D000213,피모짓,Pimozide,[M071691]피모짓
[M259362]리토나비르/[M281904]니르마트렐비르,복합,[D000712]Ritonavir(리토나비르),-,-심장부정맥의가능성,-,Nirmatrelvir,D001650,D000201,드로네다론,Dronedarone,[M249412]드로네다론염산염
[M282491]페드라티닙염산염수화물(미분화),단일,-,-,Fedratinib의혈중농도를감소시킬수있음.,-,Fedratinib,D001700,D000314,리팜피신,Rifampicin,[M020042]리팜피신
[M282491]페드라티닙염산염수화물(미분화),단일,-,-,Fedratinib의혈중농도를감소시킬수있음.,-,Fedratinib,D001700,D000595,페니토인,Phenytoin,[M051706]페니토인/[M051707]페니토인나트륨
[M085578]란소프라졸/[M091244]란소프라졸과립,단일,-,-,아타자나비르의혈중농도감소,-,Lansoprazole,D000699,D000150,아타자나비르,Atazanavir,[M249264]아타자나비어황산염/[M256270]코비시스타트이산화규소/[M263079]아타자나비르황산염
[M083437]베실산암로디핀/[M089710]심바스타틴/[M100608]말레인산암로디핀/[M100610]캄실산암로디핀/[M101934]암로디핀/[M102166]메실산암로디핀일수화물/[M102534]암로디핀오로트산염/[M222875]암로디핀베실산염/[M246033]암로디핀캄실산염/[M250821]암로디핀아디핀산염/[M250983]암로디핀말레산염/[M251079]암로디핀니코틴산염/[M254832]암로디핀메실산염일수화물/[M257408]암로디핀아디프산염,복합,[D000152]Amlodipine(암로디핀),-,횡문근융해를포함한근질환의위험가능,-,Simvastatin,D000027,D000395,다루나비르,Darunavir,[M258751]다루나비르에탄올레이트
[M083437]베실산암로디핀/[M089710]심바스타틴/[M100608]말레인산암로디핀/[M100610]캄실산암로디핀/[M101934]암로디핀/[M102166]메실산암로디핀일수화물/[M102534]암로디핀오로트산염/[M222875]암로디핀베실산염/[M246033]암로디핀캄실산염/[M250821]암로디핀아디핀산염/[M250983]암로디핀말레산염/[M251079]암로디핀니코틴산염/[M254832]암로디핀메실산염일수화물/[M257408]암로디핀아디프산염,복합,[D000152]Amlodipine(암로디핀),-,횡문근융해증발생가능,-,Simvastatin,D000027,D000405,포사코나졸,Posaconazole,[M256381]포사코나졸(미분화)
[A110681]벨파타스비르/[I012701]소포스부비르/[M260784]소포스부비어/[M262752]소포스부비르,복합,[D001749]Velpatasvir(벨파타스비르),-,-중대한증상성서맥이나타날수있음.병용이필요한경우심장모니터링이권장됨,-,Sofosbuvir,D001071,D000259,아미오다론,Amiodarone,[A005259]아미오다론
[M249412]드로네다론염산염,단일,-,-,Dronedarone노출량감소,-,Dronedarone,D000201,D000476,카르바마제핀,Carbamazepine,[M040569]카르바마제핀/[M201734]카바마제핀
[M040634]침강탄산칼슘/[M085578]란소프라졸/[M091244]란소프라졸과립/[M275023]침강탄산칼슘과립90%,복합,[D001511]CalciumCarbonatep.p.t.(침강탄산칼슘),-,위장pH의증가로릴피비린의흡수가저하되어릴피비린의치료효과감,경구용,Lansoprazole,D000699,D000225,릴피비린,Rilpivirine,[A005225]릴피비린/[M253921]릴피비린염산염
[I005813]보리코나졸/[M102252]보리코나졸,단일,-,-,-Tolvaptan의혈장농도증가가능,-,Voriconazole,D000443,D000487,톨밥탄,Tolvaptan,[A005487]톨밥탄/[M252922]톨밥탄분무건조분말
[C040631]탄산수소나트륨/[C096332]탄산수소나트륨수용액/[I003757]탄산수소나트륨/[M040631]탄산수소나트륨/[M091817]중탄산수소나트륨/[M092321]에스오메프라졸마그네슘삼수화물/[M096332]탄산수소나트륨수용액/[M100498]에스오메프라졸나트륨/[M104138]포화탄산수소나트륨/[M104658]5%탄산수소나트륨/[M206247]무균탄산수소나트륨/[M206711]탄산수소나트륨(중조)/[M207094]탄산수소나트륨/[M215774]5%탄산수소나트륨수용액/[M221042]에스오메프라졸스트론튬사수화물/[M230823]탄산수소나트륨액/[M242227]에스오메프라졸마그네슘이수화물/[M249554]에스오메프라졸/[M250011]탄산수소나트륨주사액/[M253779]탄산수소나트륨(제3법)/[M259375]에스오메프라졸마그네슘이수화물/[M262063]에스오메프라졸마그네슘과립,복합,[D001148]sodiumbicarbonate(탄산수소나트륨),-,아타자나비르의혈중농도감소,-,Esomeprazole,D000153,D000150,아타자나비르,Atazanavir,[M249264]아타자나비어황산염/[M263079]아타자나비르황산염
[M214384]염산미로데나필/[M253534]미로데나필,단일,-,-,혈압강하작용증가,-,Mirodenafil,D000128,D001723,이소소르비드이질산염,isosorbidedinitrate,[M115499]이소소르비드질산염·염화나트륨/[M116023]이소소르비드질산염지속과립/[M250379]묽은이소소르비드이질산염/[M250785]이소소르비드질산염제피과립/[M256313]이소소르비드이질산염
[M214384]염산미로데나필/[M253534]미로데나필,단일,-,-,혈압강하작용증가,-,Mirodenafil,D000128,D001722,이소소르비드일질산염,isosorbidemononitrate,[M110620]5-이소소르비드일질산염20%/[M110733]5-이소소르비드일질산염90%/[M110745]이소소르비드-5-모노니트레이트서방소립구/[M111493]이소소르비드-5-모노니트레이트몬탄글리콜왁스혼합물40%/[M113419]이소소르비드일질산염지속성펠렛/[M246194]이소소르비드-5-모노니트레이트90%/[M247000]이소소르비드-5-모노니트레이트/[M256917]이소소르비드일질산염90%/[M257095]이소소르비드일질산염/[M258776]묽은이소소르비드일질산염/[M270002]이소소르비드일질산염서방과립/[M270009]이소소르비드일질산염서방소립구
[A110225]빅테그라비르/[M118368]테노포비르알라페나미드푸마르산염/[M250026]엠트리시타빈/[M268156]빅테그라비르나트륨/[M279141]테노포비르알라페나미드숙신산염/[M279170]테노포비르알라페나미드헤미말산염,복합,[D000665]Emtricitabine(엠트리시타빈)/[D001420]Tenofoviralafenamide(테노포비르알라페나미드),-,양쪽약물모두혈장농도상승가능,-,Bictegravir,D001419,D000028,아데포비어디피복실,Adefovirdipivoxil,[M101796]아데포비어디피복실
[M089710]심바스타틴/[M097492]에제티미브,복합,[D000350]Ezetimibe(에제티미브),-,-횡문근융해증을포함하는근육병증의잠재적인가능성,-,Simvastatin,D000027,D001650,니르마트렐비르,Nirmatrelvir,[M259362]리토나비르/[M281904]니르마트렐비르
[I004369]아토르바스타틴칼슘수화물/[M093499]아토르바스타틴칼슘/[M097492]에제티미브/[M213543]무수아토르바스타틴칼슘/[M215219]아토르바스타틴칼슘삼수화물/[M218956]아토르바스타틴삼수화물/[M244955]아토르바스타틴스트론튬/[M247057]아토르바스타틴칼슘염무수물/[M251687]아토르바스타틴칼슘/[M256664]아토르바스타틴칼슘수화물/[M263837]아토르바스타틴,복합,[D000350]Ezetimibe(에제티미브),-,횡문근융해증발생가능,-,Atorvastatin,D000455,D000405,포사코나졸,Posaconazole,[M256381]포사코나졸(미분화)
[M040634]침강탄산칼슘/[M092321]에스오메프라졸마그네슘삼수화물/[M100498]에스오메프라졸나트륨/[M221042]에스오메프라졸스트론튬사수화물/[M242227]에스오메프라졸마그네슘이수화물/[M249554]에스오메프라졸/[M259375]에스오메프라졸마그네슘이수화물/[M262063]에스오메프라졸마그네슘과립/[M275023]침강탄산칼슘과립90%,복합,[D001511]CalciumCarbonatep.p.t.(침강탄산칼슘),-,아타자나비르의혈중농도감소,-,Esomeprazole,D000153,D000150,아타자나비르,Atazanavir,[M249264]아타자나비어황산염/[M263079]아타자나비르황산염
[M249412]드로네다론염산염,단일,-,-,Dronedarone노출량감소,-,Dronedarone,D000201,D000282,페노바르비탈,Phenobarbital,[M040685]페노바르비탈/[M217088]페노바르비탈나트륨
[M249412]드로네다론염산염,단일,-,-,Dronedarone노출량감소,-,Dronedarone,D000201,D000595,페니토인,Phenytoin,[M051706]페니토인/[M051707]페니토인나트륨
[I004369]아토르바스타틴칼슘수화물/[M083437]베실산암로디핀/[M089055]칸데사르탄실렉세틸/[M093499]아토르바스타틴칼슘/[M100608]말레인산암로디핀/[M100610]캄실산암로디핀/[M101934]암로디핀/[M102166]메실산암로디핀일수화물/[M102534]암로디핀오로트산염/[M213543]무수아토르바스타틴칼슘/[M215219]아토르바스타틴칼슘삼수화물/[M218956]아토르바스타틴삼수화물/[M222875]암로디핀베실산염/[M244955]아토르바스타틴스트론튬/[M246033]암로디핀캄실산염/[M247057]아토르바스타틴칼슘염무수물/[M250821]암로디핀아디핀산염/[M250983]암로디핀말레산염/[M251079]암로디핀니코틴산염/[M251687]아토르바스타틴칼슘/[M254832]암로디핀메실산염일수화물/[M256664]아토르바스타틴칼슘수화물/[M257408]암로디핀아디프산염/[M263837]아토르바스타틴,복합,[D000152]Amlodipine(암로디핀)/[D000273]Candesartancilexetil(칸데사르탄실렉세틸),-,횡문근융해와같은중증의근육이상보고,-,Atorvastatin,D000455,D000619,푸시딘산,FusidicAcid,[M020165]푸시딘산나트륨/[M020229]푸시딘산
[M259362]리토나비르/[M281904]니르마트렐비르,복합,[D000712]Ritonavir(리토나비르),-,-기립성저혈압의가능성,-,Nirmatrelvir,D001650,D000342,실로도신,Silodosin,[M230909]실로도신
[A110673]카보테그라비르,단일,-,-,Cabotegravir의혈중농도를감소시켜치료효과를감소시킬수있음.,-,Cabotegravir,D001748,D000595,페니토인,Phenytoin,[M051706]페니토인/[M051707]페니토인나트륨
[M281233]롤라티닙,단일,-,-,-Lorlatinib의혈중농도를감소시킬수있음.-총빌리루빈과알칼리인산분해효소의증가없이AST와ALT의증가와연관있음.,-,Lorlatinib,D001697,D000314,리팜피신,Rifampicin,[M020042]리팜피신
[M084124]황산히드록시클로로퀸/[M087341]히드록시클로로퀸설페이트/[M222909]히드록시클로로퀸황산염,단일,-,-,심실성부정맥|서맥|심장전도장애를포함한심장부정맥위험성증가,-,Hydroxychloroquine,D000417,D000259,아미오다론,Amiodarone,[A005259]아미오다론
[M281881]자누브루티닙,단일,-,-,-Zanubrutinib의혈중농도를감소시켜유효성을감소시킬수있음,-,Zanubrutinib,D001703,D000476,카르바마제핀,Carbamazepine,[M040569]카르바마제핀/[M201734]카바마제핀
[M259362]리토나비르/[M281904]니르마트렐비르,복합,[D000712]Ritonavir(리토나비르),-,-Tadalafil의혈중농도를증가시킬수있음,-,Nirmatrelvir,D001650,D000181,타다라필,Tadalafil,[M095435]타다라필
[A110225]빅테그라비르/[M118368]테노포비르알라페나미드푸마르산염/[M250026]엠트리시타빈/[M268156]빅테그라비르나트륨/[M279141]테노포비르알라페나미드숙신산염/[M279170]테노포비르알라페나미드헤미말산염,복합,[D000665]Emtricitabine(엠트리시타빈)/[D001420]Tenofoviralafenamide(테노포비르알라페나미드),-,라미부딘이엠트리시타빈의세포내인산화를저해할수도있음|동일한역전사효소유전자(M184V)변이를통해바이러스내성기전이일어나므로병용시치료효과가제한적일수있음,-,Bictegravir,D001419,D000615,라미부딘,Lamivudine,[I012292]아바카비르황산염/[M086332]라미부딘/[M262968]아바카비르황산염
[M281881]자누브루티닙,단일,-,-,-Zanubrutinib의혈중농도를감소시켜유효성을감소시킬수있음,-,Zanubrutinib,D001703,D000595,페니토인,Phenytoin,[M051706]페니토인/[M051707]페니토인나트륨
[M259362]리토나비르/[M281904]니르마트렐비르,복합,[D000712]Ritonavir(리토나비르),-,-Sirolimus의혈중농도를증가시킬수있음,-,Nirmatrelvir,D001650,D001082,시롤리무스,Sirolimus,[I003725]시롤리무스/[M092290]시롤리머스/[M096307]시롤리무스/[M212252]시롤리무스분산용액/[M259798]시롤리무스분산용액/[M269901]시롤리무스
[M259362]리토나비르/[M281904]니르마트렐비르,복합,[D000712]Ritonavir(리토나비르),-,-신장및/또는간장애가있는환자에서중대한및/또는생명을위협하는반응의가능성,-,Nirmatrelvir,D001650,D000582,콜키신,Colchicine,[M091703]콜키신
[M249412]드로네다론염산염,단일,-,-,Dronedarone노출량감소,-,Dronedarone,D000201,D000447,세인트존스워트,St.JohnsWort,[M220509]세인트존스워트/[M248295]세인트존스워트80%메탄올엑스/[M255952]세인트존스워트50%에탄올엑스/[M256845]세인트존스워트틴크D2/[M258013]세인트존스워트80%메탄올건조엑스
[M259362]리토나비르/[M281904]니르마트렐비르,복합,[D000712]Ritonavir(리토나비르),-,-저혈압의가능성,-,Nirmatrelvir,D001650,D001030,알푸조신,Alfuzosin,[M085821]염산알푸조신/[M222874]알푸조신염산염
[M259362]리토나비르/[M281904]니르마트렐비르,복합,[D000712]Ritonavir(리토나비르),-,-Sildenafil관련이상반응(시각이상|저혈압|발기시간지연및실신포함)의가능성,-,Nirmatrelvir,D001650,D000246,실데나필,Sildenafil,[M089346]구연산실데나필/[M223223]클로미프라민염산염/[M252789]실데나필시트르산염/[M253237]실데나필
[M259362]리토나비르/[M281904]니르마트렐비르,복합,[D000712]Ritonavir(리토나비르),-,-Sildenafil의혈중농도를증가시킬수있음-시각이상|저혈압|발기시간지연및실신을포함한Sildenafil관련이상반응의가능성,-,Nirmatrelvir,D001650,D000246,실데나필,Sildenafil,[M089346]구연산실데나필/[M252789]실데나필시트르산염/[M253237]실데나필
[A005386]판토프라졸,단일,-,-,아타자나비르의혈중농도감소,-,Pantoprazole,D000386,D000150,아타자나비르,Atazanavir,[M249264]아타자나비어황산염/[M256270]코비시스타트이산화규소/[M263079]아타자나비르황산염
[M040634]침강탄산칼슘/[M092321]에스오메프라졸마그네슘삼수화물/[M100498]에스오메프라졸나트륨/[M221042]에스오메프라졸스트론튬사수화물/[M242227]에스오메프라졸마그네슘이수화물/[M249554]에스오메프라졸/[M259375]에스오메프라졸마그네슘이수화물/[M262063]에스오메프라졸마그네슘과립/[M275023]침강탄산칼슘과립90%,복합,[D001511]CalciumCarbonatep.p.t.(침강탄산칼슘),-,위장pH의증가로릴피비린의흡수가저하되어릴피비린의치료효과감소,-,Esomeprazole,D000153,D000225,릴피비린,Rilpivirine,[A005225]릴피비린/[M253921]릴피비린염산염
[I005603]트리아졸람/[M088380]트리아졸람,단일,-,-,진정작용의연장또는증가|호흡저하,-,Triazolam,D000592,D000712,리토나비르,Ritonavir,[M259361]로피나비르/[M259362]리토나비르
[A001105]코바마미드/[M040335]염산시프로헵타딘/[M081195]오로트산시프로헵타딘/[M094432]시프로헵타딘/[M202216]DL-염산카르니틴/[M218567]L-메티오닌/[M222998]L-리신염산염/[M223093]시프로헵타딘염산염수화물/[M246203]DL-카르니틴염산염/[M254960]시프로헵타딘오로트산염수화물,복합,[D001618]L-LysineHydrochloride(L-리신염산염)/[D001752]Cobamamide(코바마미드)/[D000992]Carnitine(카르니틴),-,MAO저해제의효과를증가시킬수있음,-,Cyproheptadine,D000026,D000698,라사길린,Rasagiline,[M257939]라사길린메실산염
[M083733]이트라코나졸제피과립/[M083734]이트라코나졸/[M092870]이트라코나졸고체분산체/[M201487]이트라코나졸고체분산/[M201624]제피이트라코나졸과립,단일,-,-,-병용시이약의노출이증가하여TLS를포함한독성위험증가가능,만성림프구성백혈병환자에서치료시작시와용량증량기간동안병용금기,Itraconazole,D000762,D001609,베네토클락스,Venetoclax,[A110514]베네토클락스
[A110681]벨파타스비르/[A110773]복실라프레비르/[I012701]소포스부비르/[M260784]소포스부비어/[M262752]소포스부비르,복합,[D001749]Velpatasvir(벨파타스비르)/[D001750]Voxilaprevir(복실라프레비르),-,-중대한증상성서맥이나타날수있음.병용이필요한경우심장모니터링이권장됨,-,Sofosbuvir,D001071,D000259,아미오다론,Amiodarone,[A005259]아미오다론
[M092321]에스오메프라졸마그네슘삼수화물/[M100498]에스오메프라졸나트륨/[M221042]에스오메프라졸스트론튬사수화물/[M242227]에스오메프라졸마그네슘이수화물/[M249554]에스오메프라졸/[M259375]에스오메프라졸마그네슘이수화물/[M262063]에스오메프라졸마그네슘과립,단일,-,-,아타자나비르의혈중농도감소,-,Esomeprazole,D000153,D000150,아타자나비르,Atazanavir,[M249264]아타자나비어황산염/[M256270]코비시스타트이산화규소/[M263079]아타자나비르황산염
[M095744]로수바스타틴칼슘/[M201260]염산메트포민/[M214651]염산메트포르민/[M223014]메트포르민염산염/[M244179]메트포르민염산염/[M255741]메트포르민아세트산염/[M258559]로수바스타틴칼슘염/[M263864]메트포르민/[M266682]메트포르민염산염콜로이드성이산화규소/[M270546]로수바스타틴칼슘(미분화),복합,[D000718]Metformin(메트포르민),-,근육통|근육약화|근염|때때로횡문근변성을포함한근육독성촉진가능,-,Rosuvastatin,D000219,D000334,사이클로스포린,Cyclosporine,[A005971]시클로스포린/[M040068]마이크로에멀젼용시클로스포린/[M085282]사이클로스포린/[M085565]시클로스포린
[M083437]베실산암로디핀/[M095744]로수바스타틴칼슘/[M100608]말레인산암로디핀/[M100610]캄실산암로디핀/[M101934]암로디핀/[M102166]메실산암로디핀일수화물/[M102534]암로디핀오로트산염/[M222875]암로디핀베실산염/[M246033]암로디핀캄실산염/[M250821]암로디핀아디핀산염/[M250983]암로디핀말레산염/[M251079]암로디핀니코틴산염/[M254832]암로디핀메실산염일수화물/[M257408]암로디핀아디프산염/[M258559]로수바스타틴칼슘염/[M270546]로수바스타틴칼슘(미분화),복합,[D000152]Amlodipine(암로디핀),-,횡문근융해증을포함한근육병증위험증가가능,-,Rosuvastatin,D000219,D001072,레디파스비르,Ledipasvir,[I012701]소포스부비르/[I012702]레디파스비르/[M260784]소포스부비어/[M262752]소포스부비르/[M262910]레디파스비르
[M095744]로수바스타틴칼슘/[M258559]로수바스타틴칼슘염/[M258703]피마사르탄칼륨삼수화물/[M264048]피마사르탄칼륨삼수화물과립/[M270546]로수바스타틴칼슘(미분화),복합,[D000624]Fimasartan(피마사르탄),-,근육통|근육약화|근염|때때로횡문근변성을포함한근육독성촉진가능,-,Rosuvastatin,D000219,D000334,사이클로스포린,Cyclosporine,[A005971]시클로스포린/[M040068]마이크로에멀젼용시클로스포린/[M085282]사이클로스포린/[M085565]시클로스포린
[M259362]리토나비르/[M281904]니르마트렐비르,복합,[D000712]Ritonavir(리토나비르),-,-바이러스반응의손실및내성발현의잠재적인가능성,-,Nirmatrelvir,D001650,D000314,리팜피신,Rifampicin,[M020042]리팜피신/[M223170]이소니아지드
[M259196]토파시티닙시트르산염,단일,-,-,면역억제효과증가,-,Tofacitinib,D001003,D000334,사이클로스포린,Cyclosporine,[A005971]시클로스포린/[M040068]마이크로에멀젼용시클로스포린/[M085282]사이클로스포린/[M085565]시클로스포린
[M083437]베실산암로디핀/[M089710]심바스타틴/[M100608]말레인산암로디핀/[M100610]캄실산암로디핀/[M101934]암로디핀/[M102166]메실산암로디핀일수화물/[M102534]암로디핀오로트산염/[M222875]암로디핀베실산염/[M246033]암로디핀캄실산염/[M250821]암로디핀아디핀산염/[M250983]암로디핀말레산염/[M251079]암로디핀니코틴산염/[M254832]암로디핀메실산염일수화물/[M257408]암로디핀아디프산염,복합,[D000152]Amlodipine(암로디핀),-,횡문근융해를포함한근육병증위험가능,-,Simvastatin,D000027,D000712,리토나비르,Ritonavir,[M259362]리토나비르
[M083437]베실산암로디핀/[M086307]로자탄칼륨/[M095744]로수바스타틴칼슘/[M097492]에제티미브/[M100608]말레인산암로디핀/[M100610]캄실산암로디핀/[M101934]암로디핀/[M102166]메실산암로디핀일수화물/[M102534]암로디핀오로트산염/[M201944]포타슘로사탄/[M222875]암로디핀베실산염/[M246033]암로디핀캄실산염/[M248335]로자탄칼륨/[M249673]로사르탄칼륨/[M250821]암로디핀아디핀산염/[M250983]암로디핀말레산염/[M251079]암로디핀니코틴산염/[M254832]암로디핀메실산염일수화물/[M255575]로사르탄칼륨(로자탄으로서45.8mg)/[M257408]암로디핀아디프산염/[M257973]로사르탄칼슘/[M258559]로수바스타틴칼슘염/[M259810]로자르탄칼륨/[M260076]로사르탄칼륨(로사르탄으로서45.8mg)/[M270546]로수바스타틴칼슘(미분화),복합,[D000152]Amlodipine(암로디핀)/[D000350]Ezetimibe(에제티미브)/[D000220]Losartan(로사르탄),-,횡문근융해증을포함한근육관련이상반응보고,-,Rosuvastatin,D000219,D000619,푸시딘산,FusidicAcid,[M020165]푸시딘산나트륨/[M020229]푸시딘산
[M083437]베실산암로디핀/[M095744]로수바스타틴칼슘/[M100608]말레인산암로디핀/[M100610]캄실산암로디핀/[M101934]암로디핀/[M102166]메실산암로디핀일수화물/[M102534]암로디핀오로트산염/[M222875]암로디핀베실산염/[M246033]암로디핀캄실산염/[M250821]암로디핀아디핀산염/[M250983]암로디핀말레산염/[M251079]암로디핀니코틴산염/[M254832]암로디핀메실산염일수화물/[M257408]암로디핀아디프산염/[M258559]로수바스타틴칼슘염/[M258703]피마사르탄칼륨삼수화물/[M264048]피마사르탄칼륨삼수화물과립/[M270546]로수바스타틴칼슘(미분화),복합,[D000152]Amlodipine(암로디핀)/[D000624]Fimasartan(피마사르탄),-,근육통|근육약화|근염|때때로횡문근변성을포함한근육독성촉진가능,-,Rosuvastatin,D000219,D000334,사이클로스포린,Cyclosporine,[A005971]시클로스포린/[M040068]마이크로에멀젼용시클로스포린/[M085282]사이클로스포린/[M085565]시클로스포린
[A001316]포스카르네트,단일,-,-,신장손상악화|저칼슘혈증이일어날수있음,-,Foscarnet,D001559,D001456,펜타미딘,Pentamidine,[A001296]펜타미딘
[M050465]메토클로프라미드/[M050466]염산메토클로프라미드/[M223013]메토클로프라미드염산염수화물,단일,-,-,레보도파의효과감소,-,Metoclopramide,D000425,D000302,레보도파,Levodopa,[A005039]엔타카폰/[M040122]레보도파/[M089172]카르비도파/[M256275]카르비도파수화물
[M083437]베실산암로디핀/[M089710]심바스타틴/[M100608]말레인산암로디핀/[M100610]캄실산암로디핀/[M101934]암로디핀/[M102166]메실산암로디핀일수화물/[M102534]암로디핀오로트산염/[M222875]암로디핀베실산염/[M246033]암로디핀캄실산염/[M250821]암로디핀아디핀산염/[M250983]암로디핀말레산염/[M251079]암로디핀니코틴산염/[M254832]암로디핀메실산염일수화물/[M257408]암로디핀아디프산염,복합,[D000152]Amlodipine(암로디핀),-,-횡문근융해증을포함하는근육병증의잠재적인가능성,-,Simvastatin,D000027,D001650,니르마트렐비르,Nirmatrelvir,[M259362]리토나비르/[M281904]니르마트렐비르
[M083437]베실산암로디핀/[M089710]심바스타틴/[M100608]말레인산암로디핀/[M100610]캄실산암로디핀/[M101934]암로디핀/[M102166]메실산암로디핀일수화물/[M102534]암로디핀오로트산염/[M222875]암로디핀베실산염/[M246033]암로디핀캄실산염/[M250821]암로디핀아디핀산염/[M250983]암로디핀말레산염/[M251079]암로디핀니코틴산염/[M254832]암로디핀메실산염일수화물/[M257408]암로디핀아디프산염,복합,[D000152]Amlodipine(암로디핀),-,횡문근융해를포함한근육병증위험가능,-,Simvastatin,D000027,D000626,로피나비르,Lopinavir,[M259361]로피나비르/[M259362]리토나비르
[I004369]아토르바스타틴칼슘수화물/[I004994]이르베사르탄/[M092285]이베사탄/[M093499]아토르바스타틴칼슘/[M213543]무수아토르바스타틴칼슘/[M215219]아토르바스타틴칼슘삼수화물/[M218956]아토르바스타틴삼수화물/[M244955]아토르바스타틴스트론튬/[M247057]아토르바스타틴칼슘염무수물/[M251687]아토르바스타틴칼슘/[M251853]이르베사르탄/[M255988]이르베사탄/[M256664]아토르바스타틴칼슘수화물/[M263837]아토르바스타틴,복합,[D000046]Irbesartan(이르베사르탄),-,횡문근융해증을포함한근육병증위험가능,-,Atorvastatin,D000455,D001362,글레카프레비르,Glecaprevir,[A001652]글레카프레비르/[A003331]피브렌타스비르/[M267076]피브렌타스비르/[M267082]글레카프레비르
[M051799]페노피브레이트/[M084105]프라바스타틴나트륨/[M092604]미세화페노피브레이트/[M095127]페노피브레이트펠렛/[M096854]미세화페노피브레이트구형과립/[M099150]페노피브레이트펠렛타입/[M099756]미세화페노피브레이트혼합분말/[M255612]페노피브릭산/[M256159]페노피브레이트콜린/[M257159]페노피브레이트과립(미분화)/[M260738]페노피브레이트(미분화),복합,[D000686]Fenofibrate(페노피브레이트),-,횡문근융해증을포함한근육관련이상반응보고,-,Pravastatin,D000305,D000619,푸시딘산,FusidicAcid,[M020165]푸시딘산나트륨/[M020229]푸시딘산
[M259362]리토나비르/[M281904]니르마트렐비르,복합,[D000712]Ritonavir(리토나비르),-,-서맥또는전도장애의가능성,-,Nirmatrelvir,D001650,D000571,이바브라딘,Ivabradine,[M245775]이바브라딘염산염
[M259362]리토나비르/[M281904]니르마트렐비르,복합,[D000712]Ritonavir(리토나비르),-,-바이러스반응의손실및내성발현의잠재적인가능성,-,Nirmatrelvir,D001650,D000314,리팜피신,Rifampicin,[A000830]에탐부톨/[M020042]리팜피신/[M040746]피라진아미드/[M223170]이소니아지드
[M083437]베실산암로디핀/[M090395]텔미사르탄/[M095744]로수바스타틴칼슘/[M100608]말레인산암로디핀/[M100610]캄실산암로디핀/[M101934]암로디핀/[M102166]메실산암로디핀일수화물/[M102534]암로디핀오로트산염/[M222875]암로디핀베실산염/[M246033]암로디핀캄실산염/[M250821]암로디핀아디핀산염/[M250983]암로디핀말레산염/[M251079]암로디핀니코틴산염/[M254832]암로디핀메실산염일수화물/[M257408]암로디핀아디프산염/[M258559]로수바스타틴칼슘염/[M264500]텔미사르탄파우더(23.9%)/[M270546]로수바스타틴칼슘(미분화),복합,[D000152]Amlodipine(암로디핀)/[D000485]Telmisartan(텔미사르탄),-,근육통|근육약화|근염|때때로횡문근변성을포함한근육독성촉진가능,-,Rosuvastatin,D000219,D000334,사이클로스포린,Cyclosporine,[A005971]시클로스포린/[M040068]마이크로에멀젼용시클로스포린/[M085282]사이클로스포린/[M085565]시클로스포린
[A110225]빅테그라비르/[M118368]테노포비르알라페나미드푸마르산염/[M250026]엠트리시타빈/[M268156]빅테그라비르나트륨/[M279141]테노포비르알라페나미드숙신산염/[M279170]테노포비르알라페나미드헤미말산염,복합,[D000665]Emtricitabine(엠트리시타빈)/[D001420]Tenofoviralafenamide(테노포비르알라페나미드),-,라미부딘이엠트리시타빈의세포내인산화를저해할수도있음|동일한역전사효소유전자(M184V)변이를통해바이러스내성기전이일어나므로병용시치료효과가제한적일수있음,-,Bictegravir,D001419,D000615,라미부딘,Lamivudine,[I012292]아바카비르황산염/[I012655]돌루테그라비르나트륨(미분화)/[M086332]라미부딘/[M262968]아바카비르황산염
[M090395]텔미사르탄/[M095744]로수바스타틴칼슘/[M097492]에제티미브/[M258559]로수바스타틴칼슘염/[M264500]텔미사르탄파우더(23.9%)/[M270546]로수바스타틴칼슘(미분화),복합,[D000350]Ezetimibe(에제티미브)/[D000485]Telmisartan(텔미사르탄),-,근육통|근육약화|근염|때때로횡문근변성을포함한근육독성촉진가능,-,Rosuvastatin,D000219,D000334,사이클로스포린,Cyclosporine,[A005971]시클로스포린/[M040068]마이크로에멀젼용시클로스포린/[M085282]사이클로스포린/[M085565]시클로스포린
[M095744]로수바스타틴칼슘/[M246568]네비보롤염산염/[M254774]네비보롤염산염/[M258559]로수바스타틴칼슘염/[M270546]로수바스타틴칼슘(미분화),복합,[D000785]Nebivolol(네비보롤),-,횡문근융해증을포함한근육관련이상반응보고,-,Rosuvastatin,D000219,D000619,푸시딘산,FusidicAcid,[M020165]푸시딘산나트륨/[M020229]푸시딘산
[M095744]로수바스타틴칼슘/[M254878]제미글립틴타르타르산염1.5수화물/[M258559]로수바스타틴칼슘염/[M263103]제미글립틴타르타르산염1.5수하물/[M270546]로수바스타틴칼슘(미분화),복합,[D000670]Gemigliptin(제미글립틴),-,횡문근융해증을포함한근육관련이상반응보고,-,Rosuvastatin,D000219,D000619,푸시딘산,FusidicAcid,[M020165]푸시딘산나트륨/[M020229]푸시딘산
[M095744]로수바스타틴칼슘/[M097492]에제티미브/[M258559]로수바스타틴칼슘염/[M270546]로수바스타틴칼슘(미분화),복합,[D000350]Ezetimibe(에제티미브),-,횡문근융해증을포함한근육병증위험증가가능,-,Rosuvastatin,D000219,D001072,레디파스비르,Ledipasvir,[I012701]소포스부비르/[I012702]레디파스비르/[M260784]소포스부비어/[M262752]소포스부비르/[M262910]레디파스비르
[M097492]에제티미브/[M102119]피타바스타틴칼슘/[M259724]피타바스타틸칼슘,복합,[D000350]Ezetimibe(에제티미브),-,횡문근융해증을포함한근육관련이상반응보고,-,Pitavastatin,D000518,D000619,푸시딘산,FusidicAcid,[M020165]푸시딘산나트륨/[M020229]푸시딘산
[A110986]루라시돈,단일,-,-,-Lurasidone의노출을증가시킬수있음,-,Lurasidone,D001763,D000769,케토코나졸,Ketoconazole,[M080618]케토코나졸
[A110986]루라시돈,단일,-,-,-Lurasidone의노출을증가시킬수있음,-,Lurasidone,D001763,D000712,리토나비르,Ritonavir,[M259362]리토나비르
[M249412]드로네다론염산염,단일,-,-,Dronedarone노출량증가,-,Dronedarone,D000201,D000373,클래리트로마이신,Clarithromycin,[M085725]클래리스로마이신/[M087123]클래리스로마이신코팅입자/[M102127]클래리스로마이신제피과립/[M222887]클래리트로마이신/[M223198]클래리트로마이신/[M245961]클래리트로마이신제피과립/[M256483]클래리트로마이신제피과립(42%)
[M256772]알리트레티노인,단일,-,-,-비타민A과다증,-,Alitretinoin,D000820,D000488,트레티노인,Tretinoin,[M051617]트레티노인
[M084105]프라바스타틴나트륨,단일,-,-,횡문근융해증|근무력증|동통발생가,-,Pravastatin,D000305,D000619,푸시딘산,FusidicAcid,[M020165]푸시딘산나트륨/[M020229]푸시딘산
[M214128]플루바스타틴나트륨,단일,-,-,횡문근융해증|근무력증|동통발생가능,-,Fluvastatin,D000306,D000619,푸시딘산,FusidicAcid,[M020165]푸시딘산나트륨/[M020229]푸시딘산
[I004369]아토르바스타틴칼슘수화물/[M083437]베실산암로디핀/[M090403]발사르탄/[M093499]아토르바스타틴칼슘/[M100608]말레인산암로디핀/[M100610]캄실산암로디핀/[M101934]암로디핀/[M102166]메실산암로디핀일수화물/[M102534]암로디핀오로트산염/[M213543]무수아토르바스타틴칼슘/[M215219]아토르바스타틴칼슘삼수화물/[M218956]아토르바스타틴삼수화물/[M222875]암로디핀베실산염/[M244955]아토르바스타틴스트론튬/[M246033]암로디핀캄실산염/[M247057]아토르바스타틴칼슘염무수물/[M250821]암로디핀아디핀산염/[M250983]암로디핀말레산염/[M251079]암로디핀니코틴산염/[M251687]아토르바스타틴칼슘/[M254832]암로디핀메실산염일수화물/[M256664]아토르바스타틴칼슘수화물/[M257408]암로디핀아디프산염/[M263837]아토르바스타틴,복합,[D000152]Amlodipine(암로디핀)/[D000011]Valsartan(발사르탄),-,근육병증|횡문근융해위험증가가능,-,Atorvastatin,D000455,D000334,사이클로스포린,Cyclosporine,[A005971]시클로스포린/[M040068]마이크로에멀젼용시클로스포린/[M085282]사이클로스포린/[M085565]시클로스포린
[A000877]오메가3산/[I004369]아토르바스타틴칼슘수화물/[M093499]아토르바스타틴칼슘/[M213543]무수아토르바스타틴칼슘/[M215219]아토르바스타틴칼슘삼수화물/[M218956]아토르바스타틴삼수화물/[M244955]아토르바스타틴스트론튬/[M247057]아토르바스타틴칼슘염무수물/[M251687]아토르바스타틴칼슘/[M256664]아토르바스타틴칼슘수화물/[M261637]오메가3산에틸에스테르90/[M263837]아토르바스타틴,복합,[D001688]Omega-3-AcidEthylEsters90(오메가3산에틸에스테르90),-,근육병증|횡문근융해위험증가가능,-,Atorvastatin,D000455,D000334,사이클로스포린,Cyclosporine,[A005971]시클로스포린/[M040068]마이크로에멀젼용시클로스포린/[M085282]사이클로스포린/[M085565]시클로스포린
[I004369]아토르바스타틴칼슘수화물/[M093499]아토르바스타틴칼슘/[M201260]염산메트포민/[M213543]무수아토르바스타틴칼슘/[M214651]염산메트포르민/[M215219]아토르바스타틴칼슘삼수화물/[M218956]아토르바스타틴삼수화물/[M223014]메트포르민염산염/[M244179]메트포르민염산염/[M244955]아토르바스타틴스트론튬/[M247057]아토르바스타틴칼슘염무수물/[M251687]아토르바스타틴칼슘/[M255741]메트포르민아세트산염/[M256664]아토르바스타틴칼슘수화물/[M263837]아토르바스타틴/[M263864]메트포르민/[M266682]메트포르민염산염콜로이드성이산화규소,복합,[D000718]Metformin(메트포르민),-,횡문근융해와같은중증의근육이상보고,-,Atorvastatin,D000455,D000619,푸시딘산,FusidicAcid,[M020165]푸시딘산나트륨/[M020229]푸시딘산
[I004369]아토르바스타틴칼슘수화물/[I004994]이르베사르탄/[M092285]이베사탄/[M093499]아토르바스타틴칼슘/[M213543]무수아토르바스타틴칼슘/[M215219]아토르바스타틴칼슘삼수화물/[M218956]아토르바스타틴삼수화물/[M244955]아토르바스타틴스트론튬/[M247057]아토르바스타틴칼슘염무수물/[M251687]아토르바스타틴칼슘/[M251853]이르베사르탄/[M255988]이르베사탄/[M256664]아토르바스타틴칼슘수화물/[M263837]아토르바스타틴,복합,[D000046]Irbesartan(이르베사르탄),-,근육병증|횡문근융해위험증가가능,-,Atorvastatin,D000455,D000405,포사코나졸,Posaconazole,[M256381]포사코나졸(미분화)
[C040631]탄산수소나트륨/[C096332]탄산수소나트륨수용액/[I003757]탄산수소나트륨/[M040631]탄산수소나트륨/[M083697]오메프라졸장용성과립/[M083698]오메프라졸/[M089720]오메프라졸나트륨/[M091817]중탄산수소나트륨/[M096332]탄산수소나트륨수용액/[M104138]포화탄산수소나트륨/[M104658]5%탄산수소나트륨/[M201348]오메프라졸장용과립/[M206247]무균탄산수소나트륨/[M206711]탄산수소나트륨(중조)/[M207094]탄산수소나트륨/[M215774]5%탄산수소나트륨수용액/[M230823]탄산수소나트륨액/[M250011]탄산수소나트륨주사액/[M253779]탄산수소나트륨(제3법),복합,[D001148]sodiumbicarbonate(탄산수소나트륨),-,아타자나비르의혈중농도감소,-,Omeprazole,D000469,D000150,아타자나비르,Atazanavir,[M249264]아타자나비어황산염/[M263079]아타자나비르황산염
[M102602]유데나필,단일,-,-,혈압강하작용증가,-,Udenafil,D000569,D001723,이소소르비드이질산염,isosorbidedinitrate,[M115499]이소소르비드질산염·염화나트륨/[M116023]이소소르비드질산염지속과립/[M250379]묽은이소소르비드이질산염/[M250785]이소소르비드질산염제피과립/[M256313]이소소르비드이질산염
[A110504]도라비린/[M086332]라미부딘/[M265383]테노포비르디소프록실,복합,[D000615]Lamivudine(라미부딘)/[D001564]Tenofovirdisoproxil(테노포비르디소프록실),-,뉴클레오시드유사체단독투여또는다른항레트로바이러스제를병용투여했을때치명적인사례를포함한유산산증과지방증을동반한중증간비대가보고됨,-,Doravirine,D001563,D000028,아데포비어디피복실,Adefovirdipivoxil,[M101796]아데포비어디피복실
[M115229]S-판토프라졸나트륨삼수화물,단일,-,-,아타자나비르의혈중농도감소,-,S-Pantoprazole,D000751,D000150,아타자나비르,Atazanavir,[M249264]아타자나비어황산염/[M256270]코비시스타트이산화규소/[M263079]아타자나비르황산염
[M089710]심바스타틴/[M097492]에제티미브,복합,[D000350]Ezetimibe(에제티미브),-,근병증의위험증가가능,-,Simvastatin,D000027,D001362,글레카프레비르,Glecaprevir,[A001652]글레카프레비르/[A003331]피브렌타스비르/[M267076]피브렌타스비르/[M267082]글레카프레비르
[M083437]베실산암로디핀/[M090395]텔미사르탄/[M095744]로수바스타틴칼슘/[M100608]말레인산암로디핀/[M100610]캄실산암로디핀/[M101934]암로디핀/[M102166]메실산암로디핀일수화물/[M102534]암로디핀오로트산염/[M222875]암로디핀베실산염/[M246033]암로디핀캄실산염/[M250821]암로디핀아디핀산염/[M250983]암로디핀말레산염/[M251079]암로디핀니코틴산염/[M254832]암로디핀메실산염일수화물/[M257408]암로디핀아디프산염/[M258559]로수바스타틴칼슘염/[M264500]텔미사르탄파우더(23.9%)/[M270546]로수바스타틴칼슘(미분화),복합,[D000152]Amlodipine(암로디핀)/[D000485]Telmisartan(텔미사르탄),-,횡문근융해증을포함한근육관련이상반응보고,-,Rosuvastatin,D000219,D000619,푸시딘산,FusidicAcid,[M020165]푸시딘산나트륨/[M020229]푸시딘산
[I002674]올메사르탄메독소밀/[M095744]로수바스타틴칼슘/[M102509]올메사탄메독소밀/[M253843]올메사탄실렉세틸/[M256141]올메사탄실렉세틸/[M257074]올메사르탄메독소밀/[M258559]로수바스타틴칼슘염/[M270546]로수바스타틴칼슘(미분화),복합,[D000972]Olmesartan(올메사르탄),-,횡문근융해증을포함한근육병증위험증가가능,-,Rosuvastatin,D000219,D001072,레디파스비르,Ledipasvir,[I012701]소포스부비르/[I012702]레디파스비르/[M260784]소포스부비어/[M262752]소포스부비르/[M262910]레디파스비르
[I004369]아토르바스타틴칼슘수화물/[M083437]베실산암로디핀/[M090403]발사르탄/[M093499]아토르바스타틴칼슘/[M100608]말레인산암로디핀/[M100610]캄실산암로디핀/[M101934]암로디핀/[M102166]메실산암로디핀일수화물/[M102534]암로디핀오로트산염/[M213543]무수아토르바스타틴칼슘/[M215219]아토르바스타틴칼슘삼수화물/[M218956]아토르바스타틴삼수화물/[M222875]암로디핀베실산염/[M244955]아토르바스타틴스트론튬/[M246033]암로디핀캄실산염/[M247057]아토르바스타틴칼슘염무수물/[M250821]암로디핀아디핀산염/[M250983]암로디핀말레산염/[M251079]암로디핀니코틴산염/[M251687]아토르바스타틴칼슘/[M254832]암로디핀메실산염일수화물/[M256664]아토르바스타틴칼슘수화물/[M257408]암로디핀아디프산염/[M263837]아토르바스타틴,복합,[D000152]Amlodipine(암로디핀)/[D000011]Valsartan(발사르탄),-,횡문근융해와같은중증의근육이상보고,-,Atorvastatin,D000455,D000619,푸시딘산,FusidicAcid,[M020165]푸시딘산나트륨/[M020229]푸시딘산
[I004369]아토르바스타틴칼슘수화물/[M083437]베실산암로디핀/[M089055]칸데사르탄실렉세틸/[M093499]아토르바스타틴칼슘/[M100608]말레인산암로디핀/[M100610]캄실산암로디핀/[M101934]암로디핀/[M102166]메실산암로디핀일수화물/[M102534]암로디핀오로트산염/[M213543]무수아토르바스타틴칼슘/[M215219]아토르바스타틴칼슘삼수화물/[M218956]아토르바스타틴삼수화물/[M222875]암로디핀베실산염/[M244955]아토르바스타틴스트론튬/[M246033]암로디핀캄실산염/[M247057]아토르바스타틴칼슘염무수물/[M250821]암로디핀아디핀산염/[M250983]암로디핀말레산염/[M251079]암로디핀니코틴산염/[M251687]아토르바스타틴칼슘/[M254832]암로디핀메실산염일수화물/[M256664]아토르바스타틴칼슘수화물/[M257408]암로디핀아디프산염/[M263837]아토르바스타틴,복합,[D000152]Amlodipine(암로디핀)/[D000273]Candesartancilexetil(칸데사르탄실렉세틸),-,근육병증|횡문근융해위험증가가능,-,Atorvastatin,D000455,D000769,케토코나졸,Ketoconazole,[M080618]케토코나졸
[M050465]메토클로프라미드/[M050466]염산메토클로프라미드/[M223013]메토클로프라미드염산염수화물,단일,-,-,레보도파의효과감소,-,Metoclopramide,D000425,D000302,레보도파,Levodopa,[A005563]벤세라지드/[M040122]레보도파
[M252262]바데나필염산염(미분화),단일,-,-,혈압강하작용증가,-,Vardenafil,D000434,D001723,이소소르비드이질산염,isosorbidedinitrate,[M115499]이소소르비드질산염·염화나트륨/[M116023]이소소르비드질산염지속과립/[M250379]묽은이소소르비드이질산염/[M250785]이소소르비드질산염제피과립/[M256313]이소소르비드이질산염
[A110225]빅테그라비르/[M118368]테노포비르알라페나미드푸마르산염/[M250026]엠트리시타빈/[M268156]빅테그라비르나트륨/[M279141]테노포비르알라페나미드숙신산염/[M279170]테노포비르알라페나미드헤미말산염,복합,[D000665]Emtricitabine(엠트리시타빈)/[D001420]Tenofoviralafenamide(테노포비르알라페나미드),-,라미부딘이엠트리시타빈의세포내인산화를저해할수도있음|동일한역전사효소유전자(M184V)변이를통해바이러스내성기전이일어나므로병용시치료효과가제한적일수있음,-,Bictegravir,D001419,D000615,라미부딘,Lamivudine,[I012655]돌루테그라비르나트륨(미분화)/[M086332]라미부딘
[A000152]데피브로타이드,단일,-,-,출혈위험증가,-,Defibrotide,D001561,D001261,알테플라제,Alteplase,[A000779]알테플라제
[M090403]발사르탄/[M095744]로수바스타틴칼슘/[M258559]로수바스타틴칼슘염/[M270546]로수바스타틴칼슘(미분화),복합,[D000011]Valsartan(발사르탄),-,횡문근융해증을포함한근육관련이상반응보고,-,Rosuvastatin,D000219,D000619,푸시딘산,FusidicAcid,[M020165]푸시딘산나트륨/[M020229]푸시딘산
[M097492]에제티미브/[M102119]피타바스타틴칼슘/[M259724]피타바스타틸칼슘,복합,[D000350]Ezetimibe(에제티미브),-,신기능악화를수반하는횡문근융해증발현가능,-,Pitavastatin,D000518,D000334,사이클로스포린,Cyclosporine,[A005971]시클로스포린/[M040068]마이크로에멀젼용시클로스포린/[M085282]사이클로스포린/[M085565]시클로스포린
[I004369]아토르바스타틴칼슘수화물/[I004994]이르베사르탄/[M092285]이베사탄/[M093499]아토르바스타틴칼슘/[M213543]무수아토르바스타틴칼슘/[M215219]아토르바스타틴칼슘삼수화물/[M218956]아토르바스타틴삼수화물/[M244955]아토르바스타틴스트론튬/[M247057]아토르바스타틴칼슘염무수물/[M251687]아토르바스타틴칼슘/[M251853]이르베사르탄/[M255988]이르베사탄/[M256664]아토르바스타틴칼슘수화물/[M263837]아토르바스타틴,복합,[D000046]Irbesartan(이르베사르탄),-,근육병증|횡문근융해위험증가가능,-,Atorvastatin,D000455,D000334,사이클로스포린,Cyclosporine,[A005971]시클로스포린/[M040068]마이크로에멀젼용시클로스포린/[M085282]사이클로스포린/[M085565]시클로스포린
[M083392]로바스타틴,단일,-,-,근육병증과같은이상사례초래가능,-,Lovastatin,D000419,D000673,코비시스타트,Cobicistat,[M256270]코비시스타트이산화규소/[M258751]다루나비르에탄올레이트
[M266097]보수티닙일수화물,단일,-,-,-Bosutinib의혈중농도를감소시켜유효성을감소시킬수있음,-,Bosutinib,D001693,D000314,리팜피신,Rifampicin,[M020042]리팜피신
[A110986]루라시돈,단일,-,-,-Lurasidone의노출을증가시킬수있음,-,Lurasidone,D001763,D000443,보리코나졸,Voriconazole,[I005813]보리코나졸/[M102252]보리코나졸
[C040631]탄산수소나트륨/[C096332]탄산수소나트륨수용액/[I003757]탄산수소나트륨/[M040631]탄산수소나트륨/[M089852]라베프라졸나트륨/[M091817]중탄산수소나트륨/[M096332]탄산수소나트륨수용액/[M104138]포화탄산수소나트륨/[M104658]5%탄산수소나트륨/[M206247]무균탄산수소나트륨/[M206711]탄산수소나트륨(중조)/[M207094]탄산수소나트륨/[M215774]5%탄산수소나트륨수용액/[M230823]탄산수소나트륨액/[M250011]탄산수소나트륨주사액/[M253779]탄산수소나트륨(제3법),복합,[D001148]sodiumbicarbonate(탄산수소나트륨),-,위장pH의증가로릴피비린의흡수가저하되어릴피비린의치료효과감소,-,Rabeprazole,D000204,D000225,릴피비린,Rilpivirine,[A005225]릴피비린/[M253921]릴피비린염산염
[C040631]탄산수소나트륨/[C096332]탄산수소나트륨수용액/[I003757]탄산수소나트륨/[M040631]탄산수소나트륨/[M089852]라베프라졸나트륨/[M091817]중탄산수소나트륨/[M096332]탄산수소나트륨수용액/[M104138]포화탄산수소나트륨/[M104658]5%탄산수소나트륨/[M206247]무균탄산수소나트륨/[M206711]탄산수소나트륨(중조)/[M207094]탄산수소나트륨/[M215774]5%탄산수소나트륨수용액/[M230823]탄산수소나트륨액/[M250011]탄산수소나트륨주사액/[M253779]탄산수소나트륨(제3법),복합,[D001148]sodiumbicarbonate(탄산수소나트륨),-,아타자나비르의혈중농도감소,-,Rabeprazole,D000204,D000150,아타자나비르,Atazanavir,[M249264]아타자나비어황산염/[M256270]코비시스타트이산화규소/[M263079]아타자나비르황산염
[C040631]탄산수소나트륨/[C096332]탄산수소나트륨수용액/[I003757]탄산수소나트륨/[M040631]탄산수소나트륨/[M083697]오메프라졸장용성과립/[M083698]오메프라졸/[M089720]오메프라졸나트륨/[M091817]중탄산수소나트륨/[M096332]탄산수소나트륨수용액/[M104138]포화탄산수소나트륨/[M104658]5%탄산수소나트륨/[M201348]오메프라졸장용과립/[M206247]무균탄산수소나트륨/[M206711]탄산수소나트륨(중조)/[M207094]탄산수소나트륨/[M215774]5%탄산수소나트륨수용액/[M230823]탄산수소나트륨액/[M250011]탄산수소나트륨주사액/[M253779]탄산수소나트륨(제3법),복합,[D001148]sodiumbicarbonate(탄산수소나트륨),-,아타자나비르의혈중농도감소,-,Omeprazole,D000469,D000150,아타자나비르,Atazanavir,[M249264]아타자나비어황산염/[M256270]코비시스타트이산화규소/[M263079]아타자나비르황산염
[M115229]S-판토프라졸나트륨삼수화물,단일,-,-,아타자나비르의혈중농도감소,-,S-Pantoprazole,D000751,D000150,아타자나비르,Atazanavir,[M249264]아타자나비어황산염/[M263079]아타자나비르황산염
[M089710]심바스타틴/[M097492]에제티미브,복합,[D000350]Ezetimibe(에제티미브),-,횡문근융해를포함한근육병증위험가능,-,Simvastatin,D000027,D000673,코비시스타트,Cobicistat,[A001163]테노포비르/[A005561]엘비테그라비르/[M250026]엠트리시타빈/[M256270]코비시스타트이산화규소
[M083437]베실산암로디핀/[M089710]심바스타틴/[M100608]말레인산암로디핀/[M100610]캄실산암로디핀/[M101934]암로디핀/[M102166]메실산암로디핀일수화물/[M102534]암로디핀오로트산염/[M222875]암로디핀베실산염/[M246033]암로디핀캄실산염/[M250821]암로디핀아디핀산염/[M250983]암로디핀말레산염/[M251079]암로디핀니코틴산염/[M254832]암로디핀메실산염일수화물/[M257408]암로디핀아디프산염,복합,[D000152]Amlodipine(암로디핀),-,근병증의위험증가가능,-,Simvastatin,D000027,D000619,푸시딘산,FusidicAcid,[M020165]푸시딘산나트륨/[M020229]푸시딘산
[M095744]로수바스타틴칼슘/[M097492]에제티미브/[M258559]로수바스타틴칼슘염/[M270546]로수바스타틴칼슘(미분화),복합,[D000350]Ezetimibe(에제티미브),-,횡문근융해증을포함한근육관련이상반응보,-,Rosuvastatin,D000219,D000619,푸시딘산,FusidicAcid,[M020165]푸시딘산나트륨/[M020229]푸시딘산
[I004369]아토르바스타틴칼슘수화물/[M083437]베실산암로디핀/[M090403]발사르탄/[M093499]아토르바스타틴칼슘/[M100608]말레인산암로디핀/[M100610]캄실산암로디핀/[M101934]암로디핀/[M102166]메실산암로디핀일수화물/[M102534]암로디핀오로트산염/[M213543]무수아토르바스타틴칼슘/[M215219]아토르바스타틴칼슘삼수화물/[M218956]아토르바스타틴삼수화물/[M222875]암로디핀베실산염/[M244955]아토르바스타틴스트론튬/[M246033]암로디핀캄실산염/[M247057]아토르바스타틴칼슘염무수물/[M250821]암로디핀아디핀산염/[M250983]암로디핀말레산염/[M251079]암로디핀니코틴산염/[M251687]아토르바스타틴칼슘/[M254832]암로디핀메실산염일수화물/[M256664]아토르바스타틴칼슘수화물/[M257408]암로디핀아디프산염/[M263837]아토르바스타틴,복합,[D000152]Amlodipine(암로디핀)/[D000011]Valsartan(발사르탄),-,근육병증|횡문근융해위험증가가능,-,Atorvastatin,D000455,D000762,이트라코나졸,Itraconazole,[M083733]이트라코나졸제피과립/[M083734]이트라코나졸/[M092870]이트라코나졸고체분산체/[M201487]이트라코나졸고체분산/[M201624]제피이트라코나졸과립
[M256772]알리트레티노인,단일,-,-,-양성두개내압상승(가성뇌종양)보고,-,Alitretinoin,D000820,D000127,미노사이클린,Minocycline,[M223036]미노사이클린염산염
[A000877]오메가3산/[I004369]아토르바스타틴칼슘수화물/[M093499]아토르바스타틴칼슘/[M213543]무수아토르바스타틴칼슘/[M215219]아토르바스타틴칼슘삼수화물/[M218956]아토르바스타틴삼수화물/[M244955]아토르바스타틴스트론튬/[M247057]아토르바스타틴칼슘염무수물/[M251687]아토르바스타틴칼슘/[M256664]아토르바스타틴칼슘수화물/[M261637]오메가3산에틸에스테르90/[M263837]아토르바스타틴,복합,[D001688]Omega-3-AcidEthylEsters90(오메가3산에틸에스테르90),-,횡문근융해증을포함한근육병증위험가능,-,Atorvastatin,D000455,D001362,글레카프레비르,Glecaprevir,[A001652]글레카프레비르/[A003331]피브렌타스비르/[M267076]피브렌타스비르/[M267082]글레카프레비르
[A000877]오메가3산/[I004369]아토르바스타틴칼슘수화물/[M093499]아토르바스타틴칼슘/[M213543]무수아토르바스타틴칼슘/[M215219]아토르바스타틴칼슘삼수화물/[M218956]아토르바스타틴삼수화물/[M244955]아토르바스타틴스트론튬/[M247057]아토르바스타틴칼슘염무수물/[M251687]아토르바스타틴칼슘/[M256664]아토르바스타틴칼슘수화물/[M261637]오메가3산에틸에스테르90/[M263837]아토르바스타틴,복합,[D001688]Omega-3-AcidEthylEsters90(오메가3산에틸에스테르90),-,근육병증|횡문근융해위험증가가능,-,Atorvastatin,D000455,D000405,포사코나졸,Posaconazole,[M256381]포사코나졸(미분화)
[I004369]아토르바스타틴칼슘수화물/[M093499]아토르바스타틴칼슘/[M213543]무수아토르바스타틴칼슘/[M215219]아토르바스타틴칼슘삼수화물/[M218956]아토르바스타틴삼수화물/[M244955]아토르바스타틴스트론튬/[M247057]아토르바스타틴칼슘염무수물/[M251687]아토르바스타틴칼슘/[M256664]아토르바스타틴칼슘수화물/[M258703]피마사르탄칼륨삼수화물/[M263837]아토르바스타틴/[M264048]피마사르탄칼륨삼수화물과립,복합,[D000624]Fimasartan(피마사르탄),-,횡문근융해증을포함한근육병증위험가능,-,Atorvastatin,D000455,D001362,글레카프레비르,Glecaprevir,[A001652]글레카프레비르/[A003331]피브렌타스비르/[M267076]피브렌타스비르/[M267082]글레카프레비르
[C040631]탄산수소나트륨/[C096332]탄산수소나트륨수용액/[I003757]탄산수소나트륨/[M040631]탄산수소나트륨/[M091817]중탄산수소나트륨/[M092321]에스오메프라졸마그네슘삼수화물/[M096332]탄산수소나트륨수용액/[M100498]에스오메프라졸나트륨/[M104138]포화탄산수소나트륨/[M104658]5%탄산수소나트륨/[M206247]무균탄산수소나트륨/[M206711]탄산수소나트륨(중조)/[M207094]탄산수소나트륨/[M215774]5%탄산수소나트륨수용액/[M221042]에스오메프라졸스트론튬사수화물/[M230823]탄산수소나트륨액/[M242227]에스오메프라졸마그네슘이수화물/[M249554]에스오메프라졸/[M250011]탄산수소나트륨주사액/[M253779]탄산수소나트륨(제3법)/[M259375]에스오메프라졸마그네슘이수화물/[M262063]에스오메프라졸마그네슘과립,복합,[D001148]sodiumbicarbonate(탄산수소나트륨),-,아타자나비르의혈중농도감소,-,Esomeprazole,D000153,D000150,아타자나비르,Atazanavir,[M249264]아타자나비어황산염/[M256270]코비시스타트이산화규소/[M263079]아타자나비르황산염
[M083437]베실산암로디핀/[M090395]텔미사르탄/[M095744]로수바스타틴칼슘/[M097492]에제티미브/[M100608]말레인산암로디핀/[M100610]캄실산암로디핀/[M101934]암로디핀/[M102166]메실산암로디핀일수화물/[M102534]암로디핀오로트산염/[M222875]암로디핀베실산염/[M246033]암로디핀캄실산염/[M250821]암로디핀아디핀산염/[M250983]암로디핀말레산염/[M251079]암로디핀니코틴산염/[M254832]암로디핀메실산염일수화물/[M257408]암로디핀아디프산염/[M258559]로수바스타틴칼슘염/[M264500]텔미사르탄파우더(23.9%)/[M270546]로수바스타틴칼슘(미분화),복합,[D000152]Amlodipine(암로디핀)/[D000350]Ezetimibe(에제티미브)/[D000485]Telmisartan(텔미사르탄),-,횡문근융해증을포함한근육병증위험증가가능,-,Rosuvastatin,D000219,D001072,레디파스비르,Ledipasvir,[I012701]소포스부비르/[I012702]레디파스비르/[M260784]소포스부비어/[M262752]소포스부비르/[M262910]레디파스비르
[M083437]베실산암로디핀/[M090403]발사르탄/[M095744]로수바스타틴칼슘/[M100608]말레인산암로디핀/[M100610]캄실산암로디핀/[M101934]암로디핀/[M102166]메실산암로디핀일수화물/[M102534]암로디핀오로트산염/[M222875]암로디핀베실산염/[M246033]암로디핀캄실산염/[M250821]암로디핀아디핀산염/[M250983]암로디핀말레산염/[M251079]암로디핀니코틴산염/[M254832]암로디핀메실산염일수화물/[M257408]암로디핀아디프산염/[M258559]로수바스타틴칼슘염/[M270546]로수바스타틴칼슘(미분화),복합,[D000152]Amlodipine(암로디핀)/[D000011]Valsartan(발사르탄),-,근육통|근육약화|근염|때때로횡문근변성을포함한근육독성촉진가능,-,Rosuvastatin,D000219,D000334,사이클로스포린,Cyclosporine,[A005971]시클로스포린/[M040068]마이크로에멀젼용시클로스포린/[M085282]사이클로스포린/[M085565]시클로스포린
[M095744]로수바스타틴칼슘/[M097492]에제티미브/[M258559]로수바스타틴칼슘염/[M270546]로수바스타틴칼슘(미분화),복합,[D000350]Ezetimibe(에제티미브),-,근육통|근육약화|근염|때때로횡문근변성을포함한근육독성촉진가능,-,Rosuvastatin,D000219,D000334,사이클로스포린,Cyclosporine,[A005971]시클로스포린/[M040068]마이크로에멀젼용시클로스포린/[M085282]사이클로스포린/[M085565]시클로스포린
[M089055]칸데사르탄실렉세틸/[M095744]로수바스타틴칼슘/[M258559]로수바스타틴칼슘염/[M270546]로수바스타틴칼슘(미분화),복합,[D000273]Candesartancilexetil(칸데사르탄실렉세틸),-,근육통|근육약화|근염|때때로횡문근변성을포함한근육독성촉진가능,-,Rosuvastatin,D000219,D000334,사이클로스포린,Cyclosporine,[A005971]시클로스포린/[M040068]마이크로에멀젼용시클로스포린/[M085282]사이클로스포린/[M085565]시클로스포린
[A000058]그라조프레비르/[A000849]엘바스비르,복합,[D001172]Grazoprevir(그라조프레비르),-,그라조프레비르의혈장농도가유의하게증가하여ALT상승위험증가가능,-,Elbasvir,D001171,D000150,아타자나비르,Atazanavir,[M249264]아타자나비어황산염/[M263079]아타자나비르황산염
[M249412]드로네다론염산염,단일,-,-,Dronedarone노출량감소,-,Dronedarone,D000201,D000314,리팜피신,Rifampicin,[M020042]리팜피신
[M090395]텔미사르탄/[M095744]로수바스타틴칼슘/[M258559]로수바스타틴칼슘염/[M264500]텔미사르탄파우더(23.9%)/[M270546]로수바스타틴칼슘(미분화),복합,[D000485]Telmisartan(텔미사르탄),-,횡문근융해증을포함한근육병증위험증가가능,-,Rosuvastatin,D000219,D001072,레디파스비르,Ledipasvir,[I012701]소포스부비르/[I012702]레디파스비르/[M260784]소포스부비어/[M262752]소포스부비르/[M262910]레디파스비르
[A110225]빅테그라비르/[M118368]테노포비르알라페나미드푸마르산염/[M250026]엠트리시타빈/[M268156]빅테그라비르나트륨/[M279141]테노포비르알라페나미드숙신산염/[M279170]테노포비르알라페나미드헤미말산염,복합,[D000665]Emtricitabine(엠트리시타빈)/[D001420]Tenofoviralafenamide(테노포비르알라페나미드),-,라미부딘이엠트리시타빈의세포내인산화를저해할수도있음|동일한역전사효소유전자(M184V)변이를통해바이러스내성기전이일어나므로병용시치료효과가제한적일수있음,-,Bictegravir,D001419,D000615,라미부딘,Lamivudine,[M086332]라미부딘
[M259362]리토나비르/[M281904]니르마트렐비르,복합,[D000712]Ritonavir(리토나비르),-,-고칼륨혈증|저혈압및저나트륨혈증을포함하는중대한이상반응의가능성,-,Nirmatrelvir,D001650,D001743,피네레논,Finerenone,[A110831]피네레논
[M083437]베실산암로디핀/[M089710]심바스타틴/[M100608]말레인산암로디핀/[M100610]캄실산암로디핀/[M101934]암로디핀/[M102166]메실산암로디핀일수화물/[M102534]암로디핀오로트산염/[M222875]암로디핀베실산염/[M246033]암로디핀캄실산염/[M250821]암로디핀아디핀산염/[M250983]암로디핀말레산염/[M251079]암로디핀니코틴산염/[M254832]암로디핀메실산염일수화물/[M257408]암로디핀아디프산염,복합,[D000152]Amlodipine(암로디핀)/[D000152]Amlodipine(암로디핀),-,횡문근융해증을비롯한근육질한위험성증가가능,-,Simvastatin,D000027,D000150,아타자나비르,Atazanavir,[M249264]아타자나비어황산염/[M263079]아타자나비르황산염
[M083437]베실산암로디핀/[M090403]발사르탄/[M095744]로수바스타틴칼슘/[M100608]말레인산암로디핀/[M100610]캄실산암로디핀/[M101934]암로디핀/[M102166]메실산암로디핀일수화물/[M102534]암로디핀오로트산염/[M222875]암로디핀베실산염/[M246033]암로디핀캄실산염/[M250821]암로디핀아디핀산염/[M250983]암로디핀말레산염/[M251079]암로디핀니코틴산염/[M254832]암로디핀메실산염일수화물/[M257408]암로디핀아디프산염/[M258559]로수바스타틴칼슘염/[M270546]로수바스타틴칼슘(미분화),복합,[D000152]Amlodipine(암로디핀)/[D000011]Valsartan(발사르탄),-,횡문근융해증을포함한근육병증위험증가가능,-,Rosuvastatin,D000219,D001072,레디파스비르,Ledipasvir,[I012701]소포스부비르/[I012702]레디파스비르/[M260784]소포스부비어/[M262752]소포스부비르/[M262910]레디파스비르
[M095744]로수바스타틴칼슘/[M246568]네비보롤염산염/[M254774]네비보롤염산염/[M258559]로수바스타틴칼슘염/[M270546]로수바스타틴칼슘(미분화),복합,[D000785]Nebivolol(네비보롤),-,횡문근융해증을포함한근육병증위험증가가능,-,Rosuvastatin,D000219,D001072,레디파스비르,Ledipasvir,[I012701]소포스부비르/[I012702]레디파스비르/[M260784]소포스부비어/[M262752]소포스부비르/[M262910]레디파스비르
[I004369]아토르바스타틴칼슘수화물/[M083437]베실산암로디핀/[M090403]발사르탄/[M093499]아토르바스타틴칼슘/[M100608]말레인산암로디핀/[M100610]캄실산암로디핀/[M101934]암로디핀/[M102166]메실산암로디핀일수화물/[M102534]암로디핀오로트산염/[M213543]무수아토르바스타틴칼슘/[M215219]아토르바스타틴칼슘삼수화물/[M218956]아토르바스타틴삼수화물/[M222875]암로디핀베실산염/[M244955]아토르바스타틴스트론튬/[M246033]암로디핀캄실산염/[M247057]아토르바스타틴칼슘염무수물/[M250821]암로디핀아디핀산염/[M250983]암로디핀말레산염/[M251079]암로디핀니코틴산염/[M251687]아토르바스타틴칼슘/[M254832]암로디핀메실산염일수화물/[M256664]아토르바스타틴칼슘수화물/[M257408]암로디핀아디프산염/[M263837]아토르바스타틴,복합,[D000152]Amlodipine(암로디핀)/[D000011]Valsartan(발사르탄),-,횡문근융해증을포함한근육병증위험가능,-,Atorvastatin,D000455,D001362,글레카프레비르,Glecaprevir,[A001652]글레카프레비르/[A003331]피브렌타스비르/[M267076]피브렌타스비르/[M267082]글레카프레비르
[I004369]아토르바스타틴칼슘수화물/[M093499]아토르바스타틴칼슘/[M201260]염산메트포민/[M213543]무수아토르바스타틴칼슘/[M214651]염산메트포르민/[M215219]아토르바스타틴칼슘삼수화물/[M218956]아토르바스타틴삼수화물/[M223014]메트포르민염산염/[M244179]메트포르민염산염/[M244955]아토르바스타틴스트론튬/[M247057]아토르바스타틴칼슘염무수물/[M251687]아토르바스타틴칼슘/[M255741]메트포르민아세트산염/[M256664]아토르바스타틴칼슘수화물/[M263837]아토르바스타틴/[M263864]메트포르민/[M266682]메트포르민염산염콜로이드성이산화규소,복합,[D000718]Metformin(메트포르민),-,근육병증|횡문근융해위험증가가능,-,Atorvastatin,D000455,D000762,이트라코나졸,Itraconazole,[M083733]이트라코나졸제피과립/[M083734]이트라코나졸/[M092870]이트라코나졸고체분산체/[M201487]이트라코나졸고체분산/[M201624]제피이트라코나졸과립
[M040634]침강탄산칼슘/[M085578]란소프라졸/[M091244]란소프라졸과립/[M275023]침강탄산칼슘과립90%,복합,[D001511]CalciumCarbonatep.p.t.(침강탄산칼슘),-,아타자나비르의혈중농도감소,-,Lansoprazole,D000699,D000150,아타자나비르,Atazanavir,[M249264]아타자나비어황산염/[M256270]코비시스타트이산화규소/[M263079]아타자나비르황산염
[M083437]베실산암로디핀/[M089710]심바스타틴/[M100608]말레인산암로디핀/[M100610]캄실산암로디핀/[M101934]암로디핀/[M102166]메실산암로디핀일수화물/[M102534]암로디핀오로트산염/[M222875]암로디핀베실산염/[M246033]암로디핀캄실산염/[M250821]암로디핀아디핀산염/[M250983]암로디핀말레산염/[M251079]암로디핀니코틴산염/[M254832]암로디핀메실산염일수화물/[M257408]암로디핀아디프산염,복합,[D000152]Amlodipine(암로디핀),-,근병증의위험증가가능,-,Simvastatin,D000027,D000762,이트라코나졸,Itraconazole,[M083733]이트라코나졸제피과립/[M083734]이트라코나졸/[M092870]이트라코나졸고체분산체/[M201487]이트라코나졸고체분산/[M201624]제피이트라코나졸과립
[M083437]베실산암로디핀/[M089710]심바스타틴/[M100608]말레인산암로디핀/[M100610]캄실산암로디핀/[M101934]암로디핀/[M102166]메실산암로디핀일수화물/[M102534]암로디핀오로트산염/[M222875]암로디핀베실산염/[M246033]암로디핀캄실산염/[M250821]암로디핀아디핀산염/[M250983]암로디핀말레산염/[M251079]암로디핀니코틴산염/[M254832]암로디핀메실산염일수화물/[M257408]암로디핀아디프산염,복합,[D000152]Amlodipine(암로디핀),-,근병증|횡문근융해위험성증가가능,-,Simvastatin,D000027,D000334,사이클로스포린,Cyclosporine,[A005971]시클로스포린/[M040068]마이크로에멀젼용시클로스포린/[M085282]사이클로스포린/[M085565]시클로스포린
[M259362]리토나비르/[M281904]니르마트렐비르,복합,[D000712]Ritonavir(리토나비르),-,-기타조직의혈관경련및허혈을특징으로하는급성맥각독성의잠재적인가능성(사지및중추신경계포함),-,Nirmatrelvir,D001650,D000747,에르고타민,Ergotamine,[M040398]주석산에르고타민/[M223126]에르고타민타르타르산염/[M223183]카페인무수물
[M083437]베실산암로디핀/[M095744]로수바스타틴칼슘/[M100608]말레인산암로디핀/[M100610]캄실산암로디핀/[M101934]암로디핀/[M102166]메실산암로디핀일수화물/[M102534]암로디핀오로트산염/[M222875]암로디핀베실산염/[M246033]암로디핀캄실산염/[M250821]암로디핀아디핀산염/[M250983]암로디핀말레산염/[M251079]암로디핀니코틴산염/[M254832]암로디핀메실산염일수화물/[M257408]암로디핀아디프산염/[M258559]로수바스타틴칼슘염/[M258703]피마사르탄칼륨삼수화물/[M264048]피마사르탄칼륨삼수화물과립/[M270546]로수바스타틴칼슘(미분화),복합,[D000152]Amlodipine(암로디핀)/[D000624]Fimasartan(피마사르탄),-,횡문근융해증을포함한근육관련이상반응보고,-,Rosuvastatin,D000219,D000619,푸시딘산,FusidicAcid,[M020165]푸시딘산나트륨/[M020229]푸시딘산
[M083437]베실산암로디핀/[M086307]로자탄칼륨/[M095744]로수바스타틴칼슘/[M100608]말레인산암로디핀/[M100610]캄실산암로디핀/[M101934]암로디핀/[M102166]메실산암로디핀일수화물/[M102534]암로디핀오로트산염/[M201944]포타슘로사탄/[M222875]암로디핀베실산염/[M246033]암로디핀캄실산염/[M248335]로자탄칼륨/[M249673]로사르탄칼륨/[M250821]암로디핀아디핀산염/[M250983]암로디핀말레산염/[M251079]암로디핀니코틴산염/[M254832]암로디핀메실산염일수화물/[M255575]로사르탄칼륨(로자탄으로서45.8mg)/[M257408]암로디핀아디프산염/[M257973]로사르탄칼슘/[M258559]로수바스타틴칼슘염/[M259810]로자르탄칼륨/[M260076]로사르탄칼륨(로사르탄으로서45.8mg)/[M270546]로수바스타틴칼슘(미분화),복합,[D000152]Amlodipine(암로디핀)/[D000220]Losartan(로사르탄),-,횡문근융해증을포함한근육관련이상반응보고,-,Rosuvastatin,D000219,D000619,푸시딘산,FusidicAcid,[M020165]푸시딘산나트륨/[M020229]푸시딘산
[A000877]오메가3산/[M095744]로수바스타틴칼슘/[M258559]로수바스타틴칼슘염/[M261637]오메가3산에틸에스테르90/[M270546]로수바스타틴칼슘(미분화),복합,[D001688]Omega-3-AcidEthylEsters90(오메가3산에틸에스테르90),-,횡문근융해증을포함한근육병증위험증가가능,-,Rosuvastatin,D000219,D001072,레디파스비르,Ledipasvir,[I012701]소포스부비르/[I012702]레디파스비르/[M260784]소포스부비어/[M262752]소포스부비르/[M262910]레디파스비르
[M095744]로수바스타틴칼슘/[M258559]로수바스타틴칼슘염/[M258703]피마사르탄칼륨삼수화물/[M264048]피마사르탄칼륨삼수화물과립/[M270546]로수바스타틴칼슘(미분화),복합,[D000624]Fimasartan(피마사르탄),-,횡문근융해증을포함한근육병증위험증가가능,-,Rosuvastatin,D000219,D001072,레디파스비르,Ledipasvir,[I012701]소포스부비르/[I012702]레디파스비르/[M260784]소포스부비어/[M262752]소포스부비르/[M262910]레디파스비르
[M102119]피타바스타틴칼슘/[M259724]피타바스타틸칼슘,단일,-,-,신기능악화를수반하는횡문근융해증발현가능,-,Pitavastatin,D000518,D000619,푸시딘산,FusidicAcid,[M020165]푸시딘산나트륨/[M020229]푸시딘산
[I004369]아토르바스타틴칼슘수화물/[I004994]이르베사르탄/[M092285]이베사탄/[M093499]아토르바스타틴칼슘/[M213543]무수아토르바스타틴칼슘/[M215219]아토르바스타틴칼슘삼수화물/[M218956]아토르바스타틴삼수화물/[M244955]아토르바스타틴스트론튬/[M247057]아토르바스타틴칼슘염무수물/[M251687]아토르바스타틴칼슘/[M251853]이르베사르탄/[M255988]이르베사탄/[M256664]아토르바스타틴칼슘수화물/[M263837]아토르바스타틴,복합,[D000046]Irbesartan(이르베사르탄),-,근육병증|횡문근융해위험증가가능,-,Atorvastatin,D000455,D000762,이트라코나졸,Itraconazole,[M083733]이트라코나졸제피과립/[M083734]이트라코나졸/[M092870]이트라코나졸고체분산체/[M201487]이트라코나졸고체분산/[M201624]제피이트라코나졸과립
[M040634]침강탄산칼슘/[M085578]란소프라졸/[M091244]란소프라졸과립/[M275023]침강탄산칼슘과립90%,복합,[D001511]CalciumCarbonatep.p.t.(침강탄산칼슘),-,아타자나비르의혈중농도감소,-,Lansoprazole,D000699,D000150,아타자나비르,Atazanavir,[M249264]아타자나비어황산염/[M263079]아타자나비르황산염
[M243753]일라프라졸/[M245218]일라프라졸,단일,-,-,아타자나비르의혈중농도감,-,Ilaprazole,D000168,D000150,아타자나비르,Atazanavir,[M249264]아타자나비어황산염/[M256270]코비시스타트이산화규소/[M263079]아타자나비르황산염
[M083437]베실산암로디핀/[M089710]심바스타틴/[M100608]말레인산암로디핀/[M100610]캄실산암로디핀/[M101934]암로디핀/[M102166]메실산암로디핀일수화물/[M102534]암로디핀오로트산염/[M222875]암로디핀베실산염/[M246033]암로디핀캄실산염/[M250821]암로디핀아디핀산염/[M250983]암로디핀말레산염/[M251079]암로디핀니코틴산염/[M254832]암로디핀메실산염일수화물/[M257408]암로디핀아디프산염,복합,[D000152]Amlodipine(암로디핀),-,횡문근융해증보고,-,Simvastatin,D000027,D000373,클래리트로마이신,Clarithromycin,[M085725]클래리스로마이신/[M087123]클래리스로마이신코팅입자/[M102127]클래리스로마이신제피과립/[M222887]클래리트로마이신/[M223198]클래리트로마이신/[M245961]클래리트로마이신제피과립/[M256483]클래리트로마이신제피과립(42%)
[M090395]텔미사르탄/[M095744]로수바스타틴칼슘/[M097492]에제티미브/[M258559]로수바스타틴칼슘염/[M264500]텔미사르탄파우더(23.9%)/[M270546]로수바스타틴칼슘(미분화),복합,[D000350]Ezetimibe(에제티미브)/[D000485]Telmisartan(텔미사르탄),-,횡문근융해증을포함한근육관련이상반응보고,-,Rosuvastatin,D000219,D000619,푸시딘산,FusidicAcid,[M020165]푸시딘산나트륨/[M020229]푸시딘산
[M095744]로수바스타틴칼슘/[M201260]염산메트포민/[M214651]염산메트포르민/[M223014]메트포르민염산염/[M244179]메트포르민염산염/[M255741]메트포르민아세트산염/[M258559]로수바스타틴칼슘염/[M263864]메트포르민/[M266682]메트포르민염산염콜로이드성이산화규소/[M270546]로수바스타틴칼슘(미분화),복합,[D000718]Metformin(메트포르민),-,횡문근융해증을포함한근육관련이상반응보고,-,Rosuvastatin,D000219,D000619,푸시딘산,FusidicAcid,[M020165]푸시딘산나트륨/[M020229]푸시딘산
[M051799]페노피브레이트/[M092604]미세화페노피브레이트/[M095127]페노피브레이트펠렛/[M096854]미세화페노피브레이트구형과립/[M099150]페노피브레이트펠렛타입/[M099756]미세화페노피브레이트혼합분말/[M102119]피타바스타틴칼슘/[M255612]페노피브릭산/[M256159]페노피브레이트콜린/[M257159]페노피브레이트과립(미분화)/[M259724]피타바스타틸칼슘/[M260738]페노피브레이트(미분화),복합,[D000686]Fenofibrate(페노피브레이트),-,횡문근융해증|근무력증|동통발생가능,-,Pitavastatin,D000518,D000619,푸시딘산,FusidicAcid,[M020165]푸시딘산나트륨/[M020229]푸시딘산
[I004369]아토르바스타틴칼슘수화물/[M093499]아토르바스타틴칼슘/[M097492]에제티미브/[M213543]무수아토르바스타틴칼슘/[M215219]아토르바스타틴칼슘삼수화물/[M218956]아토르바스타틴삼수화물/[M244955]아토르바스타틴스트론튬/[M247057]아토르바스타틴칼슘염무수물/[M251687]아토르바스타틴칼슘/[M256664]아토르바스타틴칼슘수화물/[M263837]아토르바스타틴,복합,[D000350]Ezetimibe(에제티미브),-,근육통|근육약화|근염|때때로횡문근변성을포함한근육독성촉진가능,-,Atorvastatin,D000455,D000334,사이클로스포린,Cyclosporine,[A005971]시클로스포린/[M040068]마이크로에멀젼용시클로스포린/[M085282]사이클로스포린/[M085565]시클로스포린
[M085564]이오프로마이드,단일,-,-,기능적신부전에의해유산산성증촉진,48시간이내병용금기,Iopromide,D000761,D000718,메트포르민,Metformin,[I004369]아토르바스타틴칼슘수화물/[M093499]아토르바스타틴칼슘/[M201260]염산메트포민/[M213543]무수아토르바스타틴칼슘/[M214651]염산메트포르민/[M215219]아토르바스타틴칼슘삼수화물/[M218956]아토르바스타틴삼수화물/[M223014]메트포르민염산염/[M244179]메트포르민염산염/[M244955]아토르바스타틴스트론튬/[M247057]아토르바스타틴칼슘염무수물/[M251687]아토르바스타틴칼슘/[M255741]메트포르민아세트산염/[M256664]아토르바스타틴칼슘수화물/[M263837]아토르바스타틴/[M263864]메트포르민/[M266682]메트포르민염산염콜로이드성이산화규소
[M085564]이오프로마이드,단일,-,-,기능적신부전에의해유산산성증촉진,48시간이내병용금기,Iopromide,D000761,D000718,메트포르민,Metformin,[M201260]염산메트포민/[M214651]염산메트포르민/[M223014]메트포르민염산염/[M244179]메트포르민염산염/[M254878]제미글립틴타르타르산염1.5수화물/[M255741]메트포르민아세트산염/[M263103]제미글립틴타르타르산염1.5수하물/[M263864]메트포르민/[M266682]메트포르민염산염콜로이드성이산화규소
[M085564]이오프로마이드,단일,-,-,기능적신부전에의해유산산성증촉진,48시간이내병용금기,Iopromide,D000761,D000718,메트포르민,Metformin,[M092005]염산피오글리타존/[M201260]염산메트포민/[M214651]염산메트포르민/[M223014]메트포르민염산염/[M235069]피오글리타존염산염/[M244179]메트포르민염산염/[M255741]메트포르민아세트산염/[M260948]피오글리타존염/[M263864]메트포르민/[M266682]메트포르민염산염콜로이드성이산화규소
[M085564]이오프로마이드,단일,-,-,기능적신부전에의해유산산성증촉진,48시간이내병용금기,Iopromide,D000761,D000718,메트포르민,Metformin,[M050102]글리벤클라미드/[M201260]염산메트포민/[M214651]염산메트포르민/[M223014]메트포르민염산염/[M244179]메트포르민염산염/[M255741]메트포르민아세트산염/[M263864]메트포르민/[M266682]메트포르민염산염콜로이드성이산화규소
[M088268]이오메프롤,단일,-,-,기능적신부전에의해유산산성증촉진,48시간이내병용금기,Iomeprol,D000364,D000718,메트포르민,Metformin,[I004369]아토르바스타틴칼슘수화물/[M093499]아토르바스타틴칼슘/[M201260]염산메트포민/[M213543]무수아토르바스타틴칼슘/[M214651]염산메트포르민/[M215219]아토르바스타틴칼슘삼수화물/[M218956]아토르바스타틴삼수화물/[M223014]메트포르민염산염/[M244179]메트포르민염산염/[M244955]아토르바스타틴스트론튬/[M247057]아토르바스타틴칼슘염무수물/[M251687]아토르바스타틴칼슘/[M255741]메트포르민아세트산염/[M256664]아토르바스타틴칼슘수화물/[M263837]아토르바스타틴/[M263864]메트포르민/[M266682]메트포르민염산염콜로이드성이산화규소
[A000953]이오베르솔/[M088691]이오버솔/[M257716]이오베르솔/[M274167]조이오베르솔,단일,-,-,기능적신부전에의해유산산성증촉진,48시간이내병용금기,Ioversol,D000165,D000718,메트포르민,Metformin,[M095744]로수바스타틴칼슘/[M201260]염산메트포민/[M214651]염산메트포르민/[M223014]메트포르민염산염/[M244179]메트포르민염산염/[M255741]메트포르민아세트산염/[M258559]로수바스타틴칼슘염/[M263864]메트포르민/[M266682]메트포르민염산염콜로이드성이산화규소/[M270546]로수바스타틴칼슘(미분화)
[M259322]아이오다이즈드오일(양귀비종자유래요오드화지방산에틸에스테르),단일,-,-,기능적신부전에의해유산산성증촉진,48시간이내병용금기,IodisedOil,D000032,D000718,메트포르민,Metformin,[M201260]염산메트포민/[M214651]염산메트포르민/[M223014]메트포르민염산염/[M244179]메트포르민염산염/[M255741]메트포르민아세트산염/[M262875]에보글립틴타르타르산염/[M263350]에보글립틴타르타르산염/[M263864]메트포르민/[M266682]메트포르민염산염콜로이드성이산화규소
[M259322]아이오다이즈드오일(양귀비종자유래요오드화지방산에틸에스테르),단일,-,-,기능적신부전에의해유산산성증촉진,48시간이내병용금기,IodisedOil,D000032,D000718,메트포르민,Metformin,[M095744]로수바스타틴칼슘/[M201260]염산메트포민/[M214651]염산메트포르민/[M223014]메트포르민염산염/[M244179]메트포르민염산염/[M255741]메트포르민아세트산염/[M258559]로수바스타틴칼슘염/[M263864]메트포르민/[M266682]메트포르민염산염콜로이드성이산화규소/[M270546]로수바스타틴칼슘(미분화)
[M259322]아이오다이즈드오일(양귀비종자유래요오드화지방산에틸에스테르),단일,-,-,기능적신부전에의해유산산성증촉진,48시간이내병용금기,IodisedOil,D000032,D000718,메트포르민,Metformin,[M088889]레파글리니드/[M201260]염산메트포민/[M214651]염산메트포르민/[M223014]메트포르민염산염/[M244179]메트포르민염산염/[M255741]메트포르민아세트산염/[M263864]메트포르민/[M266682]메트포르민염산염콜로이드성이산화규소
[M259322]아이오다이즈드오일(양귀비종자유래요오드화지방산에틸에스테르),단일,-,-,기능적신부전에의해유산산성증촉진,48시간이내병용금기,IodisedOil,D000032,D000718,메트포르민,Metformin,[M086024]글리메피리드/[M201260]염산메트포민/[M214651]염산메트포르민/[M223014]메트포르민염산염/[M244179]메트포르민염산염/[M255741]메트포르민아세트산염/[M263864]메트포르민/[M266682]메트포르민염산염콜로이드성이산화규소
[M085564]이오프로마이드,단일,-,-,기능적신부전에의해유산산성증촉진,48시간이내병용금기,Iopromide,D000761,D000718,메트포르민,Metformin,[M201260]염산메트포민/[M214651]염산메트포르민/[M223014]메트포르민염산염/[M244179]메트포르민염산염/[M255741]메트포르민아세트산염/[M262875]에보글립틴타르타르산염/[M263350]에보글립틴타르타르산염/[M263864]메트포르민/[M266682]메트포르민염산염콜로이드성이산화규소
[M050116]나프록센/[M092321]에스오메프라졸마그네슘삼수화물/[M100498]에스오메프라졸나트륨/[M221042]에스오메프라졸스트론튬사수화물/[M242227]에스오메프라졸마그네슘이수화물/[M249554]에스오메프라졸/[M259375]에스오메프라졸마그네슘이수화물/[M262063]에스오메프라졸마그네슘과립,복합,[D000195]Naproxen(나프록센),-,아타자나비르의혈중농도감소,-,Esomeprazole,D000153,D000150,아타자나비르,Atazanavir,[M249264]아타자나비어황산염/[M263079]아타자나비르황산염
[M085564]이오프로마이드,단일,-,-,기능적신부전에의해유산산성증촉진,48시간이내병용금기,Iopromide,D000761,D000718,메트포르민,Metformin,[M201260]염산메트포민/[M214651]염산메트포르민/[M221584]빌다글립틴/[M223014]메트포르민염산염/[M244179]메트포르민염산염/[M255741]메트포르민아세트산염/[M262420]빌다글립틴(미분화)/[M263864]메트포르민/[M266682]메트포르민염산염콜로이드성이산화규소
[M085529]이오파미돌,단일,-,-,기능적신부전에의해유산산성증촉진,48시간이내병용금기,Iopamidol,D000267,D000718,메트포르민,Metformin,[M086024]글리메피리드/[M201260]염산메트포민/[M214651]염산메트포르민/[M223014]메트포르민염산염/[M244179]메트포르민염산염/[M255741]메트포르민아세트산염/[M263864]메트포르민/[M266682]메트포르민염산염콜로이드성이산화규소
[M085529]이오파미돌,단일,-,-,기능적신부전에의해유산산성증촉진,48시간이내병용금기,Iopamidol,D000267,D000718,메트포르민,Metformin,[M051790]보글리보스/[M201260]염산메트포민/[M214651]염산메트포르민/[M223014]메트포르민염산염/[M244179]메트포르민염산염/[M255741]메트포르민아세트산염/[M263864]메트포르민/[M266682]메트포르민염산염콜로이드성이산화규소
[M088268]이오메프롤,단일,-,-,기능적신부전에의해유산산성증촉진,48시간이내병용금기,Iomeprol,D000364,D000718,메트포르민,Metformin,[M201260]염산메트포민/[M214651]염산메트포르민/[M223014]메트포르민염산염/[M244179]메트포르민염산염/[M255741]메트포르민아세트산염/[M260057]엠파글리플로진/[M263864]메트포르민/[M266682]메트포르민염산염콜로이드성이산화규소
[M040766]할로페리돌/[M089302]할로페리돌데카노에이트,단일,-,-,QT간격연장위험증가,-,Haloperidol,D000113,D000170,제미플록사신,Gemifloxacin,[A005170]제미플록사신
[M051785]테가푸르/[M088346]테가푸르과립/[M250313]기메라실/[M250314]오테라실칼륨,복합,[D000260]Oteracil(오테라실)/[D000483]Tegafur(테가푸르),-,해당약물병용시gimeracil에의해fluoropyrimidine계열약물의대사가감소하여항암제의독성이증가gimeracil/oteracil/tegafur투여중및종료후7일간해당성분투여금기,-,Gimeracil,D000080,D000768,카페시타빈,Capecitabine,[M089886]카페시타빈
[A000953]이오베르솔/[M088691]이오버솔/[M257716]이오베르솔/[M274167]조이오베르솔,단일,-,-,기능적신부전에의해유산산성증촉진,48시간이내병용금기,Ioversol,D000165,D000718,메트포르민,Metformin,[A110293]에르투글리플로진L-피로글루탐산/[M201260]염산메트포민/[M214651]염산메트포르민/[M223014]메트포르민염산염/[M244179]메트포르민염산염/[M255741]메트포르민아세트산염/[M263864]메트포르민/[M266682]메트포르민염산염콜로이드성이산화규소/[M268102]에르투글리플로진L-피로글루탐산/[M272715]미분화에르투글리플로진L-피로글루탐산
[M259322]아이오다이즈드오일(양귀비종자유래요오드화지방산에틸에스테르),단일,-,-,기능적신부전에의해유산산성증촉진,48시간이내병용금기,IodisedOil,D000032,D000718,메트포르민,Metformin,[M201260]염산메트포민/[M214651]염산메트포르민/[M223014]메트포르민염산염/[M244179]메트포르민염산염/[M252996]리나글립틴/[M255741]메트포르민아세트산염/[M263864]메트포르민/[M266682]메트포르민염산염콜로이드성이산화규소
[M085564]이오프로마이드,단일,-,-,기능적신부전에의해유산산성증촉진,48시간이내병용금기,Iopromide,D000761,D000718,메트포르민,Metformin,[M201260]염산메트포민/[M214651]염산메트포르민/[M223014]메트포르민염산염/[M244179]메트포르민염산염/[M252996]리나글립틴/[M255741]메트포르민아세트산염/[M263864]메트포르민/[M266682]메트포르민염산염콜로이드성이산화규소
[M259322]아이오다이즈드오일(양귀비종자유래요오드화지방산에틸에스테르),단일,-,-,기능적신부전에의해유산산성증촉진,48시간이내병용금기,IodisedOil,D000032,D000718,메트포르민,Metformin,[M092005]염산피오글리타존/[M201260]염산메트포민/[M214651]염산메트포르민/[M223014]메트포르민염산염/[M235069]피오글리타존염산염/[M244179]메트포르민염산염/[M255741]메트포르민아세트산염/[M260948]피오글리타존염/[M263864]메트포르민/[M266682]메트포르민염산염콜로이드성이산화규소
[M259322]아이오다이즈드오일(양귀비종자유래요오드화지방산에틸에스테르),단일,-,-,기능적신부전에의해유산산성증촉진,48시간이내병용금기,IodisedOil,D000032,D000718,메트포르민,Metformin,[M201260]염산메트포민/[M214651]염산메트포르민/[M223014]메트포르민염산염/[M244179]메트포르민염산염/[M255741]메트포르민아세트산염/[M260057]엠파글리플로진/[M263864]메트포르민/[M266682]메트포르민염산염콜로이드성이산화규소
[A000953]이오베르솔/[M088691]이오버솔/[M257716]이오베르솔/[M274167]조이오베르솔,단일,-,-,기능적신부전에의해유산산성증촉진,48시간이내병용금기,Ioversol,D000165,D000718,메트포르민,Metformin,[M201260]염산메트포민/[M214651]염산메트포르민/[M223014]메트포르민염산염/[M244179]메트포르민염산염/[M254878]제미글립틴타르타르산염1.5수화물/[M255741]메트포르민아세트산염/[M263103]제미글립틴타르타르산염1.5수하물/[M263864]메트포르민/[M266682]메트포르민염산염콜로이드성이산화규소
[M051785]테가푸르/[M088346]테가푸르과립/[M250313]기메라실/[M250314]오테라실칼륨,복합,[D000260]Oteracil(오테라실)/[D000483]Tegafur(테가푸르),-,해당약물병용시gimeracil에의해fluoropyrimidine계열약물의대사가감소하여항암제의독성이증가gimeracil/oteracil/tegafur투여중및종료후7일간해당성분투여금기,-,Gimeracil,D000080,D000623,플루오로우라실,Fluorouracil,[M040740]플루오로우라실/[M083217]5-플루오로우라실
[A110656]발베나진,단일,-,-,두약제는동일계열,-,Valbenazine,D001724,D001725,듀테트라베나진,Deutetrabenazine,[A110580]듀테트라베나진
[M095435]타다라필,단일,-,-,혈압강하작용증가,-,Tadalafil,D000181,D001723,이소소르비드이질산염,isosorbidedinitrate,[M115499]이소소르비드질산염·염화나트륨/[M116023]이소소르비드질산염지속과립/[M250379]묽은이소소르비드이질산염/[M250785]이소소르비드질산염제피과립/[M256313]이소소르비드이질산염
[M095744]로수바스타틴칼슘/[M246568]네비보롤염산염/[M254774]네비보롤염산염/[M258559]로수바스타틴칼슘염/[M270546]로수바스타틴칼슘(미분화),복합,[D000785]Nebivolol(네비보롤),-,근육통|근육약화|근염|때때로횡문근변성을포함한근육독성촉진가능,-,Rosuvastatin,D000219,D000334,사이클로스포린,Cyclosporine,[A005971]시클로스포린/[M040068]마이크로에멀젼용시클로스포린/[M085282]사이클로스포린/[M085565]시클로스포린
[M095744]로수바스타틴칼슘/[M254878]제미글립틴타르타르산염1.5수화물/[M258559]로수바스타틴칼슘염/[M263103]제미글립틴타르타르산염1.5수하물/[M270546]로수바스타틴칼슘(미분화),복합,[D000670]Gemigliptin(제미글립틴),-,횡문근융해증을포함한근육병증위험증가가능,-,Rosuvastatin,D000219,D001072,레디파스비르,Ledipasvir,[I012701]소포스부비르/[I012702]레디파스비르/[M260784]소포스부비어/[M262752]소포스부비르/[M262910]레디파스비르
[A000877]오메가3산/[I004369]아토르바스타틴칼슘수화물/[M093499]아토르바스타틴칼슘/[M213543]무수아토르바스타틴칼슘/[M215219]아토르바스타틴칼슘삼수화물/[M218956]아토르바스타틴삼수화물/[M244955]아토르바스타틴스트론튬/[M247057]아토르바스타틴칼슘염무수물/[M251687]아토르바스타틴칼슘/[M256664]아토르바스타틴칼슘수화물/[M261637]오메가3산에틸에스테르90/[M263837]아토르바스타틴,복합,[D001688]Omega-3-AcidEthylEsters90(오메가3산에틸에스테르90),-,근육병증|횡문근융해위험증가가능,-,Atorvastatin,D000455,D000769,케토코나졸,Ketoconazole,[M080618]케토코나졸
[I004369]아토르바스타틴칼슘수화물/[M093499]아토르바스타틴칼슘/[M213543]무수아토르바스타틴칼슘/[M215219]아토르바스타틴칼슘삼수화물/[M218956]아토르바스타틴삼수화물/[M244955]아토르바스타틴스트론튬/[M247057]아토르바스타틴칼슘염무수물/[M251687]아토르바스타틴칼슘/[M256664]아토르바스타틴칼슘수화물/[M258703]피마사르탄칼륨삼수화물/[M263837]아토르바스타틴/[M264048]피마사르탄칼륨삼수화물과립,복합,[D000624]Fimasartan(피마사르탄),-,근육병증|횡문근융해위험증가가능,-,Atorvastatin,D000455,D000405,포사코나졸,Posaconazole,[M256381]포사코나졸(미분화)
[M256772]알리트레티노인,단일,-,-,-비타민A과다증,-,Alitretinoin,D000820,D000758,이소트레티노인,Isotretinoin,[M088250]이소트레티노인
[M259362]리토나비르/[M281904]니르마트렐비르,복합,[D000712]Ritonavir(리토나비르),-,-QT연장|심계항진|동성빈맥(sinustachycardia)을포함하여살메테롤과관련된심혈관부작용의위험을증가시킬수있음,-,Nirmatrelvir,D001650,D001781,살메테롤,Salmeterol,[A000435]부데소니드/[A000519]살메테롤
[M259362]리토나비르/[M281904]니르마트렐비르,복합,[D000712]Ritonavir(리토나비르),-,-바이러스반응의손실및내성발현의잠재적인가능성,-,Nirmatrelvir,D001650,D000314,리팜피신,Rifampicin,[M020042]리팜피신
[M259362]리토나비르/[M281904]니르마트렐비르,복합,[D000712]Ritonavir(리토나비르),-,-사지및중추신경계를포함하는기타조직의혈관경련및허혈을특징으로하는급성맥각독성의잠재적인가능성,-,Nirmatrelvir,D001650,D000228,메틸에르고메트린,Methylergometrine,[M070382]말레인산메칠에르고메트린/[M223020]메틸에르고메트린말레산염
[M259362]리토나비르/[M281904]니르마트렐비르,복합,[D000712]Ritonavir(리토나비르),-,-Tamsulosin의혈중농도를증가시킬수있음,-,Nirmatrelvir,D001650,D001032,탐스로신,Tamsulosin,[M085770]탐스로신서방립/[M099145]염산탐스로신/[M241531]탐스로신염산염/[M243979]탐스로신염산염
[M095435]타다라필,단일,-,-,혈압강하작용증가,-,Tadalafil,D000181,D001722,이소소르비드일질산염,isosorbidemononitrate,[M110620]5-이소소르비드일질산염20%/[M110733]5-이소소르비드일질산염90%/[M110745]이소소르비드-5-모노니트레이트서방소립구/[M111493]이소소르비드-5-모노니트레이트몬탄글리콜왁스혼합물40%/[M113419]이소소르비드일질산염지속성펠렛/[M246194]이소소르비드-5-모노니트레이트90%/[M247000]이소소르비드-5-모노니트레이트/[M256917]이소소르비드일질산염90%/[M257095]이소소르비드일질산염/[M258776]묽은이소소르비드일질산염/[M270002]이소소르비드일질산염서방과립/[M270009]이소소르비드일질산염서방소립구
[M089055]칸데사르탄실렉세틸/[M095744]로수바스타틴칼슘/[M258559]로수바스타틴칼슘염/[M270546]로수바스타틴칼슘(미분화),복합,[D000273]Candesartancilexetil(칸데사르탄실렉세틸),-,횡문근융해증을포함한근육병증위험증가가능,-,Rosuvastatin,D000219,D001072,레디파스비르,Ledipasvir,[I012701]소포스부비르/[I012702]레디파스비르/[M260784]소포스부비어/[M262752]소포스부비르/[M262910]레디파스비르
[M083437]베실산암로디핀/[M095744]로수바스타틴칼슘/[M100608]말레인산암로디핀/[M100610]캄실산암로디핀/[M101934]암로디핀/[M102166]메실산암로디핀일수화물/[M102534]암로디핀오로트산염/[M222875]암로디핀베실산염/[M246033]암로디핀캄실산염/[M250821]암로디핀아디핀산염/[M250983]암로디핀말레산염/[M251079]암로디핀니코틴산염/[M254832]암로디핀메실산염일수화물/[M257408]암로디핀아디프산염/[M258559]로수바스타틴칼슘염/[M270546]로수바스타틴칼슘(미분화),복합,[D000152]Amlodipine(암로디핀),-,근육통|근육약화|근염|때때로횡문근변성을포함한근육독성촉진가능,-,Rosuvastatin,D000219,D000334,사이클로스포린,Cyclosporine,[A005971]시클로스포린/[M040068]마이크로에멀젼용시클로스포린/[M085282]사이클로스포린/[M085565]시클로스포린
[I004369]아토르바스타틴칼슘수화물/[M083437]베실산암로디핀/[M093499]아토르바스타틴칼슘/[M100608]말레인산암로디핀/[M100610]캄실산암로디핀/[M101934]암로디핀/[M102166]메실산암로디핀일수화물/[M102534]암로디핀오로트산염/[M213543]무수아토르바스타틴칼슘/[M215219]아토르바스타틴칼슘삼수화물/[M218956]아토르바스타틴삼수화물/[M222875]암로디핀베실산염/[M244955]아토르바스타틴스트론튬/[M246033]암로디핀캄실산염/[M247057]아토르바스타틴칼슘염무수물/[M250821]암로디핀아디핀산염/[M250983]암로디핀말레산염/[M251079]암로디핀니코틴산염/[M251687]아토르바스타틴칼슘/[M254832]암로디핀메실산염일수화물/[M256664]아토르바스타틴칼슘수화물/[M257408]암로디핀아디프산염/[M263837]아토르바스타틴,복합,[D000152]Amlodipine(암로디핀),-,근질환위험증가,-,Atorvastatin,D000455,D000769,케토코나졸,Ketoconazole,[M080618]케토코나졸
[I004369]아토르바스타틴칼슘수화물/[M093499]아토르바스타틴칼슘/[M201260]염산메트포민/[M213543]무수아토르바스타틴칼슘/[M214651]염산메트포르민/[M215219]아토르바스타틴칼슘삼수화물/[M218956]아토르바스타틴삼수화물/[M223014]메트포르민염산염/[M244179]메트포르민염산염/[M244955]아토르바스타틴스트론튬/[M247057]아토르바스타틴칼슘염무수물/[M251687]아토르바스타틴칼슘/[M255741]메트포르민아세트산염/[M256664]아토르바스타틴칼슘수화물/[M263837]아토르바스타틴/[M263864]메트포르민/[M266682]메트포르민염산염콜로이드성이산화규소,복합,[D000718]Metformin(메트포르민),-,근육병증|횡문근융해위험증가가능,-,Atorvastatin,D000455,D000405,포사코나졸,Posaconazole,[M256381]포사코나졸(미분화)
[I004369]아토르바스타틴칼슘수화물/[M093499]아토르바스타틴칼슘/[M213543]무수아토르바스타틴칼슘/[M215219]아토르바스타틴칼슘삼수화물/[M218956]아토르바스타틴삼수화물/[M244955]아토르바스타틴스트론튬/[M247057]아토르바스타틴칼슘염무수물/[M251687]아토르바스타틴칼슘/[M256664]아토르바스타틴칼슘수화물/[M258703]피마사르탄칼륨삼수화물/[M263837]아토르바스타틴/[M264048]피마사르탄칼륨삼수화물과립,복합,[D000624]Fimasartan(피마사르탄),-,근육병증|횡문근융해위험증가가능,-,Atorvastatin,D000455,D000334,사이클로스포린,Cyclosporine,[A005971]시클로스포린/[M040068]마이크로에멀젼용시클로스포린/[M085282]사이클로스포린/[M085565]시클로스포린
[A001652]글레카프레비르/[A003331]피브렌타스비르/[M267076]피브렌타스비르/[M267082]글레카프레비르,복합,[D001363]Pibrentasvir(피브렌타스비르),-,Glecaprevir와Pibrentasvir의혈장농도가유의하게감소하여이약의바이러스학적반응감소가능,-,Glecaprevir,D001362,D000476,카르바마제핀,Carbamazepine,[M040569]카르바마제핀/[M201734]카바마제핀
[M110620]5-이소소르비드일질산염20%/[M110733]5-이소소르비드일질산염90%/[M110745]이소소르비드-5-모노니트레이트서방소립구/[M111493]이소소르비드-5-모노니트레이트몬탄글리콜왁스혼합물40%/[M113419]이소소르비드일질산염지속성펠렛/[M246194]이소소르비드-5-모노니트레이트90%/[M247000]이소소르비드-5-모노니트레이트/[M256917]이소소르비드일질산염90%/[M257095]이소소르비드일질산염/[M258776]묽은이소소르비드일질산염/[M270002]이소소르비드일질산염서방과립/[M270009]이소소르비드일질산염서방소립구,단일,-,-,혈관확장작용증가로저혈압효과상승,-,isosorbidemononitrate,D001722,D000246,실데나필,Sildenafil,[M089346]구연산실데나필/[M252789]실데나필시트르산염/[M253237]실데나필
[M281233]롤라티닙,단일,-,-,Lorlatinib의혈중농도를감소시킬수있음.,-,Lorlatinib,D001697,D000447,세인트존스워트,St.JohnsWort,[M220509]세인트존스워트/[M248295]세인트존스워트80%메탄올엑스/[M255952]세인트존스워트50%에탄올엑스/[M256845]세인트존스워트틴크D2/[M258013]세인트존스워트80%메탄올건조엑스
[A110673]카보테그라비르,단일,-,-,Cabotegravir의혈중농도를감소시켜치료효과를감소시킬수있음.,-,Cabotegravir,D001748,D000263,옥스카르바제핀,Oxcarbazepine,[M086765]옥스카르바제핀
[M281233]롤라티닙,단일,-,-,Lorlatinib의혈중농도를감소시킬수있음.,-,Lorlatinib,D001697,D000476,카르바마제핀,Carbamazepine,[M040569]카르바마제핀/[M201734]카바마제핀
[A110673]카보테그라비르,단일,-,-,Cabotegravir혈중농도감소로치료효과감소,HIV-1감염치료를위한Rilpivirine주사와의병용요법에한함,Cabotegravir,D001748,D001081,리파부틴,Rifabutin,[I003537]리파부틴/[M089091]리파부틴
[M281881]자누브루티닙,단일,-,-,-Zanubrutinib의혈중농도를감소시켜유효성을감소시킬수있음,-,Zanubrutinib,D001703,D000447,세인트존스워트,St.JohnsWort,[M220509]세인트존스워트/[M248295]세인트존스워트80%메탄올엑스/[M255952]세인트존스워트50%에탄올엑스/[M256845]세인트존스워트틴크D2/[M258013]세인트존스워트80%메탄올건조엑스
[M281881]자누브루티닙,단일,-,-,-Zanubrutinib의혈중농도를감소시켜유효성을감소시킬수있음,-,Zanubrutinib,D001703,D000314,리팜피신,Rifampicin,[M020042]리팜피신
[A110945]투카티닙,단일,-,-,-Tucatinib의혈중농도를감소시켜유효성을감소시킬수있음,-,Tucatinib,D001784,D000314,리팜피신,Rifampicin,[M020042]리팜피신
[M259362]리토나비르/[M281904]니르마트렐비르,복합,[D000712]Ritonavir(리토나비르),-,-증가된Glecaprevir농도는알라닌아미노전달효소(ALT)상승을유발할수있음,-,Nirmatrelvir,D001650,D001363,피브렌타스비르,Pibrentasvir,[A001652]글레카프레비르/[A003331]피브렌타스비르/[M267076]피브렌타스비르/[M267082]글레카프레비르
[M259362]리토나비르/[M281904]니르마트렐비르,복합,[D000712]Ritonavir(리토나비르),-,-Voriconazole의혈중농도를감소시킬수있음,-,Nirmatrelvir,D001650,D000443,보리코나졸,Voriconazole,[I005813]보리코나졸/[M102252]보리코나졸
[M259362]리토나비르/[M281904]니르마트렐비르,복합,[D000712]Ritonavir(리토나비르),-,-바이러스반응의손실및내성발현의잠재적인가능성,-,Nirmatrelvir,D001650,D000447,세인트존스워트,St.JohnsWort,[A000655]승마/[M220509]세인트존스워트/[M248295]세인트존스워트80%메탄올엑스/[M255952]세인트존스워트50%에탄올엑스/[M256845]세인트존스워트틴크D2/[M258013]세인트존스워트80%메탄올건조엑스
[A110782]필고티닙,단일,-,-,면역억제효과증가,-,Filgotinib,D001755,D000279,타크로리무스,Tacrolimus,[M089193]타크로리무스수화물/[M227652]타크로리무스수화물
[M281233]롤라티닙,단일,-,-,Fentanyl의혈중농도가감소될수있음.,-,Lorlatinib,D001697,D000097,펜타닐,Fentanyl,[M210478]구연산펜타닐/[M223286]펜타닐시트르산염/[M230151]펜타닐/[M259588]펜타닐시트르산염(미분화)/[M261073]펜타닐
[M259362]리토나비르/[M281904]니르마트렐비르,복합,[D000712]Ritonavir(리토나비르),-,-심장부정맥의가능성,-,Nirmatrelvir,D001650,D000259,아미오다론,Amiodarone,[A005259]아미오다론
[I005603]트리아졸람/[M088380]트리아졸람,단일,-,-,진정작용의연장또는증가|호흡저하,-,Triazolam,D000592,D000712,리토나비르,Ritonavir,[M259362]리토나비르
[M259362]리토나비르/[M281904]니르마트렐비르,복합,[D000712]Ritonavir(리토나비르),-,-중대한및/또는생명을위협하는반응의가능성,-,Nirmatrelvir,D001650,D001562,라놀라진,Ranolazine,[A110483]라놀라진
[A110831]피네레논,단일,-,-,Finerenone혈중농도의현저한증가가예상됨.,-,Finerenone,D001743,D000673,코비시스타트,Cobicistat,[M256270]코비시스타트이산화규소/[M258751]다루나비르에탄올레이트
[A110831]피네레논,단일,-,-,Finerenone의혈중농도증가|치료효과및이상반응연장이일어날수있음.Itraconazole투여중및종료후2주간해당성분금기.,-,Finerenone,D001743,D000762,이트라코나졸,Itraconazole,[M083733]이트라코나졸제피과립/[M083734]이트라코나졸/[M092870]이트라코나졸고체분산체/[M201487]이트라코나졸고체분산/[M201624]제피이트라코나졸과립
[A110831]피네레논,단일,-,-,Finerenone혈중농도의현저한증가가예상됨.,-,Finerenone,D001743,D000712,리토나비르,Ritonavir,[M259362]리토나비르
[M095744]로수바스타틴칼슘/[M254878]제미글립틴타르타르산염1.5수화물/[M258559]로수바스타틴칼슘염/[M263103]제미글립틴타르타르산염1.5수하물/[M270546]로수바스타틴칼슘(미분화),복합,[D000670]Gemigliptin(제미글립틴),-,근육통|근육약화|근염|때때로횡문근변성을포함한근육독성촉진가능,-,Rosuvastatin,D000219,D000334,사이클로스포린,Cyclosporine,[A005971]시클로스포린/[M040068]마이크로에멀젼용시클로스포린/[M085282]사이클로스포린/[M085565]시클로스포린
[M083392]로바스타틴,단일,-,-,근육병증|횡문근융해위험증가가능,-,Lovastatin,D000419,D000619,푸시딘산,FusidicAcid,[M020165]푸시딘산나트륨/[M020229]푸시딘산
[I004369]아토르바스타틴칼슘수화물/[M083437]베실산암로디핀/[M089055]칸데사르탄실렉세틸/[M093499]아토르바스타틴칼슘/[M100608]말레인산암로디핀/[M100610]캄실산암로디핀/[M101934]암로디핀/[M102166]메실산암로디핀일수화물/[M102534]암로디핀오로트산염/[M213543]무수아토르바스타틴칼슘/[M215219]아토르바스타틴칼슘삼수화물/[M218956]아토르바스타틴삼수화물/[M222875]암로디핀베실산염/[M244955]아토르바스타틴스트론튬/[M246033]암로디핀캄실산염/[M247057]아토르바스타틴칼슘염무수물/[M250821]암로디핀아디핀산염/[M250983]암로디핀말레산염/[M251079]암로디핀니코틴산염/[M251687]아토르바스타틴칼슘/[M254832]암로디핀메실산염일수화물/[M256664]아토르바스타틴칼슘수화물/[M257408]암로디핀아디프산염/[M263837]아토르바스타틴,복합,[D000152]Amlodipine(암로디핀)/[D000273]Candesartancilexetil(칸데사르탄실렉세틸),-,근육병증|횡문근융해위험증가능,-,Atorvastatin,D000455,D000334,사이클로스포린,Cyclosporine,[A005971]시클로스포린/[M040068]마이크로에멀젼용시클로스포린/[M085282]사이클로스포린/[M085565]시클로스포린
[M259196]토파시티닙시트르산염,단일,-,-,면역억제효과증가,-,Tofacitinib,D001003,D000250,아자티오프린,Azathioprine,[M223108]아자티오프린
-,복합,[D000992]Carnitine(카르니틴)/[D001618]L-LysineHydrochloride(L-리신염산염)/[D001117]Cyanocobalamin(시아노코발라민),-,MAO저해제의효과를증가시킬수있음,-,Cyproheptadine,D000026,D000139,셀레길린염산염,SelegilineHydrochloride,[M222864]셀레길린염산염
[A005225]릴피비린/[M253921]릴피비린염산염,단일,-,-,Rilpivirine혈중농도감소로치료효과감소혹은내성발현,주사제,Rilpivirine,D000225,D001081,리파부틴,Rifabutin,[I003537]리파부틴/[M089091]리파부틴
[M249412]드로네다론염산염,단일,-,-,QT간격을연장시키고염전성심실빈맥발생위험을높일수있음,-,Dronedarone,D000201,D000256,에리트로마이신,Erythromycin,[M020095]에리스로마이신/[M020096]락토비온산에리스로마이신/[M020099]에리스로마이신에스톨레이트/[M020201]프로피온산에리스로마이신/[M223129]에리트로마이신/[M223130]에리트로마이신스테아르산염/[M223131]에리트로마이신에스톨산염/[M223132]에리트로마이신에틸숙시네이트/[M251863]에리트로마이신락토비온산염/[M256206]에리트로마이신장용피입자/[M257644]에리트로마이신스티노프레이트
[A001470]히스티딘아연,단일,-,-,아연흡수를저해하거나배출을증가시킴,병용시최소한시간이상간격을두고투여함,Zinchistidine,D001560,D000397,디페니실라민,Penicillamine,[M051705]디페니실라민
[A110472]이소프로필오미데네팍/[M269683]오미데네팍이소프로필,단일,-,-,중등도이상의눈부심|홍채염등의안염증이유발될우려가있음,-,Omidenepagisopropyl,D001407,D000481,타플루프로스트,Tafluprost,[M246721]타플루프로스트
[I004369]아토르바스타틴칼슘수화물/[M083437]베실산암로디핀/[M093499]아토르바스타틴칼슘/[M100608]말레인산암로디핀/[M100610]캄실산암로디핀/[M101934]암로디핀/[M102166]메실산암로디핀일수화물/[M102534]암로디핀오로트산염/[M213543]무수아토르바스타틴칼슘/[M215219]아토르바스타틴칼슘삼수화물/[M218956]아토르바스타틴삼수화물/[M222875]암로디핀베실산염/[M244955]아토르바스타틴스트론튬/[M246033]암로디핀캄실산염/[M247057]아토르바스타틴칼슘염무수물/[M250821]암로디핀아디핀산염/[M250983]암로디핀말레산염/[M251079]암로디핀니코틴산염/[M251687]아토르바스타틴칼슘/[M254832]암로디핀메실산염일수화물/[M256664]아토르바스타틴칼슘수화물/[M257408]암로디핀아디프산염/[M263837]아토르바스타틴,복합,[D000152]Amlodipine(암로디핀),-,횡문근융해증발생가능,-,Atorvastatin,D000455,D000405,포사코나졸,Posaconazole,[M256381]포사코나졸(미분화)
[M089365]말레인산로시글리타존/[M201260]염산메트포민/[M214651]염산메트포르민/[M223014]메트포르민염산염/[M237507]로시글리타존말레산염/[M244179]메트포르민염산염/[M255741]메트포르민아세트산염/[M263864]메트포르민/[M266682]메트포르민염산염콜로이드성이산화규소,복합,[D000002]RosiglitazoneMaleate(로시글리타존말레산염),-,기능적신부전에의해유산산성증촉진,48시간이내병용금기,Metformin,D000718,D000669,이오헥솔,Iohexol,[M088960]이오헥솔
[M090705]염산이리노테칸/[M234818]이리노테칸염산염,단일,-,-,이리노테칸활성대사물(SN-38)의혈중농도가저하되어작용감소,-,Irinotecan,D000161,D000447,세인트존스워트,St.JohnsWort,[M220509]세인트존스워트/[M248295]세인트존스워트80%메탄올엑스/[M255952]세인트존스워트50%에탄올엑스/[M256845]세인트존스워트틴크D2/[M258013]세인트존스워트80%메탄올건조엑스
[M249412]드로네다론염산염,단일,-,-,QT간격을연장시키고염전성심실빈맥발생위험을높일수있음,-,Dronedarone,D000201,D000515,프로파페논,Propafenone,[M081415]염산프로파페논/[M222902]프로파페논염산염
[M249412]드로네다론염산염,단일,-,-,QT간격을연장시키고염전성심실빈맥발생위험을높일수있음,-,Dronedarone,D000201,D000212,플레카이니드아세테이트,FlecainideAcetate,[M201704]초산플레카이니드/[M239215]플레카이니드아세테이트/[M257171]플레카이니드아세트산염
[A110986]루라시돈,단일,-,-,-Lurasidone의노출을감소시킬수있음,-,Lurasidone,D001763,D000476,카르바마제핀,Carbamazepine,[M040569]카르바마제핀/[M201734]카바마제핀
[M259362]리토나비르/[M281904]니르마트렐비르,복합,[D000712]Ritonavir(리토나비르),-,-Everolimus의혈중농도를증가시킬수있음,-,Nirmatrelvir,D001650,D000461,에베로리무스,Everolimus,[M255713]에베로리무스
[M259362]리토나비르/[M281904]니르마트렐비르,복합,[D000712]Ritonavir(리토나비르),-,-Ticagrelor의혈중농도를증가시킬수있음,-,Nirmatrelvir,D001650,D000385,티카그렐러,Ticagrelor,[A005385]티카그렐러/[M252585]티카그렐러
[M115499]이소소르비드질산염·염화나트륨/[M116023]이소소르비드질산염지속과립/[M250379]묽은이소소르비드이질산염/[M250785]이소소르비드질산염제피과립/[M256313]이소소르비드이질산염,단일,-,-,혈관확장작용증가로저혈압효과상승,-,isosorbidedinitrate,D001723,D000246,실데나필,Sildenafil,[M089346]구연산실데나필/[M252789]실데나필시트르산염/[M253237]실데나필
[A000152]데피브로타이드,단일,-,-,출혈위험증가,-,Defibrotide,D001561,D001347,테넥테플라제,Tenecteplase,[A001162]테넥테플라제/[M098520]테넥테플라제
[M082087]디발프로엑스나트륨,단일,-,-,메플로퀸은발프로산의대사를증가시키며경련효과를가지고있으므로병용투여시간질성발작이일어날수있음,-,Divalproex,D001558,D000467,메플로퀸,Mefloquine,[M093780]염산메플로퀸
[M086538]분무건조아시트레틴25%,단일,-,-,-비타민A과다증,-,Acitretin,D000019,D000488,트레티노인,Tretinoin,[M051617]트레티노인
[A000519]살메테롤/[M070463]프로피온산플루티카손/[M222904]플루티카손프로피오네이트/[M233016]미분화플루티카손푸로에이트/[M241930]플루티카손프로피오네이트(미분화)/[M243509]플루티카손프로피오네이트(미분화)/[M259812]플루티카손푸로에이트(미분화),복합,[D001781]Salmeterol(살메테롤),-,-Fluticasone의혈중농도증가로쿠싱증후군및부신억제와같은전신코르티코스테로이드효과나타날수있음-Salmeterol의혈중농도증가로QT연장|심계항진등심혈관계이상반응위험증가,-,Fluticasone,D000707,D000769,케토코나졸,Ketoconazole,[M080618]케토코나졸
[A110986]루라시돈,단일,-,-,-Lurasidone의노출을감소시킬수있음,-,Lurasidone,D001763,D000595,페니토인,Phenytoin,[M051706]페니토인/[M051707]페니토인나트륨
[A110986]루라시돈,단일,-,-,-Lurasidone의노출을증가시킬수있음,-,Lurasidone,D001763,D000762,이트라코나졸,Itraconazole,[M083733]이트라코나졸제피과립/[M083734]이트라코나졸/[M092870]이트라코나졸고체분산체/[M201487]이트라코나졸고체분산/[M201624]제피이트라코나졸과립
[M259362]리토나비르/[M281904]니르마트렐비르,복합,[D000712]Ritonavir(리토나비르),-,-Tacrolimus의혈중농도를증가시킬수있음-중대한이상반응초래할수있음,-,Nirmatrelvir,D001650,D000279,타크로리무스,Tacrolimus,[M089193]타크로리무스수화물/[M227652]타크로리무스수화물
[M083437]베실산암로디핀/[M089710]심바스타틴/[M100608]말레인산암로디핀/[M100610]캄실산암로디핀/[M101934]암로디핀/[M102166]메실산암로디핀일수화물/[M102534]암로디핀오로트산염/[M222875]암로디핀베실산염/[M246033]암로디핀캄실산염/[M250821]암로디핀아디핀산염/[M250983]암로디핀말레산염/[M251079]암로디핀니코틴산염/[M254832]암로디핀메실산염일수화물/[M257408]암로디핀아디프산염,복합,[D000152]Amlodipine(암로디핀),-,횡문근융해를포함한근육병증위험가능,-,Simvastatin,D000027,D000673,코비시스타트,Cobicistat,[M249264]아타자나비어황산염/[M256270]코비시스타트이산화규소/[M263079]아타자나비르황산염
[M083437]베실산암로디핀/[M086307]로자탄칼륨/[M095744]로수바스타틴칼슘/[M100608]말레인산암로디핀/[M100610]캄실산암로디핀/[M101934]암로디핀/[M102166]메실산암로디핀일수화물/[M102534]암로디핀오로트산염/[M201944]포타슘로사탄/[M222875]암로디핀베실산염/[M246033]암로디핀캄실산염/[M248335]로자탄칼륨/[M249673]로사르탄칼륨/[M250821]암로디핀아디핀산염/[M250983]암로디핀말레산염/[M251079]암로디핀니코틴산염/[M254832]암로디핀메실산염일수화물/[M255575]로사르탄칼륨(로자탄으로서45.8mg)/[M257408]암로디핀아디프산염/[M257973]로사르탄칼슘/[M258559]로수바스타틴칼슘염/[M259810]로자르탄칼륨/[M260076]로사르탄칼륨(로사르탄으로서45.8mg)/[M270546]로수바스타틴칼슘(미분화),복합,[D000152]Amlodipine(암로디핀)/[D000220]Losartan(로사르탄),-,근육통|근육약화|근염|때때로횡문근변성을포함한근육독성촉진가능,-,Rosuvastatin,D000219,D000334,사이클로스포린,Cyclosporine,[A005971]시클로스포린/[M040068]마이크로에멀젼용시클로스포린/[M085282]사이클로스포린/[M085565]시클로스포린
[A110472]이소프로필오미데네팍/[M269683]오미데네팍이소프로필,단일,-,-,중등도이상의눈부심|홍채염등의안염증이유발될우려가있음,-,Omidenepagisopropyl,D001407,D000481,타플루프로스트,Tafluprost,[M051656]말레인산티몰롤/[M096214]말레인산티몰롤/[M222894]티몰롤말레산염/[M246721]타플루프로스트/[M256384]티몰롤말레산염
[A110831]피네레논,단일,-,-,Finerenone혈중농도의현저한감소및치료효과감소가예상됨.,-,Finerenone,D001743,D000314,리팜피신,Rifampicin,[M020042]리팜피신
[M086538]분무건조아시트레틴25%,단일,-,-,-두개내압상승위험,-,Acitretin,D000019,D000182,타이제사이클린,Tigecycline,[M215175]타이제사이클린
[A000633]수산화마그네슘/[M040306]수산화마그네슘/[M092321]에스오메프라졸마그네슘삼수화물/[M100498]에스오메프라졸나트륨/[M221042]에스오메프라졸스트론튬사수화물/[M242227]에스오메프라졸마그네슘이수화물/[M249554]에스오메프라졸/[M259375]에스오메프라졸마그네슘이수화물/[M262063]에스오메프라졸마그네슘과립,복합,[D001514]Magnesiumhydroxide(수산화마그네슘),-,아타자나비르의혈중농도감소,-,Esomeprazole,D000153,D000150,아타자나비르,Atazanavir,[M249264]아타자나비어황산염/[M263079]아타자나비르황산염
[M089852]라베프라졸나트륨,단일,-,-,아타자나비르의혈중농도감소,-,Rabeprazole,D000204,D000150,아타자나비르,Atazanavir,[M249264]아타자나비어황산염/[M256270]코비시스타트이산화규소/[M263079]아타자나비르황산염
[A110831]피네레논,단일,-,-,Finerenone혈중농도의현저한증가가예상됨.,-,Finerenone,D001743,D000673,코비시스타트,Cobicistat,[A001163]테노포비르/[A005561]엘비테그라비르/[M250026]엠트리시타빈/[M256270]코비시스타트이산화규소
[M083437]베실산암로디핀/[M089710]심바스타틴/[M100608]말레인산암로디핀/[M100610]캄실산암로디핀/[M101934]암로디핀/[M102166]메실산암로디핀일수화물/[M102534]암로디핀오로트산염/[M222875]암로디핀베실산염/[M246033]암로디핀캄실산염/[M250821]암로디핀아디핀산염/[M250983]암로디핀말레산염/[M251079]암로디핀니코틴산염/[M254832]암로디핀메실산염일수화물/[M257408]암로디핀아디프산염,복합,[D000152]Amlodipine(암로디핀),-,근병증의위험증가가능,-,Simvastatin,D000027,D000673,코비시스타트,Cobicistat,[M256270]코비시스타트이산화규소/[M258751]다루나비르에탄올레이트
[M089710]심바스타틴,단일,-,-,횡문근융해를포함한근육병과같은중대한반응가능,-,Simvastatin,D000027,D000673,코비시스타트,Cobicistat,[M249264]아타자나비어황산염/[M256270]코비시스타트이산화규소/[M263079]아타자나비르황산염
[M090403]발사르탄/[M095744]로수바스타틴칼슘/[M258559]로수바스타틴칼슘염/[M270546]로수바스타틴칼슘(미분화),복합,[D000011]Valsartan(발사르탄),-,근육통|근육약화|근염|때때로횡문근변성을포함한근육독성촉진가능,-,Rosuvastatin,D000219,D000334,사이클로스포린,Cyclosporine,[A005971]시클로스포린/[M040068]마이크로에멀젼용시클로스포린/[M085282]사이클로스포린/[M085565]시클로스포린
[A000877]오메가3산/[I004369]아토르바스타틴칼슘수화물/[M093499]아토르바스타틴칼슘/[M213543]무수아토르바스타틴칼슘/[M215219]아토르바스타틴칼슘삼수화물/[M218956]아토르바스타틴삼수화물/[M244955]아토르바스타틴스트론튬/[M247057]아토르바스타틴칼슘염무수물/[M251687]아토르바스타틴칼슘/[M256664]아토르바스타틴칼슘수화물/[M261637]오메가3산에틸에스테르90/[M263837]아토르바스타틴,복합,[D001688]Omega-3-AcidEthylEsters90(오메가3산에틸에스테르90),-,횡문근융해와같은중증의근육이상보고,-,Atorvastatin,D000455,D000619,푸시딘산,FusidicAcid,[M020165]푸시딘산나트륨/[M020229]푸시딘산
[I004369]아토르바스타틴칼슘수화물/[M083437]베실산암로디핀/[M093499]아토르바스타틴칼슘/[M100608]말레인산암로디핀/[M100610]캄실산암로디핀/[M101934]암로디핀/[M102166]메실산암로디핀일수화물/[M102534]암로디핀오로트산염/[M213543]무수아토르바스타틴칼슘/[M215219]아토르바스타틴칼슘삼수화물/[M218956]아토르바스타틴삼수화물/[M222875]암로디핀베실산염/[M244955]아토르바스타틴스트론튬/[M246033]암로디핀캄실산염/[M247057]아토르바스타틴칼슘염무수물/[M250821]암로디핀아디핀산염/[M250983]암로디핀말레산염/[M251079]암로디핀니코틴산염/[M251687]아토르바스타틴칼슘/[M254832]암로디핀메실산염일수화물/[M256664]아토르바스타틴칼슘수화물/[M257408]암로디핀아디프산염/[M263837]아토르바스타틴,복합,[D000152]Amlodipine(암로디핀),-,횡문근융해증을포함한근육병증위험가능,-,Atorvastatin,D000455,D001362,글레카프레비르,Glecaprevir,[A001652]글레카프레비르/[A003331]피브렌타스비르/[M267076]피브렌타스비르/[M267082]글레카프레비르
[I002674]올메사르탄메독소밀/[M095744]로수바스타틴칼슘/[M102509]올메사탄메독소밀/[M253843]올메사탄실렉세틸/[M256141]올메사탄실렉세틸/[M257074]올메사르탄메독소밀/[M258559]로수바스타틴칼슘염/[M270546]로수바스타틴칼슘(미분화),복합,[D000972]Olmesartan(올메사르탄),-,횡문근융해증을포함한근육관련이상반응보고,-,Rosuvastatin,D000219,D000619,푸시딘산,FusidicAcid,[M020165]푸시딘산나트륨/[M020229]푸시딘산
[A110225]빅테그라비르/[M118368]테노포비르알라페나미드푸마르산염/[M250026]엠트리시타빈/[M268156]빅테그라비르나트륨/[M279141]테노포비르알라페나미드숙신산염/[M279170]테노포비르알라페나미드헤미말산염,복합,[D000665]Emtricitabine(엠트리시타빈)/[D001420]Tenofoviralafenamide(테노포비르알라페나미드),-,라미부딘이엠트리시타빈의세포내인산화를저해할수도있음|동일한역전사효소유전자(M184V)변이를통해바이러스내성기전이일어나므로|병용시치료효과가제한적일수있음,-,Bictegravir,D001419,D000615,라미부딘,Lamivudine,[M082858]지도부딘/[M086332]라미부딘
[A000633]수산화마그네슘/[M040306]수산화마그네슘/[M092321]에스오메프라졸마그네슘삼수화물/[M100498]에스오메프라졸나트륨/[M221042]에스오메프라졸스트론튬사수화물/[M242227]에스오메프라졸마그네슘이수화물/[M249554]에스오메프라졸/[M259375]에스오메프라졸마그네슘이수화물/[M262063]에스오메프라졸마그네슘과립,복합,[D001514]Magnesiumhydroxide(수산화마그네슘),-,위장pH의증가로릴피비린의흡수가저하되어릴피비린의치료효과감소,-,Esomeprazole,D000153,D000225,릴피비린,Rilpivirine,[A005225]릴피비린/[M253921]릴피비린염산염
[M249412]드로네다론염산염,단일,-,-,Dronedarone노출량증가,-,Dronedarone,D000201,D000769,케토코나졸,Ketoconazole,[M080618]케토코나졸
[A000633]수산화마그네슘/[M040306]수산화마그네슘/[M092321]에스오메프라졸마그네슘삼수화물/[M100498]에스오메프라졸나트륨/[M221042]에스오메프라졸스트론튬사수화물/[M242227]에스오메프라졸마그네슘이수화물/[M249554]에스오메프라졸/[M259375]에스오메프라졸마그네슘이수화물/[M262063]에스오메프라졸마그네슘과립,복합,[D001514]Magnesiumhydroxide(수산화마그네슘),-,아타자나비르의혈중농도감소,-,Esomeprazole,D000153,D000150,아타자나비르,Atazanavir,[M249264]아타자나비어황산염/[M256270]코비시스타트이산화규소/[M263079]아타자나비르황산염
[M090403]발사르탄/[M102119]피타바스타틴칼슘/[M259724]피타바스타틸칼슘,복합,[D000011]Valsartan(발사르탄),-,근육통|근육약화|근염|때때로횡문근변성을포함한근육독성촉진가능,-,Pitavastatin,D000518,D000334,사이클로스포린,Cyclosporine,[A005971]시클로스포린/[M040068]마이크로에멀젼용시클로스포린/[M085282]사이클로스포린/[M085565]시클로스포린
[I004369]아토르바스타틴칼슘수화물/[M083437]베실산암로디핀/[M089055]칸데사르탄실렉세틸/[M093499]아토르바스타틴칼슘/[M100608]말레인산암로디핀/[M100610]캄실산암로디핀/[M101934]암로디핀/[M102166]메실산암로디핀일수화물/[M102534]암로디핀오로트산염/[M213543]무수아토르바스타틴칼슘/[M215219]아토르바스타틴칼슘삼수화물/[M218956]아토르바스타틴삼수화물/[M222875]암로디핀베실산염/[M244955]아토르바스타틴스트론튬/[M246033]암로디핀캄실산염/[M247057]아토르바스타틴칼슘염무수물/[M250821]암로디핀아디핀산염/[M250983]암로디핀말레산염/[M251079]암로디핀니코틴산염/[M251687]아토르바스타틴칼슘/[M254832]암로디핀메실산염일수화물/[M256664]아토르바스타틴칼슘수화물/[M257408]암로디핀아디프산염/[M263837]아토르바스타틴,복합,[D000152]Amlodipine(암로디핀)/[D000273]Candesartancilexetil(칸데사르탄실렉세틸),-,근육병증|횡문근융해위험증가가능,-,Atorvastatin,D000455,D000762,이트라코나졸,Itraconazole,[M083733]이트라코나졸제피과립/[M083734]이트라코나졸/[M092870]이트라코나졸고체분산체/[M201487]이트라코나졸고체분산/[M201624]제피이트라코나졸과립
[I004369]아토르바스타틴칼슘수화물/[M093499]아토르바스타틴칼슘/[M213543]무수아토르바스타틴칼슘/[M215219]아토르바스타틴칼슘삼수화물/[M218956]아토르바스타틴삼수화물/[M244955]아토르바스타틴스트론튬/[M247057]아토르바스타틴칼슘염무수물/[M251687]아토르바스타틴칼슘/[M256664]아토르바스타틴칼슘수화물/[M258703]피마사르탄칼륨삼수화물/[M263837]아토르바스타틴/[M264048]피마사르탄칼륨삼수화물과립,복합,[D000624]Fimasartan(피마사르탄),-,횡문근융해와같은중증의근육이상보고,-,Atorvastatin,D000455,D000619,푸시딘산,FusidicAcid,[M020165]푸시딘산나트륨/[M020229]푸시딘산
[M089710]심바스타틴/[M097492]에제티미브,복합,[D000350]Ezetimibe(에제티미브),-,근병증의위험증가가능,-,Simvastatin,D000027,D000673,코비시스타트,Cobicistat,[M256270]코비시스타트이산화규소/[M258751]다루나비르에탄올레이트
[M090395]텔미사르탄/[M095744]로수바스타틴칼슘/[M097492]에제티미브/[M258559]로수바스타틴칼슘염/[M264500]텔미사르탄파우더(23.9%)/[M270546]로수바스타틴칼슘(미분화),복합,[D000350]Ezetimibe(에제티미브)/[D000485]Telmisartan(텔미사르탄),-,횡문근융해증을포함한근육병증위험증가가능,-,Rosuvastatin,D000219,D001072,레디파스비르,Ledipasvir,[I012701]소포스부비르/[I012702]레디파스비르/[M260784]소포스부비어/[M262752]소포스부비르/[M262910]레디파스비르
[M083437]베실산암로디핀/[M090395]텔미사르탄/[M095744]로수바스타틴칼슘/[M100608]말레인산암로디핀/[M100610]캄실산암로디핀/[M101934]암로디핀/[M102166]메실산암로디핀일수화물/[M102534]암로디핀오로트산염/[M222875]암로디핀베실산염/[M246033]암로디핀캄실산염/[M250821]암로디핀아디핀산염/[M250983]암로디핀말레산염/[M251079]암로디핀니코틴산염/[M254832]암로디핀메실산염일수화물/[M257408]암로디핀아디프산염/[M258559]로수바스타틴칼슘염/[M264500]텔미사르탄파우더(23.9%)/[M270546]로수바스타틴칼슘(미분화),복합,[D000152]Amlodipine(암로디핀)/[D000485]Telmisartan(텔미사르탄),-,횡문근융해증을포함한근육병증위험증가가능,-,Rosuvastatin,D000219,D001072,레디파스비르,Ledipasvir,[I012701]소포스부비르/[I012702]레디파스비르/[M260784]소포스부비어/[M262752]소포스부비르/[M262910]레디파스비르
[M090403]발사르탄/[M095744]로수바스타틴칼슘/[M258559]로수바스타틴칼슘염/[M270546]로수바스타틴칼슘(미분화),복합,[D000011]Valsartan(발사르탄),-,횡문근융해증을포함한근육병증위험증가가능,-,Rosuvastatin,D000219,D001072,레디파스비르,Ledipasvir,[I012701]소포스부비르/[I012702]레디파스비르/[M260784]소포스부비어/[M262752]소포스부비르/[M262910]레디파스비르
[M083697]오메프라졸장용성과립/[M083698]오메프라졸/[M089720]오메프라졸나트륨/[M201348]오메프라졸장용과립,단일,-,-,아타자나비르의혈중농도감소,-,Omeprazole,D000469,D000150,아타자나비르,Atazanavir,[M249264]아타자나비어황산염/[M256270]코비시스타트이산화규소/[M263079]아타자나비르황산염
[A110831]피네레논,단일,-,-,Finerenone혈중농도의현저한감소및치료효과감소가예상됨.,-,Finerenone,D001743,D000447,세인트존스워트,St.JohnsWort,[M220509]세인트존스워트/[M248295]세인트존스워트80%메탄올엑스/[M255952]세인트존스워트50%에탄올엑스/[M256845]세인트존스워트틴크D2/[M258013]세인트존스워트80%메탄올건조엑스
[M281233]롤라티닙,단일,-,-,Pimozide의혈중농도가감소될수있음.,-,Lorlatinib,D001697,D000213,피모짓,Pimozide,[M071691]피모짓
[M083733]이트라코나졸제피과립/[M083734]이트라코나졸/[M092870]이트라코나졸고체분산체/[M201487]이트라코나졸고체분산/[M201624]제피이트라코나졸과립,단일,-,-,-PR|QTc및/또는QRS심전도간격연장|심부정맥같은Eliglustat관련약물이상반응발생위험이증가함,-,Itraconazole,D000762,D001580,엘리글루스타트,Eliglustat,[A000848]엘리글루스타트
[I004369]아토르바스타틴칼슘수화물/[M093499]아토르바스타틴칼슘/[M201260]염산메트포민/[M213543]무수아토르바스타틴칼슘/[M214651]염산메트포르민/[M215219]아토르바스타틴칼슘삼수화물/[M218956]아토르바스타틴삼수화물/[M223014]메트포르민염산염/[M244179]메트포르민염산염/[M244955]아토르바스타틴스트론튬/[M247057]아토르바스타틴칼슘염무수물/[M251687]아토르바스타틴칼슘/[M255741]메트포르민아세트산염/[M256664]아토르바스타틴칼슘수화물/[M263837]아토르바스타틴/[M263864]메트포르민/[M266682]메트포르민염산염콜로이드성이산화규소,복합,[D000718]Metformin(메트포르민),-,근육병증|횡문근융해위험증가가능,-,Atorvastatin,D000455,D000334,사이클로스포린,Cyclosporine,[A005971]시클로스포린/[M040068]마이크로에멀젼용시클로스포린/[M085282]사이클로스포린/[M085565]시클로스포린
[I005813]보리코나졸/[M102252]보리코나졸,단일,-,-,-Venetoclax의혈장농도및종양용해증후군위험증가가능,만성림프구성백혈병환자에서치료시작시와용량증량기간동안병용금기,Voriconazole,D000443,D001609,베네토클락스,Venetoclax,[A110514]베네토클락스
[C040631]탄산수소나트륨/[C096332]탄산수소나트륨수용액/[I003757]탄산수소나트륨/[M040631]탄산수소나트륨/[M089852]라베프라졸나트륨/[M091817]중탄산수소나트륨/[M096332]탄산수소나트륨수용액/[M104138]포화탄산수소나트륨/[M104658]5%탄산수소나트륨/[M206247]무균탄산수소나트륨/[M206711]탄산수소나트륨(중조)/[M207094]탄산수소나트륨/[M215774]5%탄산수소나트륨수용액/[M230823]탄산수소나트륨액/[M250011]탄산수소나트륨주사액/[M253779]탄산수소나트륨(제3법),복합,[D001148]sodiumbicarbonate(탄산수소나트륨),-,아타자나비르의혈중농도감소,-,Rabeprazole,D000204,D000150,아타자나비르,Atazanavir,[M249264]아타자나비어황산염/[M263079]아타자나비르황산염
[M281233]롤라티닙,단일,-,-,Alfentanil의혈중농도가감소될수있음.,-,Lorlatinib,D001697,D000875,알펜타닐,Alfentanil,[M103361]알펜타닐/[M221096]염산알펜타닐/[M247958]알펜타닐염산염/[M261077]알펜타닐염산염
[M083437]베실산암로디핀/[M089710]심바스타틴/[M100608]말레인산암로디핀/[M100610]캄실산암로디핀/[M101934]암로디핀/[M102166]메실산암로디핀일수화물/[M102534]암로디핀오로트산염/[M222875]암로디핀베실산염/[M246033]암로디핀캄실산염/[M250821]암로디핀아디핀산염/[M250983]암로디핀말레산염/[M251079]암로디핀니코틴산염/[M254832]암로디핀메실산염일수화물/[M257408]암로디핀아디프산염,복합,[D000152]Amlodipine(암로디핀),-,근병증의위험증가가능,-,Simvastatin,D000027,D001362,글레카프레비르,Glecaprevir,[A001652]글레카프레비르/[A003331]피브렌타스비르/[M267076]피브렌타스비르/[M267082]글레카프레비르
[M090395]텔미사르탄/[M095744]로수바스타틴칼슘/[M258559]로수바스타틴칼슘염/[M264500]텔미사르탄파우더(23.9%)/[M270546]로수바스타틴칼슘(미분화),복합,[D000485]Telmisartan(텔미사르탄),-,근육통|근육약화|근염|때때로횡문근변성을포함한근육독성촉진가능,-,Rosuvastatin,D000219,D000334,사이클로스포린,Cyclosporine,[A005971]시클로스포린/[M040068]마이크로에멀젼용시클로스포린/[M085282]사이클로스포린/[M085565]시클로스포린
[M040766]할로페리돌/[M089302]할로페리돌데카노에이트,단일,-,-,QT간격연장위험증가,-,Haloperidol,D000113,D000781,페르페나진,Perphenazine,[M091367]페르페나진/[M232514]페르페나진염산염
[A110831]피네레논,단일,-,-,Finerenone혈중농도의현저한감소및치료효과감소가예상됨.,-,Finerenone,D001743,D000476,카르바마제핀,Carbamazepine,[M040569]카르바마제핀/[M201734]카바마제핀
[M252262]바데나필염산염(미분화),단일,-,-,혈압강하작용증가,-,Vardenafil,D000434,D001722,이소소르비드일질산염,isosorbidemononitrate,[M110620]5-이소소르비드일질산염20%/[M110733]5-이소소르비드일질산염90%/[M110745]이소소르비드-5-모노니트레이트서방소립구/[M111493]이소소르비드-5-모노니트레이트몬탄글리콜왁스혼합물40%/[M113419]이소소르비드일질산염지속성펠렛/[M246194]이소소르비드-5-모노니트레이트90%/[M247000]이소소르비드-5-모노니트레이트/[M256917]이소소르비드일질산염90%/[M257095]이소소르비드일질산염/[M258776]묽은이소소르비드일질산염/[M270002]이소소르비드일질산염서방과립/[M270009]이소소르비드일질산염서방소립구
[M281233]롤라티닙,단일,-,-,Lorlatinib의혈중농도를감소시킬수있음.,-,Lorlatinib,D001697,D000595,페니토인,Phenytoin,[M051706]페니토인/[M051707]페니토인나트륨
[M255434]덱스란소프라졸,단일,-,-,아타자나비르의혈중농도감소,-,Dexlansoprazole,D000695,D000150,아타자나비르,Atazanavir,[M249264]아타자나비어황산염/[M256270]코비시스타트이산화규소/[M263079]아타자나비르황산염
[M252563]아바나필,단일,-,-,혈압강하작용증가,-,Avanafil,D000737,D001723,이소소르비드이질산염,isosorbidedinitrate,[M115499]이소소르비드질산염·염화나트륨/[M116023]이소소르비드질산염지속과립/[M250379]묽은이소소르비드이질산염/[M250785]이소소르비드질산염제피과립/[M256313]이소소르비드이질산염
[A001105]코바마미드/[M040335]염산시프로헵타딘/[M081195]오로트산시프로헵타딘/[M094432]시프로헵타딘/[M202216]DL-염산카르니틴/[M218567]L-메티오닌/[M222998]L-리신염산염/[M223093]시프로헵타딘염산염수화물/[M246203]DL-카르니틴염산염/[M254960]시프로헵타딘오로트산염수화물,복합,[D001618]L-LysineHydrochloride(L-리신염산염)/[D001752]Cobamamide(코바마미드)/[D000992]Carnitine(카르니틴),-,MAO저해제의효과를증가시킬수있음,-,Cyproheptadine,D000026,D000139,셀레길린염산염,SelegilineHydrochloride,[M222864]셀레길린염산염
[M083733]이트라코나졸제피과립/[M083734]이트라코나졸/[M092870]이트라코나졸고체분산체/[M201487]이트라코나졸고체분산/[M201624]제피이트라코나졸과립,단일,-,-,-Apixaban관련약물이상반응발생위험이증가함,-,Itraconazole,D000762,D001751,아픽사반,Apixaban,[A000759]아픽사반
[I005813]보리코나졸/[M102252]보리코나졸,단일,-,-,-QTc연장과매우드물게torsadedepointes가능,-,Voriconazole,D000443,D000571,이바브라딘,Ivabradine,[M245775]이바브라딘염산염
[M050116]나프록센/[M092321]에스오메프라졸마그네슘삼수화물/[M100498]에스오메프라졸나트륨/[M221042]에스오메프라졸스트론튬사수화물/[M242227]에스오메프라졸마그네슘이수화물/[M249554]에스오메프라졸/[M259375]에스오메프라졸마그네슘이수화물/[M262063]에스오메프라졸마그네슘과립,복합,[D000195]Naproxen(나프록센),-,아타자나비르의혈중농도감소,-,Esomeprazole,D000153,D000150,아타자나비르,Atazanavir,[M249264]아타자나비어황산염/[M256270]코비시스타트이산화규소/[M263079]아타자나비르황산염
[C040631]탄산수소나트륨/[C096332]탄산수소나트륨수용액/[I003757]탄산수소나트륨/[M040631]탄산수소나트륨/[M091817]중탄산수소나트륨/[M092321]에스오메프라졸마그네슘삼수화물/[M096332]탄산수소나트륨수용액/[M100498]에스오메프라졸나트륨/[M104138]포화탄산수소나트륨/[M104658]5%탄산수소나트륨/[M206247]무균탄산수소나트륨/[M206711]탄산수소나트륨(중조)/[M207094]탄산수소나트륨/[M215774]5%탄산수소나트륨수용액/[M221042]에스오메프라졸스트론튬사수화물/[M230823]탄산수소나트륨액/[M242227]에스오메프라졸마그네슘이수화물/[M249554]에스오메프라졸/[M250011]탄산수소나트륨주사액/[M253779]탄산수소나트륨(제3법)/[M259375]에스오메프라졸마그네슘이수화물/[M262063]에스오메프라졸마그네슘과립,복합,[D001148]sodiumbicarbonate(탄산수소나트륨),-,위장pH의증가로릴피비린의흡수가저하되어릴피비린의치료효과감소,경구,Esomeprazole,D000153,D000225,릴피비린,Rilpivirine,[A005225]릴피비린/[M253921]릴피비린염산염
[I005813]보리코나졸/[M102252]보리코나졸,단일,-,-,-Voriconazole의혈장농도를감소시켜항진균효과를상실시킬수있음,-,Voriconazole,D000443,D000712,리토나비르,Ritonavir,[M259362]리토나비르
[M051799]페노피브레이트/[M092604]미세화페노피브레이트/[M095127]페노피브레이트펠렛/[M096854]미세화페노피브레이트구형과립/[M099150]페노피브레이트펠렛타입/[M099756]미세화페노피브레이트혼합분말/[M102119]피타바스타틴칼슘/[M255612]페노피브릭산/[M256159]페노피브레이트콜린/[M257159]페노피브레이트과립(미분화)/[M259724]피타바스타틸칼슘/[M260738]페노피브레이트(미분화),복합,[D000686]Fenofibrate(페노피브레이트),-,신기능악화를수반하는횡문근융해증발현가능,-,Pitavastatin,D000518,D000334,사이클로스포린,Cyclosporine,[A005971]시클로스포린/[M040068]마이크로에멀젼용시클로스포린/[M085282]사이클로스포린/[M085565]시클로스포린
[I004369]아토르바스타틴칼슘수화물/[M093499]아토르바스타틴칼슘/[M201260]염산메트포민/[M213543]무수아토르바스타틴칼슘/[M214651]염산메트포르민/[M215219]아토르바스타틴칼슘삼수화물/[M218956]아토르바스타틴삼수화물/[M223014]메트포르민염산염/[M244179]메트포르민염산염/[M244955]아토르바스타틴스트론튬/[M247057]아토르바스타틴칼슘염무수물/[M251687]아토르바스타틴칼슘/[M255741]메트포르민아세트산염/[M256664]아토르바스타틴칼슘수화물/[M263837]아토르바스타틴/[M263864]메트포르민/[M266682]메트포르민염산염콜로이드성이산화규소,복합,[D000718]Metformin(메트포르민),-,근육병증|횡문근융해위험증가가능,-,Atorvastatin,D000455,D000769,케토코나졸,Ketoconazole,[M080618]케토코나졸
[M083714]염산티자니딘/[M248019]티자니딘염산염,단일,-,-,저혈압에의해졸음|현기증및정신운동능력감소,-,Tizanidine,D000187,D000142,시프로플록사신,Ciprofloxacin,[M082454]염산시프로프록사신/[M091139]시프로플록사신/[M095543]염산시프로플록사신/[M223091]시프로플록사신염산염수화물/[M242850]시프로플록사신염산염
[M089710]심바스타틴,단일,-,-,근육병증의위험증가가능,-,Simvastatin,D000027,D000619,푸시딘산,FusidicAcid,[M020165]푸시딘산나트륨/[M020229]푸시딘산
[M200593]미데카마이신아세테이트,단일,-,-,맥각독성(혈관경련|말단및기타조직허혈등)위험증가,-,Midecamycin,D000322,D000202,디히드로에르고타민,Dihydroergotamine,[M086240]디히드로에르고타민메실레이트
[M089710]심바스타틴/[M097492]에제티미브,복합,[D000027]Simvastatin(심바스타틴),-,근증/횡문근변성의위험성이증가,분류번호:[06140]|[06150]중경구제와주사제등전신제제에한함,Ezetimibe,D000350,D000256,에리트로마이신,Erythromycin,[M020095]에리스로마이신/[M020096]락토비온산에리스로마이신/[M020099]에리스로마이신에스톨레이트/[M020201]프로피온산에리스로마이신/[M223129]에리트로마이신/[M223130]에리트로마이신스테아르산염/[M223131]에리트로마이신에스톨산염/[M223132]에리트로마이신에틸숙시네이트/[M251863]에리트로마이신락토비온산염/[M256206]에리트로마이신장용피입자/[M257644]에리트로마이신스티노프레이트
[M102733]보센탄수화물,단일,-,-,보센탄의혈중농도증가,-,Bosentan,D000015,D000279,타크로리무스,Tacrolimus,[M089193]타크로리무스수화물/[M227652]타크로리무스수화물
[M050926]염산아만타딘/[M081897]황산아만타딘/[M258880]아만타딘황산염/[M263832]아만타딘,단일,-,-,QT간격연장,-,Amantadine,D000343,D000719,미졸라스틴,Mizolastine,[M089840]미졸라스틴
[M089148]아미설프리드,단일,-,-,길항작용,-,Amisulpride,D000030,D000620,프라미펙솔,Pramipexole,[M247162]프라미펙솔염산염일수화물/[M247307]프라미펙솔염산염
[M089148]아미설프리드,단일,-,-,길항작용,-,Amisulpride,D000030,D000541,브로모크립틴,Bromocriptine,[M084476]메실산브로모크립틴/[M099735]브로모크립틴메실레이트/[M223060]브로모크립틴메실산염
[M051464]케토프로펜/[M081361]케토프로펜리신,단일,-,-,신세뇨관에서Methotrexate배설이지연되어Methotrexate의혈액학적독성증가,methotrexate1週에15mg이상투여시,Ketoprofen,D000672,D000716,메토트렉세이트,Methotrexate,[M040168]메토트렉세이트
[M256381]포사코나졸(미분화),단일,-,-,맥각독성(혈관경련|말단및기타조직허혈등)위험증가,-,Posaconazole,D000405,D000747,에르고타민,Ergotamine,[M040398]주석산에르고타민/[M223126]에르고타민타르타르산염/[M223183]카페인무수물
[M258751]다루나비르에탄올레이트,단일,-,-,맥각독성(혈관경련|말단및기타조직허혈등)위험증가,-,Darunavir,D000395,D000747,에르고타민,Ergotamine,[M040398]주석산에르고타민/[M040579]카페인(함수)/[M040580]무수카페인/[M090611]카페인/[M223126]에르고타민타르타르산염/[M223183]카페인무수물/[M223184]카페인수화물/[M241017]무수물카페인
[M051614]트라넥삼산,단일,-,-,혈전형성,-,TranexamicAcid,D000590,D000777,트롬빈,Thrombin,[M040658]트롬빈/[M249811]농축사람항트롬빈III/[M254968]사람트롬빈
[M091378]메톨라존,단일,-,-,리튬독성증가,-,Metolazone,D000004,D000059,탄산리튬,LithiumCarbonate,[M040628]탄산리튬
[M214384]염산미로데나필/[M253534]미로데나필,단일,-,-,동일계열병용투여금기,-,Mirodenafil,D000128,D000569,유데나필,Udenafil,[M102602]유데나필
[M081571]염산클렌부테롤/[M222889]클렌부테롤염산염,단일,-,-,부정맥또는심정지,소생등의응급상황제외,Clenbuterol,D000477,D000082,노르에피네프린,Norepinephrine,[M091963]주석산수소노르에피네프린/[M252333]노르에피네프린타르타르산염수화물
[M092321]에스오메프라졸마그네슘삼수화물/[M100498]에스오메프라졸나트륨/[M221042]에스오메프라졸스트론튬사수화물/[M242227]에스오메프라졸마그네슘이수화물/[M249554]에스오메프라졸/[M259375]에스오메프라졸마그네슘이수화물/[M262063]에스오메프라졸마그네슘과립,단일,-,-,아타자나비르의혈중농도감소,-,Esomeprazole,D000153,D000150,아타자나비르,Atazanavir,[M249264]아타자나비어황산염/[M263079]아타자나비르황산염
[M040615]클로르탈리돈,단일,-,-,리튬독성증강,-,Chlorthalidone,D000377,D000059,탄산리튬,LithiumCarbonate,[M040628]탄산리튬
[M088434]미다졸람/[M222760]미다졸람,단일,-,-,진정작용의증가및연장|호흡저하판막심장병위험,-,Midazolam,D000007,D000003,넬피나비어,Nelfinavir,[M088546]메실산넬피나비어
[M215226]염산디에칠프로피온/[M230781]디에틸프로피온염산염,단일,-,-,판막심장병위험,-,Diethylpropion,D000505,D000701,펜디메트라진타르타르산염,Phendimetrazinetartrate,[M088437]주석산펜디메트라진/[M214394]주석산펜디메트라진/[M230784]펜디메트라진타르타르산염
[M092419]마진돌,단일,-,-,혈압상승위험유발,-,Mazindol,D000714,D000429,모클로베미드,Moclobemide,[M085249]모클로베미드
[M084154]플루코나졸,단일,-,-,맥각독성(혈관경련|말단및기타조직허혈),-,Fluconazole,D000517,D000202,디히드로에르고타민,Dihydroergotamine,[M086240]디히드로에르고타민메실레이트
[M258751]다루나비르에탄올레이트,단일,-,-,사지및기타조직의말초혈관경련및허혈로나타나는급성맥각중독과같은중대한그리고/또는생명을위협하는반응,-,Darunavir,D000395,D000202,디히드로에르고타민,Dihydroergotamine,[M086240]디히드로에르고타민메실레이트
[M083392]로바스타틴,단일,-,-,횡문근융해증/근육병증및이에수반되는급격한신기능악화,-,Lovastatin,D000419,D000626,로피나비르,Lopinavir,[M259361]로피나비르/[M259362]리토나비르
[A005259]아미오다론,단일,-,-,Torsadedepointes위험증가,-,Amiodarone,D000259,D000466,노르트립틸린,Nortriptyline,[M050132]염산노르트립틸린
[M088546]메실산넬피나비어,단일,-,-,횡문근융해증/근육병증및이에수반되는급격한신기능악화,-,Nelfinavir,D000003,D000419,로바스타틴,Lovastatin,[M083392]로바스타틴
[M081648]염산툴로부테롤/[M099457]툴로부테롤,단일,-,-,부정맥또는심정지,소생등의응급상황제외,Tulobuterol,D000185,D000560,에피네프린,Epinephrine,[M040421]에피네프린/[M040581]중주석산에피네프린/[M094252]주석산에피네프린/[M251244]에피네프린타르타르산염
[M020072]스피라마이신,단일,-,-,심실운동특히Torsadedepointes에대한위험증가,-,Spiramycin,D000338,D000719,미졸라스틴,Mizolastine,[M089840]미졸라스틴
[M088675]에파비렌즈,단일,-,-,맥각독성(혈관경련|말단및기타조직허혈등)위험증가,-,Efavirenz,D000558,D000747,에르고타민,Ergotamine,[M040398]주석산에르고타민/[M040579]카페인(함수)/[M040580]무수카페인/[M090611]카페인/[M223126]에르고타민타르타르산염/[M223183]카페인무수물/[M223184]카페인수화물/[M241017]무수물카페인
[M200593]미데카마이신아세테이트,단일,-,-,맥각독성(혈관경련|말단및기타조직허혈등)위험증가,-,Midecamycin,D000322,D000747,에르고타민,Ergotamine,[M040398]주석산에르고타민/[M040579]카페인(함수)/[M040580]무수카페인/[M090611]카페인/[M223126]에르고타민타르타르산염/[M223183]카페인무수물/[M223184]카페인수화물/[M241017]무수물카페인
[M099438]글리클라짓/[M222831]글리클라지드/[M258015]글리크라짓,단일,-,-,저혈당또는혼수,-,Gliclazide,D000600,D000324,미코나졸,Miconazole,[M050517]질산미코나졸/[M223037]미코나졸질산염
[M252262]바데나필염산염(미분화),단일,-,-,동일계열병용투여금기,-,Vardenafil,D000434,D000569,유데나필,Udenafil,[M102602]유데나필
[M089346]구연산실데나필/[M252789]실데나필시트르산염/[M253237]실데나필,단일,-,-,동일계열병용투여금기,-,Sildenafil,D000246,D000128,미로데나필,Mirodenafil,[M214384]염산미로데나필/[M253534]미로데나필
[M245211]다폭세틴염산염/[M245237]다폭세틴염산염,단일,-,-,세로토닌성증후군(고혈압|고열|간대성근경련|정신상태변화등),-,Dapoxetine,D000084,D000139,셀레길린염산염,SelegilineHydrochloride,[M222864]셀레길린염산염
[M051699]브롬화수소산페노테롤/[M222898]페노테롤브롬화수소산염,단일,-,-,부정맥또는심정지,소생등의응급상황제외,Fenoterol,D000070,D000082,노르에피네프린,Norepinephrine,[M091963]주석산수소노르에피네프린/[M252333]노르에피네프린타르타르산염수화물
[M252241]알모트립탄말산염,단일,-,-,상가적인혈관수축반응|혈압상승,-,Almotriptan,D000745,D000747,에르고타민,Ergotamine,[M040398]주석산에르고타민/[M040579]카페인(함수)/[M040580]무수카페인/[M090611]카페인/[M223126]에르고타민타르타르산염/[M223183]카페인무수물/[M223184]카페인수화물/[M241017]무수물카페인
[M082061]퀴누프라민,단일,-,-,혈압변동의위험,-,Quinupramine,D000811,D000429,모클로베미드,Moclobemide,[M085249]모클로베미드
[M088437]주석산펜디메트라진/[M214394]주석산펜디메트라진/[M230784]펜디메트라진타르타르산염,단일,-,-,혈압상승위험,-,Phendimetrazinetartrate,D000701,D000139,셀레길린염산염,SelegilineHydrochloride,[M222864]셀레길린염산염
[M215226]염산디에칠프로피온/[M230781]디에틸프로피온염산염,단일,-,-,고혈압위기유발,-,Diethylpropion,D000505,D000429,모클로베미드,Moclobemide,[M085249]모클로베미드
[M040398]주석산에르고타민/[M223126]에르고타민타르타르산염/[M223183]카페인무수물,복합,[D001266]AnhydrousCaffeine(카페인무수물),-,약리적상가작용에의해|혈압상승및맥각중독(에르고티즘)(말초혈관수축증가)의위험성을증가,24시간이내병용금기,Ergotamine,D000747,D000171,졸미트립탄,Zolmitriptan,[M090949]졸미트립탄
[M089365]말레인산로시글리타존/[M201260]염산메트포민/[M214651]염산메트포르민/[M223014]메트포르민염산염/[M237507]로시글리타존말레산염/[M244179]메트포르민염산염/[M255741]메트포르민아세트산염/[M263864]메트포르민/[M266682]메트포르민염산염콜로이드성이산화규소,복합,[D000002]RosiglitazoneMaleate(로시글리타존말레산염),-,기능적신부전에의해유산산성증촉진,48시간이내병용금기,Metformin,D000718,D000032,아이오다이즈드오일,IodisedOil,[M259322]아이오다이즈드오일(양귀비종자유래요오드화지방산에틸에스테르)
[M089365]말레인산로시글리타존/[M201260]염산메트포민/[M214651]염산메트포르민/[M223014]메트포르민염산염/[M237507]로시글리타존말레산염/[M244179]메트포르민염산염/[M255741]메트포르민아세트산염/[M263864]메트포르민/[M266682]메트포르민염산염콜로이드성이산화규소,복합,[D000002]RosiglitazoneMaleate(로시글리타존말레산염),-,기능적신부전에의해유산산성증촉진,48시간이내병용금기,Metformin,D000718,D000760,이오비트리돌,Iobitridol,[M086785]이오비트리돌
[M089365]말레인산로시글리타존/[M201260]염산메트포민/[M214651]염산메트포르민/[M223014]메트포르민염산염/[M237507]로시글리타존말레산염/[M244179]메트포르민염산염/[M255741]메트포르민아세트산염/[M263864]메트포르민/[M266682]메트포르민염산염콜로이드성이산화규소,복합,[D000002]RosiglitazoneMaleate(로시글리타존말레산염),-,기능적신부전에의해유산산성증촉진,48시간이내병용금기,Metformin,D000718,D000364,이오메프롤,Iomeprol,[M088268]이오메프롤
[M088546]메실산넬피나비어,단일,-,-,부정맥|혈액장애|경련등,-,Nelfinavir,D000003,D000259,아미오다론,Amiodarone,[A005259]아미오다론
[M102602]유데나필,단일,-,-,혈압강하작용증가,-,Udenafil,D000569,D000787,니트로푸루시드,Nitroprusside,[M234430]니트로푸루시드나트륨
[M102602]유데나필,단일,-,-,혈압강하작용증가,-,Udenafil,D000569,D000215,니트로글리세린,Nitroglycerin,[M088774]희석니트로글리세린/[M094010]5%니트로글리세린무수에탄올액/[M104103]희석된니트로글리세린/[M104323]희석된니트로글리세린(니트로글리세린2%유당)/[M214344]희석힌니트로글리세린용액/[M257143]묽은니트로글리세린
[M084703]케토롤락트로메타민/[M222885]케토롤락트로메타민염,단일,-,-,상가적인위장관궤양|출혈의위험,-,Ketorolac,D000274,D000766,잘토프로펜,Zaltoprofen,[M086829]잘토프로펜
[M085249]모클로베미드,단일,-,-,세로토닌성증후군(고혈압|고열|간대성근경련|정신상태변화등),-,Moclobemide,D000429,D000638,벤라팍신,Venlafaxine,[M088219]염산벤라팍신/[M091246]염산벤라팍신서방성과립/[M207949]염산벤라팍신펠렛/[M241528]벤라팍신염산염/[M241640]벤라팍신염산염서방성과립/[M241643]벤라팍신염산염서방과립/[M242800]벤라팍신염산염펠렛
[M070382]말레인산메칠에르고메트린/[M223020]메틸에르고메트린말레산염,단일,-,-,상가적인혈관수축반응|현저한혈압상승,-,Methylergometrine,D000228,D000171,졸미트립탄,Zolmitriptan,[M090949]졸미트립탄
[M020042]리팜피신,단일,-,-,isradipine의혈장농도저하,-,Rifampicin,D000314,D000164,이스라디핀,Isradipine,[M083934]이스라디핀
[M223307]프로카테롤염산염수화물/[M256192]프로카테롤염산염수화물(미분화),단일,-,-,부정맥또는심정지유도,소생등의위급상황제외,Procaterol,D000514,D000560,에피네프린,Epinephrine,[M040421]에피네프린/[M040581]중주석산에피네프린/[M094252]주석산에피네프린/[M251244]에피네프린타르타르산염
[M256545]옥트레오티드아세트산염,단일,-,-,bromocriptinemesylate혈중농도상승,-,Octreotide,D000755,D000541,브로모크립틴,Bromocriptine,[M084476]메실산브로모크립틴/[M099735]브로모크립틴메실레이트/[M223060]브로모크립틴메실산염
[M089893]니솔디핀,단일,-,-,nisoldipine의혈중농도상승,-,Nisoldipine,D000196,D000769,케토코나졸,Ketoconazole,[M080618]케토코나졸
[M085249]모클로베미드,단일,-,-,세로토닌작용에의한증후군(중추흥분|설사|빈맥|땀|진전|혼동|혼수등)야기,-,Moclobemide,D000429,D000773,트라마돌,Tramadol,[M080418]염산트라마돌/[M104509]염산트라마돌지속성제피과립/[M222893]트라마돌염산염/[M255410]트라마돌염산염
[M240052]메나테트레논,단일,-,-,warfarin의항응고효과감소,-,Menatetrenone,D000120,D000567,와파린,Warfarin,[M081434]와파린나트륨
[M084703]케토롤락트로메타민/[M222885]케토롤락트로메타민염,단일,-,-,상가적인위장관궤양|출혈의위험,-,Ketorolac,D000274,D000525,록소프로펜,Loxoprofen,[M085577]록소프로펜나트륨/[M222839]록소프로펜나트륨수화물/[M259736]록소푸로펜나트륨수화물
[M085561]이옥사글린산,단일,-,-,급성신부전,-,IoxaglicAcid,D000268,D000718,메트포르민,Metformin,[M201260]염산메트포민/[M214651]염산메트포르민/[M223014]메트포르민염산염/[M244179]메트포르민염산염/[M255741]메트포르민아세트산염/[M263864]메트포르민/[M266682]메트포르민염산염콜로이드성이산화규소
[M040420]염산에페드린/[M223155]에페드린염산염,단일,-,-,고혈압|빈맥유발,-,Ephedrine,D000155,D000139,셀레길린염산염,SelegilineHydrochloride,[M222864]셀레길린염산염
[M081571]염산클렌부테롤/[M222889]클렌부테롤염산염,단일,-,-,부정맥또는심정지,-,Clenbuterol,D000477,D000560,에피네프린,Epinephrine,[M040421]에피네프린/[M040581]중주석산에피네프린/[M094252]주석산에피네프린/[M251244]에피네프린타르타르산염
[M051534]클로르프로칙센,단일,-,-,혈압강하,-,Chlorprothixene,D000276,D000560,에피네프린,Epinephrine,[M040421]에피네프린/[M040581]중주석산에피네프린/[M094252]주석산에피네프린/[M251244]에피네프린타르타르산염
[M040618]염산클로르프로마진/[M223216]클로르프로마진염산염,단일,-,-,혈압강하,-,Chlorpromazine,D000584,D000560,에피네프린,Epinephrine,[M040421]에피네프린/[M040581]중주석산에피네프린/[M094252]주석산에피네프린/[M251244]에피네프린타르타르산염
[M081835]브롬페리돌,단일,-,-,혈압강하,-,Bromperidol,D000238,D000560,에피네프린,Epinephrine,[M040421]에피네프린/[M040581]중주석산에피네프린/[M094252]주석산에피네프린/[M251244]에피네프린타르타르산염
[M084703]케토롤락트로메타민/[M222885]케토롤락트로메타민염,단일,-,-,중증의위장관계이상반응,-,Ketorolac,D000274,D000672,케토프로펜,Ketoprofen,[M051464]케토프로펜/[M081361]케토프로펜리신
[M084703]케토롤락트로메타민/[M222885]케토롤락트로메타민염,단일,-,-,중증의위장관계이상반응,-,Ketorolac,D000274,D000452,아스피린,Aspirin,[M040355]아스피린/[M040356]아스피린알루미늄/[M071842]아스피린리신/[M081776]아스피린장용과립/[M082548]아스피린제피세립(아세틸살리실산제피세립)/[M084664]아스피린장용피입자/[M089224]주사용아스피린리신90%/[M246086]아스피린제피세립/[M253914]아스피린장용펠렛/[M264065]아스피린과립
[M089467]호박산수마트립탄/[M246956]수마트립탄숙신산염,단일,-,-,상가적인혈관수축반응|현저한혈압상승,-,Sumatriptan,D000650,D000171,졸미트립탄,Zolmitriptan,[M090949]졸미트립탄
[M223282]페티딘염산염/[M225648]염산페치딘,단일,-,-,아편계약물의효과증강.혼수|중증의호흡억제,-,Pethidine,D000700,D000139,셀레길린염산염,SelegilineHydrochloride,[M222864]셀레길린염산염
[M084703]케토롤락트로메타민/[M222885]케토롤락트로메타민염,단일,-,-,중증의위장관계이상반응,-,Ketorolac,D000274,D000298,디플루니살,Diflunisal,[M085412]디플루니살
[A005971]시클로스포린/[M040068]마이크로에멀젼용시클로스포린/[M085282]사이클로스포린/[M085565]시클로스포린,단일,-,-,신독성증가,48시간이내병용금기,Cyclosporine,D000334,D000279,타크로리무스,Tacrolimus,[M089193]타크로리무스수화물/[M227652]타크로리무스수화물
[M051699]브롬화수소산페노테롤/[M222898]페노테롤브롬화수소산염,단일,-,-,부정맥또는심정지유도,-,Fenoterol,D000070,D000560,에피네프린,Epinephrine,[M040421]에피네프린/[M040581]중주석산에피네프린/[M094252]주석산에피네프린/[M251244]에피네프린타르타르산염
[M020042]리팜피신,단일,-,-,nisoldipine의작용약화,-,Rifampicin,D000314,D000196,니솔디핀,Nisoldipine,[M089893]니솔디핀
[M020042]리팜피신,단일,-,-,nifedipine의혈장농도저하,-,Rifampicin,D000314,D000197,니페디핀,Nifedipine,[M050164]니페디핀/[M260164]니페디핀(미분화)
[A005320]멜팔란/[M200547]멜팔란,단일,-,-,출혈성궤양대장염과장괴사,-,Melphalan,D000320,D000783,날리딕스산,NalidixicAcid,[M040054]날리딕스산
[M084703]케토롤락트로메타민/[M222885]케토롤락트로메타민염,단일,-,-,상가적인위장관궤양|출혈의위험,-,Ketorolac,D000274,D000703,프라노프로펜,Pranoprofen,[M081426]프라노프로펜
[A000953]이오베르솔/[M088691]이오버솔/[M257716]이오베르솔/[M274167]조이오베르솔,단일,-,-,급성신부전,-,Ioversol,D000165,D000718,메트포르민,Metformin,[M201260]염산메트포민/[M214651]염산메트포르민/[M223014]메트포르민염산염/[M244179]메트포르민염산염/[M255741]메트포르민아세트산염/[M263864]메트포르민/[M266682]메트포르민염산염콜로이드성이산화규소
[M201704]초산플레카이니드/[M239215]플레카이니드아세테이트/[M257171]플레카이니드아세트산염,단일,-,-,심실성부정맥,-,FlecainideAcetate,D000212,D000719,미졸라스틴,Mizolastine,[M089840]미졸라스틴
[M040420]염산에페드린/[M223155]에페드린염산염,단일,-,-,부정맥또는심정지유도,-,Ephedrine,D000155,D000560,에피네프린,Epinephrine,[M040421]에피네프린/[M040581]중주석산에피네프린/[M094252]주석산에피네프린/[M251244]에피네프린타르타르산염
[M084703]케토롤락트로메타민/[M222885]케토롤락트로메타민염,단일,-,-,중증의위장관계이상반응,-,Ketorolac,D000274,D000363,이부프로펜,Ibuprofen,[M051259]이부프로펜/[M071015]이부프로펜리신/[M086772]이부프로펜제피세립/[M209277]이부프로펜아르기닌/[M246943]이부프로펜나트륨이수화물
[M020042]리팜피신,단일,-,-,혈중농도가저하되어보리코나졸의약물효과감소,-,Rifampicin,D000314,D000443,보리코나졸,Voriconazole,[I005813]보리코나졸/[M102252]보리코나졸
[M085249]모클로베미드,단일,-,-,세로토닌성증후군(고혈압|고열|간대성근경련|정신상태변화등),-,Moclobemide,D000429,D000353,파록세틴,Paroxetine,[M050607]염산파록세틴/[M102324]무수염산파록세틴/[M222896]파록세틴염산염수화물/[M234807]파록세틴염산염반수화물
[M223025]메틸페니데이트염산염,단일,-,-,고혈압성위기(현저한혈압상승),-,Methylphenidate,D000229,D000139,셀레길린염산염,SelegilineHydrochloride,[M222864]셀레길린염산염
[M070382]말레인산메칠에르고메트린/[M223020]메틸에르고메트린말레산염,단일,-,-,맥각독성(말초혈관경련|사지와기타조직의허혈|감각이상등)위험증가,-,Methylergometrine,D000228,D000712,리토나비르,Ritonavir,[M259362]리토나비르
[M088960]이오헥솔,단일,-,-,기능적신부전에의해유산산성증촉진,-,Iohexol,D000669,D000718,메트포르민,Metformin,[M201260]염산메트포민/[M214651]염산메트포르민/[M223014]메트포르민염산염/[M244179]메트포르민염산염/[M255741]메트포르민아세트산염/[M263864]메트포르민/[M266682]메트포르민염산염콜로이드성이산화규소
[M239870]인디나빌황산염,단일,-,-,혈중농도저하로항레트로바이러스약물효과감소,-,Indinavir,D000763,D000314,리팜피신,Rifampicin,[M020042]리팜피신
[M088658]플루복사민말레이트,단일,-,-,장기화된저혈압|졸음|현기증및정신운동능력감소,-,Fluvoxamine,D000800,D000187,티자니딘,Tizanidine,[M083714]염산티자니딘/[M248019]티자니딘염산염
[M050833]염산슈도에페드린/[M081720]황산슈도에페드린/[M203364]슈도에페드린염산염/[M222865]수도에페드린염산염/[M248579]수도에페드린황산염/[M256034]수도에페드린염산염과립/[M258826]수도에페드린,단일,-,-,고혈압|빈맥유발,-,Pseudoephedrine,D000448,D000429,모클로베미드,Moclobemide,[M085249]모클로베미드
[M089893]니솔디핀,단일,-,-,nisoldipine의혈중농도상승,-,Nisoldipine,D000196,D000762,이트라코나졸,Itraconazole,[M083733]이트라코나졸제피과립/[M083734]이트라코나졸/[M092870]이트라코나졸고체분산체/[M201487]이트라코나졸고체분산/[M201624]제피이트라코나졸과립
[M085249]모클로베미드,단일,-,-,경련|반사항진|이상고열|혼수등,-,Moclobemide,D000429,D000006,모르핀,Morphine,[M040182]염산모르핀/[M040184]황산모르핀/[M103284]모르핀/[M208615]황산모르핀/[M223034]모르핀황산염수화물/[M230907]모르핀염산염수화물
[M089710]심바스타틴/[M097492]에제티미브,복합,[D000027]Simvastatin(심바스타틴),-,근증/횡문근변성의위험성이증가,-,Ezetimibe,D000350,D000763,인디나빌,Indinavir,[M239870]인디나빌황산염
[M084703]케토롤락트로메타민/[M222885]케토롤락트로메타민염,단일,-,-,중증의위장관계이상반응,-,Ketorolac,D000274,D000031,아세메타신,Acemetacin,[M080670]아세메타신
[M086240]디히드로에르고타민메실레이트,단일,-,-,맥각독성(혈관경련|말단및기타조직허혈),-,Dihydroergotamine,D000202,D000373,클래리트로마이신,Clarithromycin,[M085725]클래리스로마이신/[M087123]클래리스로마이신코팅입자/[M102127]클래리스로마이신제피과립/[M222887]클래리트로마이신/[M223198]클래리트로마이신/[M245961]클래리트로마이신제피과립/[M256483]클래리트로마이신제피과립(42%)
[M051568]황산테르부탈린,단일,-,-,부정맥또는심정지유도,-,TerbutalineSulfate,D000521,D000560,에피네프린,Epinephrine,[M040421]에피네프린/[M040581]중주석산에피네프린/[M094252]주석산에피네프린/[M251244]에피네프린타르타르산염
[M089346]구연산실데나필/[M252789]실데나필시트르산염/[M253237]실데나필,단일,-,-,혈압강하작용증가,-,Sildenafil,D000246,D000215,니트로글리세린,Nitroglycerin,[M088774]희석니트로글리세린/[M094010]5%니트로글리세린무수에탄올액/[M104103]희석된니트로글리세린/[M104323]희석된니트로글리세린(니트로글리세린2%유당)/[M214344]희석힌니트로글리세린용액/[M257143]묽은니트로글리세린
[M083726]옥사토마이드,단일,-,-,항콜린작용증가,-,Oxatomide,D000261,D000656,아트로핀,Atropine,[M040370]황산아트로핀/[M084258]아트로핀/[M110023]아트로핀황산염/[M223111]아트로핀황산염수화물
[M084703]케토롤락트로메타민/[M222885]케토롤락트로메타민염,단일,-,-,중증의위장관계이상반응,-,Ketorolac,D000274,D000644,설린닥,Sulindac,[M050765]설린닥
[M084703]케토롤락트로메타민/[M222885]케토롤락트로메타민염,단일,-,-,중증의위장관계이상반응,-,Ketorolac,D000274,D000083,니메술리드,Nimesulide,[M082649]니메술리드
[M084703]케토롤락트로메타민/[M222885]케토롤락트로메타민염,단일,-,-,중증의위장관계이상반응,-,Ketorolac,D000274,D000575,인도메타신,Indometacin,[M040508]인도메타신
[M084703]케토롤락트로메타민/[M222885]케토롤락트로메타민염,단일,-,-,중증의위장관계이상반응,-,Ketorolac,D000274,D000675,클로닉신,Clonixin,[M080375]클로닉신리시네이트/[M100531]클로닉신리진/[M104025]클로닉신리시네이트/[M212258]클로닉신리신/[M259773]클로닉신리지네이트
[M102169]메실산시부트라민/[M210820]시부트라민/[M212922]황산시부트라민/[M214898]말산시부트라민/[M222137]말레인산시부트라민/[M241829]시부트라민말레산염,단일,-,-,세로토닌증후군(간대성근경련|진전|편무도병|조화운동불능|말더듬증고열|정신상태변화등)？,-,Sibutramine,D000141,D000701,펜디메트라진타르타르산염,Phendimetrazinetartrate,[M088437]주석산펜디메트라진/[M214394]주석산펜디메트라진/[M230784]펜디메트라진타르타르산염
[M085249]모클로베미드,단일,-,-,아편계약물의효과증강.혼수|중증의호흡억제,-,Moclobemide,D000429,D000700,페티딘,Pethidine,[M223282]페티딘염산염/[M225648]염산페치딘
[M214384]염산미로데나필/[M253534]미로데나필,단일,-,-,혈압강하작용증강,-,Mirodenafil,D000128,D000498,니코란딜,Nicorandil,[M081543]니코란딜
[M102169]메실산시부트라민/[M210820]시부트라민/[M212922]황산시부트라민/[M214898]말산시부트라민/[M222137]말레인산시부트라민/[M241829]시부트라민말레산염,단일,-,-,세로토닌증후군(간대성근경련|진전|편무도병|조화운동불능|말더듬증고열|정신상태변화등),-,Sibutramine,D000141,D000795,펜터민,Phentermine,[M099629]염산펜터민/[M219108]염산펜터민/[M238557]펜터민염산염
[M071691]피모짓,단일,-,-,QT간격연장,-,Pimozide,D000213,D000336,설트랄린,Sertraline,[M085340]염산설트랄린/[M251308]설트랄린염산염
[M071691]피모짓,단일,-,-,QT간격연장,-,Pimozide,D000213,D000800,플루복사민,Fluvoxamine,[M088658]플루복사민말레이트
[M252262]바데나필염산염(미분화),단일,-,-,혈압강하작용증강,-,Vardenafil,D000434,D000498,니코란딜,Nicorandil,[M081543]니코란딜
[M091963]주석산수소노르에피네프린/[M252333]노르에피네프린타르타르산염수화물,단일,-,-,심부정맥|경우에따라심정지,-,Norepinephrine,D000082,D000759,이소프로테레놀,Isoproterenol,[M223175]이소프로테레놀염산염
[M088889]레파글리니드,단일,-,-,혈당강하작용증강,-,Repaglinide,D000418,D000076,겜피브로질,Gemfibrozil,[M081453]겜피브로질
[M088434]미다졸람/[M222760]미다졸람,단일,-,-,진정작용의연장또는증가|호흡저하,-,Midazolam,D000007,D000712,리토나비르,Ritonavir,[M259362]리토나비르
[M071691]피모짓,단일,-,-,QT간격연장,-,Pimozide,D000213,D000035,에스시탈로프람,Escitalopram,[M234885]에스시탈로프람옥살산염/[M256262]에스시탈로프람
[M102169]메실산시부트라민/[M210820]시부트라민/[M212922]황산시부트라민/[M214898]말산시부트라민/[M222137]말레인산시부트라민/[M241829]시부트라민말레산염,단일,-,-,세로토닌증후군(간대성근경련|진전|편무도병|조화운동불능|말더듬증고열|정신상태변화등),-,Sibutramine,D000141,D000505,디에틸프로피온,Diethylpropion,[M215226]염산디에칠프로피온/[M230781]디에틸프로피온염산염
[M086240]디히드로에르고타민메실레이트,단일,-,-,혈압상승및맥각독성(말초혈관수축증가)의위험성증가,-,Dihydroergotamine,D000202,D000407,프로바트립탄,Frovatriptan,[M246494]프로바트립탄숙신산염일수화물
[M245211]다폭세틴염산염/[M245237]다폭세틴염산염,단일,-,-,세로토닌성증후군(고혈압|고열|간대성근경련|정신상태변화등),-,Dapoxetine,D000084,D000650,수마트립탄,Sumatriptan,[M089467]호박산수마트립탄/[M246956]수마트립탄숙신산염
[I006713]티아프로펜산트로메타몰/[M082380]트로메타몰티아프로페닌산/[M092522]트로메타몰티아프로페닌산,단일,-,-,신세뇨관에서Methotrexate배설이지연되어Methotrexate의혈액학적독성증가,methotrexate1週에15mg이상투여시,Trometamol,D000806,D000716,메토트렉세이트,Methotrexate,[M040168]메토트렉세이트
[M249264]아타자나비어황산염/[M263079]아타자나비르황산염,단일,-,-,골수기능억제|설사등부작용증강,-,Atazanavir,D000150,D000161,이리노테칸,Irinotecan,[M090705]염산이리노테칸/[M234818]이리노테칸염산염
[M020046]염산메타사이클린,단일,-,-,두개내고혈압,-,Methacycline,D000158,D000019,아시트레틴,Acitretin,[M086538]분무건조아시트레틴25%
[M020001]황산겐타마이신/[M202821]겐타마이신황산염,단일,-,-,신독성및청각독성증강,-,Gentamicin,D000075,D000798,푸로세미드,Furosemide,[M040715]푸로세미드
[M071788]헤모코아귤라제/[M100530]헤모코아귤라제액,단일,-,-,혈전형성,-,Hemocoagulase,D000520,D000777,트롬빈,Thrombin,[M040658]트롬빈/[M249811]농축사람항트롬빈III/[M254968]사람트롬빈
[M081388]아미노카프론산,단일,-,-,혈전형성,-,AminocaproicAcid,D000029,D000777,트롬빈,Thrombin,[M040658]트롬빈/[M249811]농축사람항트롬빈III/[M254968]사람트롬빈
[M252262]바데나필염산염(미분화),단일,-,-,동일계열병용투여금기,-,Vardenafil,D000434,D000181,타다라필,Tadalafil,[M095435]타다라필
[M214384]염산미로데나필/[M253534]미로데나필,단일,-,-,동일계열병용투여금기,-,Mirodenafil,D000128,D000434,바데나필,Vardenafil,[M252262]바데나필염산염(미분화)
[M081648]염산툴로부테롤/[M099457]툴로부테롤,단일,-,-,부정맥또는심정지,소생등의응급상황제외,Tulobuterol,D000185,D000082,노르에피네프린,Norepinephrine,[M091963]주석산수소노르에피네프린/[M252333]노르에피네프린타르타르산염수화물
[M102169]메실산시부트라민/[M210820]시부트라민/[M212922]황산시부트라민/[M214898]말산시부트라민/[M222137]말레인산시부트라민/[M241829]시부트라민말레산염,단일,-,-,세로토닌증후군(간대성근경련|진전|편무도병|조화운동불능|말더듬증고열|정신상태변화등),-,Sibutramine,D000141,D000714,마진돌,Mazindol,[M092419]마진돌
[M050468]염산메톡시페나민/[M253687]메톡시페나민염산염,단일,-,-,부정맥또는심정지,소생등의응급상황제외,Methoxyphenamine,D000125,D000082,노르에피네프린,Norepinephrine,[M091963]주석산수소노르에피네프린/[M252333]노르에피네프린타르타르산염수화물
[M245211]다폭세틴염산염/[M245237]다폭세틴염산염,단일,-,-,다폭세틴농도상승,-,Dapoxetine,D000084,D000003,넬피나비어,Nelfinavir,[M088546]메실산넬피나비어
[A005386]판토프라졸,단일,-,-,아타자나비르의혈중농도감소,-,Pantoprazole,D000386,D000150,아타자나비르,Atazanavir,[M249264]아타자나비어황산염/[M263079]아타자나비르황산염
[M102535]레바프라잔/[M261872]레바프라잔염산염,단일,-,-,아타자나비르의혈중농도감소,-,Revaprazan,D000301,D000150,아타자나비르,Atazanavir,[M249264]아타자나비어황산염/[M263079]아타자나비르황산염
[M086240]디히드로에르고타민메실레이트,단일,-,-,맥각독성(혈관경련|말단및기타조직허혈등)위험증가,-,Dihydroergotamine,D000202,D000742,아지트로마이신,Azithromycin,[M085338]아지스로마이신/[M222871]아지트로마이신/[M250781]아지트로마이신수화물
[M086240]디히드로에르고타민메실레이트,단일,-,-,맥각독성(혈관경련|말단및기타조직허혈등)위험증가,-,Dihydroergotamine,D000202,D000405,포사코나졸,Posaconazole,[M256381]포사코나졸(미분화)
[M086240]디히드로에르고타민메실레이트,단일,-,-,맥각독성(혈관경련|말단및기타조직허혈등)위험증가,-,Dihydroergotamine,D000202,D000626,로피나비르,Lopinavir,[M259361]로피나비르/[M259362]리토나비르
[M040398]주석산에르고타민/[M223126]에르고타민타르타르산염/[M223183]카페인무수물,복합,[D001266]AnhydrousCaffeine(카페인무수물),-,맥각독성(혈관경련|말단및기타조직허혈),-,Ergotamine,D000747,D000373,클래리트로마이신,Clarithromycin,[M085725]클래리스로마이신/[M087123]클래리스로마이신코팅입자/[M102127]클래리스로마이신제피과립/[M222887]클래리트로마이신/[M223198]클래리트로마이신/[M245961]클래리트로마이신제피과립/[M256483]클래리트로마이신제피과립(42%)
[M239870]인디나빌황산염,단일,-,-,부정맥|혈액장애|경련등,-,Indinavir,D000763,D000259,아미오다론,Amiodarone,[A005259]아미오다론
[M020095]에리스로마이신/[M020096]락토비온산에리스로마이신/[M020099]에리스로마이신에스톨레이트/[M020201]프로피온산에리스로마이신/[M223129]에리트로마이신/[M223130]에리트로마이신스테아르산염/[M223131]에리트로마이신에스톨산염/[M223132]에리트로마이신에틸숙시네이트/[M251863]에리트로마이신락토비온산염/[M256206]에리트로마이신장용피입자/[M257644]에리트로마이신스티노프레이트,단일,-,-,횡문근융해증/근육병증및이에수반되는급격한신기능악화,-,Erythromycin,D000256,D000419,로바스타틴,Lovastatin,[M083392]로바스타틴
[M089148]아미설프리드,단일,-,-,심실성부정맥(특히torsadesdepointes),-,Amisulpride,D000030,D000259,아미오다론,Amiodarone,[A005259]아미오다론
[M099629]염산펜터민/[M219108]염산펜터민/[M238557]펜터민염산염,단일,-,-,혈압상승위험,-,Phentermine,D000795,D000429,모클로베미드,Moclobemide,[M085249]모클로베미드
[M239870]인디나빌황산염,단일,-,-,횡문근융해증/근육병증및이에수반되는급격한신기능악화,-,Indinavir,D000763,D000419,로바스타틴,Lovastatin,[M083392]로바스타틴
[M085338]아지스로마이신/[M222871]아지트로마이신/[M250781]아지트로마이신수화물,단일,-,-,맥각독성(혈관경련|말단및기타조직허혈등)위험증가,-,Azithromycin,D000742,D000747,에르고타민,Ergotamine,[M040398]주석산에르고타민/[M040579]카페인(함수)/[M040580]무수카페인/[M090611]카페인/[M223126]에르고타민타르타르산염/[M223183]카페인무수물/[M223184]카페인수화물/[M241017]무수물카페인
[M214384]염산미로데나필/[M253534]미로데나필,단일,-,-,동일계열병용투여금기,-,Mirodenafil,D000128,D000181,타다라필,Tadalafil,[M095435]타다라필
[M089346]구연산실데나필/[M252789]실데나필시트르산염/[M253237]실데나필,단일,-,-,동일계열병용투여금기,-,Sildenafil,D000246,D000434,바데나필,Vardenafil,[M252262]바데나필염산염(미분화)
[M089346]구연산실데나필/[M252789]실데나필시트르산염/[M253237]실데나필,단일,-,-,동일계열병용투여금기,-,Sildenafil,D000246,D000569,유데나필,Udenafil,[M102602]유데나필
[M089346]구연산실데나필/[M252789]실데나필시트르산염/[M253237]실데나필,단일,-,-,동일계열병용투여금기,-,Sildenafil,D000246,D000181,타다라필,Tadalafil,[M095435]타다라필
[M223307]프로카테롤염산염수화물/[M256192]프로카테롤염산염수화물(미분화),단일,-,-,부정맥또는심정지,소생등의응급상황제외,Procaterol,D000514,D000082,노르에피네프린,Norepinephrine,[M091963]주석산수소노르에피네프린/[M252333]노르에피네프린타르타르산염수화물
[M086240]디히드로에르고타민메실레이트,단일,-,-,맥각독성(혈관경련|말단및기타조직허혈등)위험증가,-,Dihydroergotamine,D000202,D000747,에르고타민,Ergotamine,[M040398]주석산에르고타민/[M040579]카페인(함수)/[M040580]무수카페인/[M090611]카페인/[M223126]에르고타민타르타르산염/[M223183]카페인무수물/[M223184]카페인수화물/[M241017]무수물카페인
[M040398]주석산에르고타민/[M223126]에르고타민타르타르산염/[M223183]카페인무수물,복합,[D001266]AnhydrousCaffeine(카페인무수물),-,맥각독성(혈관경련|말단및기타조직허혈),-,Ergotamine,D000747,D000628,록시트로마이신,Roxithromycin,[M082720]록시스로마이신/[M104917]록시스로마이신제피세립/[M222840]록시트로마이신/[M222994]록시트로마이신/[M243529]제피된록시트로마이신
[M252262]바데나필염산염(미분화),단일,-,-,혈압강하작용증가,-,Vardenafil,D000434,D000787,니트로푸루시드,Nitroprusside,[M234430]니트로푸루시드나트륨
[M101796]아데포비어디피복실,단일,-,-,양쪽약물모두혈장농도상승가능,-,Adefovirdipivoxil,D000028,D000665,엠트리시타빈,Emtricitabine,[A001163]테노포비르/[M250026]엠트리시타빈
[A005259]아미오다론,단일,-,-,Torsadedepointes위험증가,-,Amiodarone,D000259,D000319,돌라세트론,Dolasetron,[M102047]메실산돌라세트론
[A005259]아미오다론,단일,-,-,Torsadedepointes위험증가,-,Amiodarone,D000259,D000201,드로네다론,Dronedarone,[M249412]드로네다론염산염
[M040355]아스피린/[M040356]아스피린알루미늄/[M050305]디피리다몰/[M071842]아스피린리신/[M081776]아스피린장용과립/[M082548]아스피린제피세립(아세틸살리실산제피세립)/[M084664]아스피린장용피입자/[M089224]주사용아스피린리신90%/[M246086]아스피린제피세립/[M253914]아스피린장용펠렛/[M264065]아스피린과립,복합,[D000452]Aspirin(아스피린),-,메토트렉세이트의혈액학적독성증가,-,Dipyridamole,D000091,D000716,메토트렉세이트,Methotrexate,[M040168]메토트렉세이트
[M051190]요오드화옥사피움(요오드화사이크로니움),단일,-,-,131I섭취율저하,1주이내병용금기,OxapiumIodide,D000045,D000568,요오드화나트륨(131I),SodiumIodide(131I),[M094481]요오드화나트륨(131I)액/[M201433]요오드화나트륨(131I)/[M222550]방사성요오드화나트륨(131I)액
[M040398]주석산에르고타민/[M223126]에르고타민타르타르산염/[M223183]카페인무수물,복합,[D001266]AnhydrousCaffeine(카페인무수물),-,맥각독성(혈관경련|말단및기타조직허혈),-,Ergotamine,D000747,D000626,로피나비르,Lopinavir,[M259361]로피나비르/[M259362]리토나비르
[M040438]염화칼륨,단일,-,-,고칼륨혈증,-,PotassiumChloride,D000565,D000159,아미로라이드,Amiloride,[M080372]염산아미로라이드
[M213126]덱스케토프로펜트로메타몰,단일,-,-,경련발생,-,Dexketoprofen,D000696,D000142,시프로플록사신,Ciprofloxacin,[M082454]염산시프로프록사신/[M091139]시프로플록사신/[M095543]염산시프로플록사신/[M223091]시프로플록사신염산염수화물/[M242850]시프로플록사신염산염
[M222864]셀레길린염산염,단일,-,-,경련|반사항진|이상고열|혼수등,-,SelegilineHydrochloride,D000139,D000200,덱스트로메토르판,Dextromethorphan,[M040084]브롬화수소산덱스트로메토르판/[M202983]덱스트로메토르판브롬화수소산염/[M222957]덱스트로메토르판브롬화수소산염수화물
[M102600]쿠아제팜,단일,-,-,과도한진정및호흡억제,-,Quazepam,D000178,D000712,리토나비르,Ritonavir,[M259362]리토나비르
[M088434]미다졸람/[M222760]미다졸람,단일,-,-,진정작용의증가및연장|호흡저하판막심장병위험,-,Midazolam,D000007,D000626,로피나비르,Lopinavir,[M259361]로피나비르/[M259362]리토나비르
[M088434]미다졸람/[M222760]미다졸람,단일,-,-,진정작용의증가및연장|호흡저하판막심장병위험,-,Midazolam,D000007,D000395,다루나비르,Darunavir,[M258751]다루나비르에탄올레이트
[M215226]염산디에칠프로피온/[M230781]디에틸프로피온염산염,단일,-,-,판막심장병위험,-,Diethylpropion,D000505,D000714,마진돌,Mazindol,[M092419]마진돌
[M099629]염산펜터민/[M219108]염산펜터민/[M238557]펜터민염산염,단일,-,-,혈압상승위험,-,Phentermine,D000795,D000139,셀레길린염산염,SelegilineHydrochloride,[M222864]셀레길린염산염
[M092005]염산피오글리타존/[M201260]염산메트포민/[M214651]염산메트포르민/[M223014]메트포르민염산염/[M235069]피오글리타존염산염/[M244179]메트포르민염산염/[M255741]메트포르민아세트산염/[M260948]피오글리타존염/[M263864]메트포르민/[M266682]메트포르민염산염콜로이드성이산화규소,복합,[D000109]Pioglitazone(피오글리타존),-,기능적신부전에의해유산산성증촉진,48시간이내병용금기,Metformin,D000718,D000268,이옥사글린산,IoxaglicAcid,[M085561]이옥사글린산
[M249412]드로네다론염산염,단일,-,-,Torsadedepointes위험증가,-,Dronedarone,D000201,D000319,돌라세트론,Dolasetron,[M102047]메실산돌라세트론
[A005259]아미오다론,단일,-,-,Torsadedepointes위험증가,-,Amiodarone,D000259,D000362,이미프라민,Imipramine,[M223168]이미프라민염산염
[M050926]염산아만타딘/[M081897]황산아만타딘/[M258880]아만타딘황산염/[M263832]아만타딘,단일,-,-,QT간격연장,-,Amantadine,D000343,D000213,피모짓,Pimozide,[M071691]피모짓
[M247117]블로난세린,단일,-,-,Blonanserin농도의증가로신경학적또는기타의독성가능성증가,-,Blonanserin,D000020,D000626,로피나비르,Lopinavir,[M259361]로피나비르/[M259362]리토나비르
[M070605]몰시도민,단일,-,-,혈압강하작용증강,-,Molsidomine,D000530,D000246,실데나필,Sildenafil,[M089346]구연산실데나필/[M252789]실데나필시트르산염/[M253237]실데나필
[M085249]모클로베미드,단일,-,-,세로토닌성증후군(고혈압|고열|간대성근경련|정신상태변화등),-,Moclobemide,D000429,D000336,설트랄린,Sertraline,[M085340]염산설트랄린/[M251308]설트랄린염산염
[M083733]이트라코나졸제피과립/[M083734]이트라코나졸/[M092870]이트라코나졸고체분산체/[M201487]이트라코나졸고체분산/[M201624]제피이트라코나졸과립,단일,-,-,triazolam의약리학적효과및작용(수면유도및진정작용등의중추신경억제효과)증가,-,Itraconazole,D000762,D000592,트리아졸람,Triazolam,[I005603]트리아졸람/[M088380]트리아졸람
[M223223]클로미프라민염산염,단일,-,-,근독성|간질|세로토닌성증후군(고혈압|고열|간대성근경련|정신상태변화등),-,Clomipramine,D000277,D000429,모클로베미드,Moclobemide,[M085249]모클로베미드
[M090423]주석산브리모니딘/[M251494]브리모니딘타르타르산염/[M255020]브리모니딘타르타르산염,단일,-,-,교감신경흥분제의작용증강또는연장(고혈압|빈맥등),-,Brimonidine,D000641,D000429,모클로베미드,Moclobemide,[M085249]모클로베미드
[M249264]아타자나비어황산염/[M263079]아타자나비르황산염,단일,-,-,QT연장|심실성빈맥|심실세동및torsadesdepointes등심독성위험증가,-,Atazanavir,D000150,D000213,피모짓,Pimozide,[M071691]피모짓
[M249264]아타자나비어황산염/[M263079]아타자나비르황산염,단일,-,-,맥각독성(말초혈관경련|사지와기타조직의허혈|감각이상등)위험증가,-,Atazanavir,D000150,D000202,디히드로에르고타민,Dihydroergotamine,[M086240]디히드로에르고타민메실레이트
[M089467]호박산수마트립탄/[M246956]수마트립탄숙신산염,단일,-,-,상가적인혈관경련,-,Sumatriptan,D000650,D000747,에르고타민,Ergotamine,[M040398]주석산에르고타민/[M223126]에르고타민타르타르산염
[M082031]말레인산프로글루메타신/[M256432]프로글루메타신말레산염,단일,-,-,중증의위장관계이상반응,-,Proglumetacin,D000211,D000298,디플루니살,Diflunisal,[M085412]디플루니살
[M211313]알프라졸람/[M261118]알프라졸람,단일,-,-,alprazolam의혈장농도증가|수면및진정작용증강및연장,-,Alprazolam,D000660,D000762,이트라코나졸,Itraconazole,[M083733]이트라코나졸제피과립/[M083734]이트라코나졸/[M092870]이트라코나졸고체분산체/[M201487]이트라코나졸고체분산/[M201624]제피이트라코나졸과립
[M083733]이트라코나졸제피과립/[M083734]이트라코나졸/[M092870]이트라코나졸고체분산체/[M201487]이트라코나졸고체분산/[M201624]제피이트라코나졸과립,단일,-,-,횡문근융해증,-,Itraconazole,D000762,D000027,심바스타틴,Simvastatin,[M089710]심바스타틴
[M259343]티오틱센,단일,-,-,bromocryptine의효과저해,-,Thiothixene,D000778,D000541,브로모크립틴,Bromocriptine,[M084476]메실산브로모크립틴/[M099735]브로모크립틴메실레이트/[M223060]브로모크립틴메실산염
[M088675]에파비렌즈,단일,-,-,과도한진정작용,-,Efavirenz,D000558,D000007,미다졸람,Midazolam,[M088434]미다졸람/[M222760]미다졸람
[M258572]독세핀염산염,단일,-,-,근독성|간질|세로토닌성증후군(고혈압|고열|간대성근경련|정신상태변화등),-,Doxepin,D000501,D000139,셀레길린염산염,SelegilineHydrochloride,[M222864]셀레길린염산염
[M258572]독세핀염산염,단일,-,-,근독성|간질|세로토닌성증후군(고혈압|고열|간대성근경련|정신상태변화등),-,Doxepin,D000501,D000429,모클로베미드,Moclobemide,[M085249]모클로베미드
[M086240]디히드로에르고타민메실레이트,단일,-,-,맥각독성(말초혈관경련|사지와기타조직의허혈|감각이상등)위험증가,-,Dihydroergotamine,D000202,D000443,보리코나졸,Voriconazole,[I005813]보리코나졸/[M102252]보리코나졸
[M249264]아타자나비어황산염/[M263079]아타자나비르황산염,단일,-,-,횡문근융해증을비롯한근육질환등중증이상반응,-,Atazanavir,D000150,D000027,심바스타틴,Simvastatin,[M089710]심바스타틴
[M259621]아프라클로니딘염산염,단일,-,-,교감신경흥분제의작용증강또는연장(고혈압|빈맥등),-,Apraclonidine,D000657,D000139,셀레길린염산염,SelegilineHydrochloride,[M222864]셀레길린염산염
[M259621]아프라클로니딘염산염,단일,-,-,교감신경흥분제의작용증강또는연장(고혈압|빈맥등),-,Apraclonidine,D000657,D000429,모클로베미드,Moclobemide,[M085249]모클로베미드
[M086538]분무건조아시트레틴25%,단일,-,-,두개내압증가,-,Acitretin,D000019,D000503,독시사이클린,Doxycycline,[M020026]독시사이클린/[M020027]독시사이클린하이클레이트/[M084576]독시사이클린/[M222836]독시사이클린수화물/[M222960]독시사이클린하이클레이트수화물
[M080670]아세메타신,단일,-,-,중증의위장관계이상반응,-,Acemetacin,D000031,D000298,디플루니살,Diflunisal,[M085412]디플루니살
[M086240]디히드로에르고타민메실레이트,단일,-,-,맥각독성(말초혈관경련|사지와기타조직의허혈|감각이상등)위험증가,-,Dihydroergotamine,D000202,D000256,에리트로마이신,Erythromycin,[M020095]에리스로마이신/[M020096]락토비온산에리스로마이신/[M020099]에리스로마이신에스톨레이트/[M020201]프로피온산에리스로마이신/[M223129]에리트로마이신/[M223130]에리트로마이신스테아르산염/[M223131]에리트로마이신에스톨산염/[M223132]에리트로마이신에틸숙시네이트/[M251863]에리트로마이신락토비온산염/[M256206]에리트로마이신장용피입자/[M257644]에리트로마이신스티노프레이트
[M088893]미르타자핀/[M260571]제피미르타자핀,단일,-,-,구역|구토|안면홍조|어지러움|진전|산동|강직|발한|고온증|심장지표의빠른변화와함께자율신경계의불안정|정신상태의변화,-,Mirtazapine,D000323,D000429,모클로베미드,Moclobemide,[M085249]모클로베미드
[M040569]카르바마제핀/[M201734]카바마제핀,단일,-,-,혈중농도가저하되어보리코나졸의약물효과감소,-,Carbamazepine,D000476,D000443,보리코나졸,Voriconazole,[I005813]보리코나졸/[M102252]보리코나졸
[M086538]분무건조아시트레틴25%,단일,-,-,두개내압증가,-,Acitretin,D000019,D000754,옥시테트라사이클린,Oxytetracycline,[M223166]옥시테트라사이클린염산염
[M089467]호박산수마트립탄/[M246956]수마트립탄숙신산염,단일,-,-,세로토닌증후군,-,Sumatriptan,D000650,D000059,탄산리튬,LithiumCarbonate,[M040628]탄산리튬
[M089467]호박산수마트립탄/[M246956]수마트립탄숙신산염,단일,-,-,세로토닌증후군,-,Sumatriptan,D000650,D000277,클로미프라민,Clomipramine,[M223223]클로미프라민염산염
[M084703]케토롤락트로메타민/[M222885]케토롤락트로메타민염,단일,-,-,출혈및프로트롬빈시간연장,-,Ketorolac,D000274,D000702,펜톡시필린,Pentoxifylline,[M051736]펜톡시필린
[M085412]디플루니살,단일,-,-,중증의위장관계이상반응,-,Diflunisal,D000298,D000575,인도메타신,Indometacin,[M040508]인도메타신
[M088415]염산부프레노르핀/[M101851]부프레노르핀,단일,-,-,진통효과감소|금단증상위험,-,Buprenorpine,D000017,D000006,모르핀,Morphine,[M040182]염산모르핀/[M040184]황산모르핀/[M103284]모르핀/[M208615]황산모르핀/[M223034]모르핀황산염수화물/[M230907]모르핀염산염수화물
[M089710]심바스타틴,단일,-,-,횡문근융해증을비롯한근육질환등중증이상반응,-,Simvastatin,D000027,D000626,로피나비르,Lopinavir,[M259361]로피나비르/[M259362]리토나비르
[M084703]케토롤락트로메타민/[M222885]케토롤락트로메타민염,단일,-,-,중증의위장관계이상반응,-,Ketorolac,D000274,D000060,테녹시캄,Tenoxicam,[M082086]테녹시캄
[M094184]알트레타민,단일,-,-,피리독신은신경독성을현저하게감소시켰으나반응기간에는역효과|알트레타민의치료효과감소,-,Altretamine,D000255,D000413,피리독신,Pyridoxine,[M080913]로코트염산피리독신/[M081199]로코트염산피리독신331/3%/[M084231]염산피리독신331/3%/[M092263]염산피리독신98%과립/[M099035]염산피리독신3배산/[M204304]피리독신염산염/[M225043]염산피리독신/[M227508]피리독신염산염97%과립/[M232652]제피피리독신염산염/[M240075]염산피리독신/[M240090]피리독신염산염98%과립/[M241190]피리독신염산염3배산/[M243281]피리독신염산염3배산/[M244825]피리독신염산염3배산/[M251501]피리독신염산염33·1/3%
[M084703]케토롤락트로메타민/[M222885]케토롤락트로메타민염,단일,-,-,중증의위장관계이상반응,-,Ketorolac,D000274,D000081,나부메톤,Nabumetone,[M084590]나부메톤
[M084703]케토롤락트로메타민/[M222885]케토롤락트로메타민염,단일,-,-,중증의위장관계이상반응,-,Ketorolac,D000274,D000705,플루르비프로펜,Flurbiprofen,[M051827]플루르비프로펜/[M089049]플루르비프로펜/[M106668]플루비프로펜나트륨
[M084703]케토롤락트로메타민/[M222885]케토롤락트로메타민염,단일,-,-,중증의위장관계이상반응,-,Ketorolac,D000274,D000071,페노프로펜,Fenoprofen,[M081085]페노프로펜칼슘
[M080768]히드로클로르치아지드/[M089923]히드로클로로치아짓/[M097694]히드로클로로치아지드/[M223356]히드로클로로티아지드,단일,-,-,심실성빈맥(Torsadedepointes),-,Hydrochlorothiazide,D000414,D000256,에리트로마이신,Erythromycin,[M020095]에리스로마이신/[M020096]락토비온산에리스로마이신/[M020099]에리스로마이신에스톨레이트/[M020201]프로피온산에리스로마이신/[M223129]에리트로마이신/[M223130]에리트로마이신스테아르산염/[M223131]에리트로마이신에스톨산염/[M223132]에리트로마이신에틸숙시네이트/[M251863]에리트로마이신락토비온산염/[M256206]에리트로마이신장용피입자/[M257644]에리트로마이신스티노프레이트
[A005259]아미오다론,단일,-,-,심실부정맥(Torsadedepointes)위험증가,-,Amiodarone,D000259,D000022,소타롤,Sotalol,[A005022]소타롤
[M088250]이소트레티노인,단일,-,-,테트라사이클린가성뇌종양보고,-,Isotretinoin,D000758,D000754,옥시테트라사이클린,Oxytetracycline,[M223166]옥시테트라사이클린염산염
[M020026]독시사이클린/[M020027]독시사이클린하이클레이트/[M084576]독시사이클린/[M222836]독시사이클린수화물/[M222960]독시사이클린하이클레이트수화물,단일,-,-,두개내고혈압,-,Doxycycline,D000503,D000758,이소트레티노인,Isotretinoin,[M088250]이소트레티노인
[M081980]염산부스피론/[M222852]부스피론염산염,단일,-,-,혈압상승,-,Buspirone,D000540,D000139,셀레길린염산염,SelegilineHydrochloride,[M222864]셀레길린염산염
[M084703]케토롤락트로메타민/[M222885]케토롤락트로메타민염,단일,-,-,중증의위장관계이상반응,-,Ketorolac,D000274,D000739,아세클로페낙,Aceclofenac,[M040359]아세클로페낙
[I004369]아토르바스타틴칼슘수화물/[M093499]아토르바스타틴칼슘/[M213543]무수아토르바스타틴칼슘/[M215219]아토르바스타틴칼슘삼수화물/[M218956]아토르바스타틴삼수화물/[M244955]아토르바스타틴스트론튬/[M247057]아토르바스타틴칼슘염무수물/[M251687]아토르바스타틴칼슘/[M256664]아토르바스타틴칼슘수화물/[M263837]아토르바스타틴,단일,-,-,근육병증,-,Atorvastatin,D000455,D000762,이트라코나졸,Itraconazole,[M083733]이트라코나졸제피과립/[M083734]이트라코나졸/[M092870]이트라코나졸고체분산체/[M201487]이트라코나졸고체분산/[M201624]제피이트라코나졸과립
[M080618]케토코나졸,단일,-,-,triazolam의약리학적효과및작용증가,-,Ketoconazole,D000769,D000592,트리아졸람,Triazolam,[I005603]트리아졸람/[M088380]트리아졸람
[M249264]아타자나비어황산염/[M263079]아타자나비르황산염,단일,-,-,횡문근융해증을비롯한근육질환등중증이상반응,-,Atazanavir,D000150,D000419,로바스타틴,Lovastatin,[M083392]로바스타틴
[M249264]아타자나비어황산염/[M263079]아타자나비르황산염,단일,-,-,맥각독성(말초혈관경련|사지와기타조직의허혈|감각이상등)위험증가,-,Atazanavir,D000150,D000747,에르고타민,Ergotamine,[M040398]주석산에르고타민/[M223126]에르고타민타르타르산염
[M088554]아목사핀,단일,-,-,세로토닌성증후군(고혈압|고열|간대성근경련|정신상태변화등),-,Amoxapine,D000248,D000139,셀레길린염산염,SelegilineHydrochloride,[M222864]셀레길린염산염
[A005259]아미오다론,단일,-,-,부정맥|혈액장애|발작등중대한이상반응,-,Amiodarone,D000259,D000712,리토나비르,Ritonavir,[M259362]리토나비르
[M051464]케토프로펜/[M081361]케토프로펜리신,단일,-,-,경련,-,Ketoprofen,D000672,D000142,시프로플록사신,Ciprofloxacin,[M082454]염산시프로프록사신/[M091139]시프로플록사신/[M095543]염산시프로플록사신/[M223091]시프로플록사신염산염수화물/[M242850]시프로플록사신염산염
[M089710]심바스타틴,단일,-,-,횡문근융해증을비롯한근육질환등중증이상반응,-,Simvastatin,D000027,D000763,인디나빌,Indinavir,[M239870]인디나빌황산염
[M084703]케토롤락트로메타민/[M222885]케토롤락트로메타민염,단일,-,-,중증의위장관계이상반응,-,Ketorolac,D000274,D000086,덱시부프로펜,Dexibuprofen,[M088349]덱시부프로펜디ㆍ씨/[M092057]덱시부프로펜/[M212364]덱시부프로펜디씨/[M214134]덱시부프로펜디.씨/[M215523]덱시부프로펜디.씨./[M240099]덱시부프로펜디.씨/[M254719]덱시부프로펜
[M020095]에리스로마이신/[M020096]락토비온산에리스로마이신/[M020099]에리스로마이신에스톨레이트/[M020201]프로피온산에리스로마이신/[M223129]에리트로마이신/[M223130]에리트로마이신스테아르산염/[M223131]에리트로마이신에스톨산염/[M223132]에리트로마이신에틸숙시네이트/[M251863]에리트로마이신락토비온산염/[M256206]에리트로마이신장용피입자/[M257644]에리트로마이신스티노프레이트,단일,-,-,병용을하여도항균작용이증가되지않음,-,Erythromycin,D000256,D000678,클린다마이신,Clindamycin,[M223227]클린다마이신염산염
[M089710]심바스타틴,단일,-,-,근병증|횡문근융해의위험증가,-,Simvastatin,D000027,D000373,클래리트로마이신,Clarithromycin,[M085725]클래리스로마이신/[M087123]클래리스로마이신코팅입자/[M102127]클래리스로마이신제피과립/[M222887]클래리트로마이신/[M223198]클래리트로마이신/[M245961]클래리트로마이신제피과립/[M256483]클래리트로마이신제피과립(42%)
[M020095]에리스로마이신/[M020096]락토비온산에리스로마이신/[M020099]에리스로마이신에스톨레이트/[M020201]프로피온산에리스로마이신/[M223129]에리트로마이신/[M223130]에리트로마이신스테아르산염/[M223131]에리트로마이신에스톨산염/[M223132]에리트로마이신에틸숙시네이트/[M251863]에리트로마이신락토비온산염/[M256206]에리트로마이신장용피입자/[M257644]에리트로마이신스티노프레이트,단일,-,-,병용을하여도항균작용이증가되지않음,-,Erythromycin,D000256,D000770,클로람페니콜,Chloramphenicol,[M020122]클로람페니콜/[M223202]클로람페니콜나트륨숙시네이트
[A005259]아미오다론,단일,-,-,심실부정맥(Torsadedepointes)위험증가,-,Amiodarone,D000259,D000256,에리트로마이신,Erythromycin,[M020095]에리스로마이신/[M020096]락토비온산에리스로마이신/[M020099]에리스로마이신에스톨레이트/[M020201]프로피온산에리스로마이신/[M223129]에리트로마이신/[M223130]에리트로마이신스테아르산염/[M223131]에리트로마이신에스톨산염/[M223132]에리트로마이신에틸숙시네이트/[M251863]에리트로마이신락토비온산염/[M256206]에리트로마이신장용피입자/[M257644]에리트로마이신스티노프레이트
[M089840]미졸라스틴,단일,-,-,말초혈관경련|사지허혈|감각이상등,-,Mizolastine,D000719,D000628,록시트로마이신,Roxithromycin,[M082720]록시스로마이신/[M104917]록시스로마이신제피세립/[M222840]록시트로마이신/[M222994]록시트로마이신/[M243529]제피된록시트로마이신
[M211313]알프라졸람/[M261118]알프라졸람,단일,-,-,alprazolam의혈장농도증가|수면및진정작용증강및연장,-,Alprazolam,D000660,D000769,케토코나졸,Ketoconazole,[M080618]케토코나졸
[M083733]이트라코나졸제피과립/[M083734]이트라코나졸/[M092870]이트라코나졸고체분산체/[M201487]이트라코나졸고체분산/[M201624]제피이트라코나졸과립,단일,-,-,횡문근융해증,-,Itraconazole,D000762,D000419,로바스타틴,Lovastatin,[M083392]로바스타틴
[M086240]디히드로에르고타민메실레이트,단일,-,-,맥각독성(혈관경련|말단및기타조직허혈)위험증가,-,Dihydroergotamine,D000202,D000628,록시트로마이신,Roxithromycin,[M082720]록시스로마이신/[M104917]록시스로마이신제피세립/[M222840]록시트로마이신/[M222994]록시트로마이신/[M243529]제피된록시트로마이신
[M040398]주석산에르고타민/[M223126]에르고타민타르타르산염/[M223183]카페인무수물,복합,[D001266]AnhydrousCaffeine(카페인무수물),-,혈압상승및맥각독성(말초혈관수축증가)위험,-,Ergotamine,D000747,D000650,수마트립탄,Sumatriptan,[M089467]호박산수마트립탄/[M246956]수마트립탄숙신산염
[I004369]아토르바스타틴칼슘수화물/[M093499]아토르바스타틴칼슘/[M213543]무수아토르바스타틴칼슘/[M215219]아토르바스타틴칼슘삼수화물/[M218956]아토르바스타틴삼수화물/[M244955]아토르바스타틴스트론튬/[M247057]아토르바스타틴칼슘염무수물/[M251687]아토르바스타틴칼슘/[M256664]아토르바스타틴칼슘수화물/[M263837]아토르바스타틴,단일,-,-,근육병증,-,Atorvastatin,D000455,D000769,케토코나졸,Ketoconazole,[M080618]케토코나졸
[M050607]염산파록세틴/[M102324]무수염산파록세틴/[M222896]파록세틴염산염수화물/[M234807]파록세틴염산염반수화물,단일,-,-,세로토닌성증후군(고혈압|고열|간대성근경련|정신상태변화등),-,Paroxetine,D000353,D000139,셀레길린염산염,SelegilineHydrochloride,[M222864]셀레길린염산염
[M090423]주석산브리모니딘/[M251494]브리모니딘타르타르산염/[M255020]브리모니딘타르타르산염,단일,-,-,교감신경흥분제의작용증강또는연장(고혈압|빈맥등),-,Brimonidine,D000641,D000139,셀레길린염산염,SelegilineHydrochloride,[M222864]셀레길린염산염
[M086240]디히드로에르고타민메실레이트,단일,-,-,맥각독성(말초혈관경련|사지와기타조직의허혈|감각이상등)위험증가,-,Dihydroergotamine,D000202,D000762,이트라코나졸,Itraconazole,[M083733]이트라코나졸제피과립/[M083734]이트라코나졸/[M092870]이트라코나졸고체분산체/[M201487]이트라코나졸고체분산/[M201624]제피이트라코나졸과립
[M088658]플루복사민말레이트,단일,-,-,세로토닌성증후군(고혈압|고열|간대성근경련|정신상태변화등),-,Fluvoxamine,D000800,D000139,셀레길린염산염,SelegilineHydrochloride,[M222864]셀레길린염산염
[M086240]디히드로에르고타민메실레이트,단일,-,-,혈압상승및에르고티즘(말초혈관수축증가|경련|사지허혈)위험증가,-,Dihydroergotamine,D000202,D000650,수마트립탄,Sumatriptan,[M089467]호박산수마트립탄/[M246956]수마트립탄숙신산염
[M089710]심바스타틴,단일,-,-,근병증|횡문근융해의위험증가,-,Simvastatin,D000027,D000256,에리트로마이신,Erythromycin,[M020095]에리스로마이신/[M020096]락토비온산에리스로마이신/[M020099]에리스로마이신에스톨레이트/[M020201]프로피온산에리스로마이신/[M223129]에리트로마이신/[M223130]에리트로마이신스테아르산염/[M223131]에리트로마이신에스톨산염/[M223132]에리트로마이신에틸숙시네이트/[M251863]에리트로마이신락토비온산염/[M256206]에리트로마이신장용피입자/[M257644]에리트로마이신스티노프레이트
[M080618]케토코나졸,단일,-,-,midazolam의약리학적효과및작용증가,-,Ketoconazole,D000769,D000007,미다졸람,Midazolam,[M088434]미다졸람/[M222760]미다졸람
[A005259]아미오다론,단일,-,-,심실부정맥(Torsadedepointes)위험증가,-,Amiodarone,D000259,D000513,펜타미딘,Pentamidin,[M261497]펜타미딘이세티온산염
[M088893]미르타자핀/[M260571]제피미르타자핀,단일,-,-,구역|구토|안면홍조|어지러움|진전|산동|강직|발한|고온증|심장지표의빠른변화|자율신경계의불안정|정신상태의변화,-,Mirtazapine,D000323,D000139,셀레길린염산염,SelegilineHydrochloride,[M222864]셀레길린염산염
[M084703]케토롤락트로메타민/[M222885]케토롤락트로메타민염,단일,-,-,중증의위장관계이상반응,-,Ketorolac,D000274,D000230,메페남산,Mefenamicacid,[M050476]메페남산/[M100591]메페남산
[M084703]케토롤락트로메타민/[M222885]케토롤락트로메타민염,단일,-,-,중증의위장관계이상반응,-,Ketorolac,D000274,D000463,에토돌락,Etodolac,[M081813]미결정에토돌락/[M083240]에토돌락/[M257127]미분화에토돌락
[M084703]케토롤락트로메타민/[M222885]케토롤락트로메타민염,단일,-,-,중증의위장관계이상반응,-,Ketorolac,D000274,D000506,디클로페낙,Diclofenac,[M050288]디클로페낙나트륨/[M083248]디클로페낙/[M083349]디클로페낙베타디메칠아미노에탄올/[M084600]디클로페낙칼륨/[M086205]디클로페낙디에칠암모늄/[M102665]디클로페낙에폴아민/[M230206]디클로페낙β-디메칠아미노에탄올/[M249599]디클로페낙디에틸암모늄/[M251996]디클로페낙베타디메틸아미노에탄올/[M252249]디클로페낙β-디메틸아미노에탄올/[M255472]디클로페낙디에틸아민염/[M256203]디클로페낙디에틸아민
[M084703]케토롤락트로메타민/[M222885]케토롤락트로메타민염,단일,-,-,중증의위장관계이상반응,-,Ketorolac,D000274,D000138,세레콕시브,Celecoxib,[M089149]세레콕시브
[M222864]셀레길린염산염,단일,-,-,세로토닌성증후군(고혈압|고열|경련|정신상태변화등),-,SelegilineHydrochloride,D000139,D000516,플루옥세틴,Fluoxetine,[M083718]염산플루옥세틴/[M098986]염산플루옥세틴/[M222903]플루옥세틴염산염
[M091367]페르페나진/[M232514]페르페나진염산염,단일,-,-,혈압강하효과,-,Perphenazine,D000781,D000560,에피네프린,Epinephrine,[M040421]에피네프린/[M040581]중주석산에피네프린/[M094252]주석산에피네프린/[M251244]에피네프린타르타르산염
[M083733]이트라코나졸제피과립/[M083734]이트라코나졸/[M092870]이트라코나졸고체분산체/[M201487]이트라코나졸고체분산/[M201624]제피이트라코나졸과립,단일,-,-,QT간격연장및심실부정맥(Torsadedepointes)위험증가,-,Itraconazole,D000762,D000213,피모짓,Pimozide,[M071691]피모짓
[M083733]이트라코나졸제피과립/[M083734]이트라코나졸/[M092870]이트라코나졸고체분산체/[M201487]이트라코나졸고체분산/[M201624]제피이트라코나졸과립,단일,-,-,midazolam의약리학적효과및작용(수면유도및진정작용등의중추신경억제효과)증가,-,Itraconazole,D000762,D000007,미다졸람,Midazolam,[M088434]미다졸람/[M222760]미다졸람
[M084154]플루코나졸,단일,-,-,triazolam의약리학적효과및작용증가,-,Fluconazole,D000517,D000592,트리아졸람,Triazolam,[I005603]트리아졸람/[M088380]트리아졸람
[M020095]에리스로마이신/[M020096]락토비온산에리스로마이신/[M020099]에리스로마이신에스톨레이트/[M020201]프로피온산에리스로마이신/[M223129]에리트로마이신/[M223130]에리트로마이신스테아르산염/[M223131]에리트로마이신에스톨산염/[M223132]에리트로마이신에틸숙시네이트/[M251863]에리트로마이신락토비온산염/[M256206]에리트로마이신장용피입자/[M257644]에리트로마이신스티노프레이트,단일,-,-,병용을하여도항균작용이증가되지않음,-,Erythromycin,D000256,D000713,린코마이신,Lincomycin,[M020043]염산린코마이신/[M223001]린코마이신염산염수화물/[M248008]린코마이신염산염
[M085725]클래리스로마이신/[M087123]클래리스로마이신코팅입자/[M102127]클래리스로마이신제피과립/[M222887]클래리트로마이신/[M223198]클래리트로마이신/[M245961]클래리트로마이신제피과립/[M256483]클래리트로마이신제피과립(42%),단일,-,-,pimozide의혈중농도상승|QT연장,-,Clarithromycin,D000373,D000213,피모짓,Pimozide,[M071691]피모짓
[M040355]아스피린/[M040356]아스피린알루미늄/[M071842]아스피린리신/[M081776]아스피린장용과립/[M082548]아스피린제피세립(아세틸살리실산제피세립)/[M084664]아스피린장용피입자/[M089224]주사용아스피린리신90%/[M246086]아스피린제피세립/[M253914]아스피린장용펠렛/[M264065]아스피린과립,단일,-,-,혈액학적독성,methotrexate(1週에15mg이상투여시),Aspirin,D000452,D000716,메토트렉세이트,Methotrexate,[M040168]메토트렉세이트
[M020095]에리스로마이신/[M020096]락토비온산에리스로마이신/[M020099]에리스로마이신에스톨레이트/[M020201]프로피온산에리스로마이신/[M223129]에리트로마이신/[M223130]에리트로마이신스테아르산염/[M223131]에리트로마이신에스톨산염/[M223132]에리트로마이신에틸숙시네이트/[M251863]에리트로마이신락토비온산염/[M256206]에리트로마이신장용피입자/[M257644]에리트로마이신스티노프레이트,단일,-,-,QT연장등,-,Erythromycin,D000256,D000719,미졸라스틴,Mizolastine,[M089840]미졸라스틴
[M086240]디히드로에르고타민메실레이트,단일,-,-,맥각독성(말초혈관경련|사지와기타조직의허혈|감각이상등)위험증가,-,Dihydroergotamine,D000202,D000558,에파비렌즈,Efavirenz,[M088675]에파비렌즈
[M086240]디히드로에르고타민메실레이트,단일,-,-,맥각독성(말초혈관경련|사지와기타조직의허혈|감각이상등)위험증가,-,Dihydroergotamine,D000202,D000763,인디나빌,Indinavir,[M239870]인디나빌황산염
[M086240]디히드로에르고타민메실레이트,단일,-,-,맥각독성(말초혈관경련|사지와기타조직의허혈|감각이상등)위험증가,-,Dihydroergotamine,D000202,D000003,넬피나비어,Nelfinavir,[M088546]메실산넬피나비어
[M252262]바데나필염산염(미분화),단일,-,-,혈압강하작용증가,-,Vardenafil,D000434,D000530,몰시도민,Molsidomine,[M070605]몰시도민
[M071691]피모짓,단일,-,-,QT간격연장,-,Pimozide,D000213,D000516,플루옥세틴,Fluoxetine,[M083718]염산플루옥세틴/[M098986]염산플루옥세틴/[M222903]플루옥세틴염산염
[M050744]황산살부타몰/[M088646]황산살부타몰서방성과립/[M223069]살부타몰황산염/[M259051]살부타몰황산염(미분화),단일,-,-,부정맥또는심정지,-,Salbutamol,D000137,D000560,에피네프린,Epinephrine,[M040421]에피네프린/[M040581]중주석산에피네프린/[M094252]주석산에피네프린/[M251244]에피네프린타르타르산염
[M088434]미다졸람/[M222760]미다졸람,단일,-,-,진정작용이나호흡억제를증가또는연장,-,Midazolam,D000007,D000150,아타자나비르,Atazanavir,[M249264]아타자나비어황산염/[M263079]아타자나비르황산염
[A005259]아미오다론,단일,-,-,QT연장|심실성부정맥,-,Amiodarone,D000259,D000719,미졸라스틴,Mizolastine,[M089840]미졸라스틴
[M083697]오메프라졸장용성과립/[M083698]오메프라졸/[M089720]오메프라졸나트륨/[M201348]오메프라졸장용과립,단일,-,-,아타자나비어효과감소및내성발현,-,Omeprazole,D000469,D000150,아타자나비르,Atazanavir,[M249264]아타자나비어황산염/[M263079]아타자나비르황산염
[M259362]리토나비르,단일,-,-,부정맥|혈액장애|경련등,-,Ritonavir,D000712,D000212,플레카이니드아세테이트,FlecainideAcetate,[M201704]초산플레카이니드/[M239215]플레카이니드아세테이트/[M257171]플레카이니드아세트산염
[M086240]디히드로에르고타민메실레이트,단일,-,-,혈압상승및맥각독성(혈관경련|말단및기타조직허혈),24시간이내병용금기,Dihydroergotamine,D000202,D000745,알모트립탄,Almotriptan,[M252241]알모트립탄말산염
[M252262]바데나필염산염(미분화),단일,-,-,혈압강하작용증가,-,Vardenafil,D000434,D000215,니트로글리세린,Nitroglycerin,[M088774]희석니트로글리세린/[M094010]5%니트로글리세린무수에탄올액/[M104103]희석된니트로글리세린/[M104323]희석된니트로글리세린(니트로글리세린2%유당)/[M214344]희석힌니트로글리세린용액/[M257143]묽은니트로글리세린
[M051644]염산트리플루오페라진,단일,-,-,혈압강하,-,Trifluoperazine,D000753,D000560,에피네프린,Epinephrine,[M040421]에피네프린/[M040581]중주석산에피네프린/[M094252]주석산에피네프린/[M251244]에피네프린타르타르산염
[M051617]트레티노인,단일,-,-,두개내고혈압,-,Tretinoin,D000488,D000754,옥시테트라사이클린,Oxytetracycline,[M223166]옥시테트라사이클린염산염
[M051617]트레티노인,단일,-,-,두개내고혈압,-,Tretinoin,D000488,D000503,독시사이클린,Doxycycline,[M020026]독시사이클린/[M020027]독시사이클린하이클레이트/[M084576]독시사이클린/[M222836]독시사이클린수화물/[M222960]독시사이클린하이클레이트수화물
[M095435]타다라필,단일,-,-,혈압강하작용증가,-,Tadalafil,D000181,D000787,니트로푸루시드,Nitroprusside,[M234430]니트로푸루시드나트륨
[M084703]케토롤락트로메타민/[M222885]케토롤락트로메타민염,단일,-,-,중증의위장관계이상반응,-,Ketorolac,D000274,D000309,피록시캄,Piroxicam,[M071634]피록시캄
[M050132]염산노르트립틸린,단일,-,-,근독성|간질|세로토닌성증후군(고혈압|고열|간대성근경련|정신상태변화등),-,Nortriptyline,D000466,D000139,셀레길린염산염,SelegilineHydrochloride,[M222864]셀레길린염산염
[M081543]니코란딜,단일,-,-,혈관확장작용증가로저혈압효과상승,-,Nicorandil,D000498,D000246,실데나필,Sildenafil,[M089346]구연산실데나필/[M252789]실데나필시트르산염/[M253237]실데나필
[M050833]염산슈도에페드린/[M081720]황산슈도에페드린/[M203364]슈도에페드린염산염/[M222865]수도에페드린염산염/[M248579]수도에페드린황산염/[M256034]수도에페드린염산염과립/[M258826]수도에페드린,단일,-,-,고혈압|빈맥유발,-,Pseudoephedrine,D000448,D000139,셀레길린염산염,SelegilineHydrochloride,[M222864]셀레길린염산염
[M261497]펜타미딘이세티온산염,단일,-,-,심실성부정맥(특히torsadesdepointes)위험증가,-,Pentamidin,D000513,D000030,아미설프리드,Amisulpride,[M089148]아미설프리드
[M085249]모클로베미드,단일,-,-,경련|반사항진|이상고열|혼수등,-,Moclobemide,D000429,D000200,덱스트로메토르판,Dextromethorphan,[M040084]브롬화수소산덱스트로메토르판/[M202983]덱스트로메토르판브롬화수소산염/[M222957]덱스트로메토르판브롬화수소산염수화물
[M071691]피모짓,단일,-,-,QT간격연장,-,Pimozide,D000213,D000353,파록세틴,Paroxetine,[M050607]염산파록세틴/[M102324]무수염산파록세틴/[M222896]파록세틴염산염수화물/[M234807]파록세틴염산염반수화물
[M040398]주석산에르고타민/[M223126]에르고타민타르타르산염/[M223183]카페인무수물,복합,[D001266]AnhydrousCaffeine(카페인무수물),-,맥각독성(혈관경련|말단및기타조직허혈),-,Ergotamine,D000747,D000256,에리트로마이신,Erythromycin,[M020095]에리스로마이신/[M020096]락토비온산에리스로마이신/[M020099]에리스로마이신에스톨레이트/[M020201]프로피온산에리스로마이신/[M223129]에리트로마이신/[M223130]에리트로마이신스테아르산염/[M223131]에리트로마이신에스톨산염/[M223132]에리트로마이신에틸숙시네이트/[M251863]에리트로마이신락토비온산염/[M256206]에리트로마이신장용피입자/[M257644]에리트로마이신스티노프레이트
[M088268]이오메프롤,단일,-,-,기능적신부전에의해유산산성증촉진,-,Iomeprol,D000364,D000718,메트포르민,Metformin,[M201260]염산메트포민/[M214651]염산메트포르민/[M223014]메트포르민염산염/[M244179]메트포르민염산염/[M255741]메트포르민아세트산염/[M263864]메트포르민/[M266682]메트포르민염산염콜로이드성이산화규소
[M085249]모클로베미드,단일,-,-,근독성|간질|세로토닌성증후군(고혈압|고열|간대성근경련|정신상태변화등),-,Moclobemide,D000429,D000466,노르트립틸린,Nortriptyline,[M050132]염산노르트립틸린
[M223025]메틸페니데이트염산염,단일,-,-,고혈압성위기(현저한혈압상승),-,Methylphenidate,D000229,D000429,모클로베미드,Moclobemide,[M085249]모클로베미드
[M070382]말레인산메칠에르고메트린/[M223020]메틸에르고메트린말레산염,단일,-,-,상가적인혈관수축반응|현저한혈압상승,-,Methylergometrine,D000228,D000650,수마트립탄,Sumatriptan,[M089467]호박산수마트립탄/[M246956]수마트립탄숙신산염
[M070382]말레인산메칠에르고메트린/[M223020]메틸에르고메트린말레산염,단일,-,-,맥각독성(말초혈관경련|사지와기타조직의허혈|감각이상등)위험증가,-,Methylergometrine,D000228,D000003,넬피나비어,Nelfinavir,[M088546]메실산넬피나비어
[M083733]이트라코나졸제피과립/[M083734]이트라코나졸/[M092870]이트라코나졸고체분산체/[M201487]이트라코나졸고체분산/[M201624]제피이트라코나졸과립,단일,-,-,맥각독성(말초혈관경련|사지와기타조직의허혈|감각이상등)위험증가,-,Itraconazole,D000762,D000228,메틸에르고메트린,Methylergometrine,[M070382]말레인산메칠에르고메트린/[M223020]메틸에르고메트린말레산염
[M086785]이오비트리돌,단일,-,-,기능적신부전에의해유산산성증촉진,-,Iobitridol,D000760,D000718,메트포르민,Metformin,[M201260]염산메트포민/[M214651]염산메트포르민/[M223014]메트포르민염산염/[M244179]메트포르민염산염/[M255741]메트포르민아세트산염/[M263864]메트포르민/[M266682]메트포르민염산염콜로이드성이산화규소
[M239870]인디나빌황산염,단일,-,-,과도한진정작용,-,Indinavir,D000763,D000007,미다졸람,Midazolam,[M088434]미다졸람/[M222760]미다졸람
[M040420]염산에페드린/[M223155]에페드린염산염,단일,-,-,고혈압|빈맥유발,-,Ephedrine,D000155,D000429,모클로베미드,Moclobemide,[M085249]모클로베미드
[M050926]염산아만타딘/[M081897]황산아만타딘/[M258880]아만타딘황산염/[M263832]아만타딘,단일,-,-,항콜린작용증가,-,Amantadine,D000343,D000238,브롬페리돌,Bromperidol,[M081835]브롬페리돌
[M084703]케토롤락트로메타민/[M222885]케토롤락트로메타민염,단일,-,-,중증의위장관계이상반응,-,Ketorolac,D000274,D000544,살살레이트,Salsalate,[M099981]살살레이트
[M071691]피모짓,단일,-,-,QT연장|심실성빈맥|심실세동및torsadesdepointes등심독성위험증가,-,Pimozide,D000213,D000443,보리코나졸,Voriconazole,[I005813]보리코나졸/[M102252]보리코나졸
[M223168]이미프라민염산염,단일,-,-,근독성|간질|세로토닌성증후군(고혈압|고열|간대성근경련|정신상태변화등),-,Imipramine,D000362,D000139,셀레길린염산염,SelegilineHydrochloride,[M222864]셀레길린염산염
[M222864]셀레길린염산염,단일,-,-,고혈압|저혈압|발한을동반한심각한중추신경계이상반응(현기|진전|발작등),-,SelegilineHydrochloride,D000139,D000242,시클로벤자프린,Cyclobenzaprine,[M246272]시클로벤자프린염산염
[M222864]셀레길린염산염,단일,-,-,bupropion의급성독성증가,-,SelegilineHydrochloride,D000139,D000018,부프로피온염산염,BupropionHydrochloride,[I000166]부프로피온염산염/[M095783]염산부프로피온/[M233238]부프로피온염산염
[M082720]록시스로마이신/[M104917]록시스로마이신제피세립/[M222840]록시트로마이신/[M222994]록시트로마이신/[M243529]제피된록시트로마이신,단일,-,-,심실부정맥(Torsadesdepointes포함)등의심혈관계이상반응,-,Roxithromycin,D000628,D000213,피모짓,Pimozide,[M071691]피모짓
[M223175]이소프로테레놀염산염,단일,-,-,부정맥또는심정지유도,-,Isoproterenol,D000759,D000560,에피네프린,Epinephrine,[M040421]에피네프린/[M040581]중주석산에피네프린/[M094252]주석산에피네프린/[M251244]에피네프린타르타르산염
[M089187]아나스트로졸,단일,-,-,anastrozole의약리작용감소,-,Anastrozole,D000144,D000664,에스트로겐,Estrogens,[M051066]에스트로겐/[M095201]결합형에스트로겐/[M259850]결합형에스트로겐4.29%
[M050926]염산아만타딘/[M081897]황산아만타딘/[M258880]아만타딘황산염/[M263832]아만타딘,단일,-,-,amantadine의효과저해,-,Amantadine,D000343,D000781,페르페나진,Perphenazine,[M091367]페르페나진/[M232514]페르페나진염산염
[M084703]케토롤락트로메타민/[M222885]케토롤락트로메타민염,단일,-,-,중증의위장관계이상반응,-,Ketorolac,D000274,D000115,로녹시캄,Lornoxicam,[M088931]로녹시캄
[M249577]나라트립탄염산염,단일,-,-,상가적인혈관수축반응|현저한혈압상승,-,Naratriptan,D000287,D000650,수마트립탄,Sumatriptan,[M089467]호박산수마트립탄/[M246956]수마트립탄숙신산염
[M084703]케토롤락트로메타민/[M222885]케토롤락트로메타민염,단일,-,-,상가적인위장관궤양|출혈의위험,-,Ketorolac,D000274,D000696,덱스케토프로펜,Dexketoprofen,[M213126]덱스케토프로펜트로메타몰
[M086240]디히드로에르고타민메실레이트,단일,-,-,맥각독성(말초혈관경련|사지와기타조직의허혈|감각이상등)위험증가,-,Dihydroergotamine,D000202,D000712,리토나비르,Ritonavir,[M259362]리토나비르
[M084703]케토롤락트로메타민/[M222885]케토롤락트로메타민염,단일,-,-,중증의위장관계이상반응,-,Ketorolac,D000274,D000427,멜록시캄,Meloxicam,[M086439]멜록시캄
[M040398]주석산에르고타민/[M223126]에르고타민타르타르산염,단일,-,-,맥각독성(말초혈관경련|사지와기타조직의허혈|감각이상등)위험증가,-,Ergotamine,D000747,D000762,이트라코나졸,Itraconazole,[M083733]이트라코나졸제피과립/[M083734]이트라코나졸/[M092870]이트라코나졸고체분산체/[M201487]이트라코나졸고체분산/[M201624]제피이트라코나졸과립
[M040398]주석산에르고타민/[M223126]에르고타민타르타르산염,단일,-,-,맥각독성(말초혈관경련|사지와기타조직의허혈|감각이상등)위험증가,-,Ergotamine,D000747,D000763,인디나빌,Indinavir,[M239870]인디나빌황산염
[M088675]에파비렌즈,단일,-,-,현저하게voriconazole혈장농도감소|efavirenz혈장농도증가,-,Efavirenz,D000558,D000443,보리코나졸,Voriconazole,[I005813]보리코나졸/[M102252]보리코나졸
[M085304]브롬화수소산시탈로프람,단일,-,-,세로토닌성증후군(고혈압|고열|간대성근경련|정신상태변화등),-,Citalopram,D000332,D000429,모클로베미드,Moclobemide,[M085249]모클로베미드
[M040569]카르바마제핀/[M201734]카바마제핀,단일,-,-,고혈압|저혈압|발한을동반한심각한중추신경계이상반응(현기|진전|발작등),-,Carbamazepine,D000476,D000139,셀레길린염산염,SelegilineHydrochloride,[M222864]셀레길린염산염
[M040569]카르바마제핀/[M201734]카바마제핀,단일,-,-,고혈압|저혈압|발한을동반한심각한중추신경계이상반응(현기|진전|발작등),-,Carbamazepine,D000476,D000429,모클로베미드,Moclobemide,[M085249]모클로베미드
[M249264]아타자나비어황산염/[M263079]아타자나비르황산염,단일,-,-,맥각독성(말초혈관경련|사지와기타조직의허혈|감각이상등)위험증가,-,Atazanavir,D000150,D000228,메틸에르고메트린,Methylergometrine,[M070382]말레인산메칠에르고메트린/[M223020]메틸에르고메트린말레산염
[M089710]심바스타틴,단일,-,-,횡문근융해증을비롯한근육질환등중증이상반응,-,Simvastatin,D000027,D000003,넬피나비어,Nelfinavir,[M088546]메실산넬피나비어
[M085249]모클로베미드,단일,-,-,수마트립탄의혈장농도증가,-,Moclobemide,D000429,D000650,수마트립탄,Sumatriptan,[M089467]호박산수마트립탄/[M246956]수마트립탄숙신산염
[M085529]이오파미돌,단일,-,-,급성신부전,-,Iopamidol,D000267,D000718,메트포르민,Metformin,[M201260]염산메트포민/[M214651]염산메트포르민/[M223014]메트포르민염산염/[M244179]메트포르민염산염/[M255741]메트포르민아세트산염/[M263864]메트포르민/[M266682]메트포르민염산염콜로이드성이산화규소
[M085249]모클로베미드,단일,-,-,심각한혈압저하위험증가,-,Moclobemide,D000429,D000139,셀레길린염산염,SelegilineHydrochloride,[M222864]셀레길린염산염
[M051259]이부프로펜/[M071015]이부프로펜리신/[M086772]이부프로펜제피세립/[M209277]이부프로펜아르기닌/[M246943]이부프로펜나트륨이수화물,단일,-,-,혈액학적독성,methotrexate(1週에20mg이상투여시),Ibuprofen,D000363,D000716,메토트렉세이트,Methotrexate,[M040168]메토트렉세이트
[M040766]할로페리돌/[M089302]할로페리돌데카노에이트,단일,-,-,혈압강하효과,-,Haloperidol,D000113,D000560,에피네프린,Epinephrine,[M040421]에피네프린/[M040581]중주석산에피네프린/[M094252]주석산에피네프린/[M251244]에피네프린타르타르산염
[M020095]에리스로마이신/[M020096]락토비온산에리스로마이신/[M020099]에리스로마이신에스톨레이트/[M020201]프로피온산에리스로마이신/[M223129]에리트로마이신/[M223130]에리트로마이신스테아르산염/[M223131]에리트로마이신에스톨산염/[M223132]에리트로마이신에틸숙시네이트/[M251863]에리트로마이신락토비온산염/[M256206]에리트로마이신장용피입자/[M257644]에리트로마이신스티노프레이트,단일,-,-,QT연장등,-,Erythromycin,D000256,D000213,피모짓,Pimozide,[M071691]피모짓
[M085725]클래리스로마이신/[M087123]클래리스로마이신코팅입자/[M102127]클래리스로마이신제피과립/[M222887]클래리트로마이신/[M223198]클래리트로마이신/[M245961]클래리트로마이신제피과립/[M256483]클래리트로마이신제피과립(42%),단일,-,-,심실부정맥(Torsadedepointes),-,Clarithromycin,D000373,D000719,미졸라스틴,Mizolastine,[M089840]미졸라스틴
[M222864]셀레길린염산염,단일,-,-,세로토닌성증후군(고열|간대성근경련|정신상태변화등),-,SelegilineHydrochloride,D000139,D000336,설트랄린,Sertraline,[M085340]염산설트랄린/[M251308]설트랄린염산염
[M086240]디히드로에르고타민메실레이트,단일,-,-,상가적인혈관수축반응|현저한혈압상승,-,Dihydroergotamine,D000202,D000171,졸미트립탄,Zolmitriptan,[M090949]졸미트립탄
[M040398]주석산에르고타민/[M223126]에르고타민타르타르산염,단일,-,-,맥각독성(말초혈관경련|사지와기타조직의허혈|감각이상등)위험증가,-,Ergotamine,D000747,D000003,넬피나비어,Nelfinavir,[M088546]메실산넬피나비어
[M040398]주석산에르고타민/[M223126]에르고타민타르타르산염,단일,-,-,맥각독성(말초혈관경련|사지와기타조직의허혈|감각이상등)위험증가,-,Ergotamine,D000747,D000712,리토나비르,Ritonavir,[M259362]리토나비르
[M040398]주석산에르고타민/[M223126]에르고타민타르타르산염,단일,-,-,맥각독성(말초혈관경련|사지와기타조직의허혈|감각이상등)위험증가,-,Ergotamine,D000747,D000443,보리코나졸,Voriconazole,[I005813]보리코나졸/[M102252]보리코나졸
[M083718]염산플루옥세틴/[M098986]염산플루옥세틴/[M222903]플루옥세틴염산염,단일,-,-,세로토닌성증후군(고혈압|고열|간대성근경련|정신상태변화등),-,Fluoxetine,D000516,D000429,모클로베미드,Moclobemide,[M085249]모클로베미드
[M085304]브롬화수소산시탈로프람,단일,-,-,QT간격연장,-,Citalopram,D000332,D000213,피모짓,Pimozide,[M071691]피모짓
[M081980]염산부스피론/[M222852]부스피론염산염,단일,-,-,혈압상승,-,Buspirone,D000540,D000429,모클로베미드,Moclobemide,[M085249]모클로베미드
[M081835]브롬페리돌,단일,-,-,지발성운동장애촉진|bromocryptine의작용감약,-,Bromperidol,D000238,D000541,브로모크립틴,Bromocriptine,[M084476]메실산브로모크립틴/[M099735]브로모크립틴메실레이트/[M223060]브로모크립틴메실산염
[M089187]아나스트로졸,단일,-,-,anastrozole의혈장농도감소,-,Anastrozole,D000144,D000679,타목시펜,Tamoxifen,[M081863]타목시펜시트레이트/[M081968]구연산타목시펜/[M222891]타목시펜시트르산염
[M050926]염산아만타딘/[M081897]황산아만타딘/[M258880]아만타딘황산염/[M263832]아만타딘,단일,-,-,항콜린작용증가,-,Amantadine,D000343,D000584,클로르프로마진,Chlorpromazine,[M040618]염산클로르프로마진/[M223216]클로르프로마진염산염
[M084703]케토롤락트로메타민/[M222885]케토롤락트로메타민염,단일,-,-,중증의위장관계이상반응,-,Ketorolac,D000274,D000262,옥사프로진,Oxaprozin,[M084890]옥사프로진
[M222864]셀레길린염산염,단일,-,-,세로토닌성증후군(고혈압|고열|간대성근경련|정신상태변화등),-,SelegilineHydrochloride,D000139,D000638,벤라팍신,Venlafaxine,[M088219]염산벤라팍신/[M091246]염산벤라팍신서방성과립/[M207949]염산벤라팍신펠렛/[M241528]벤라팍신염산염/[M241640]벤라팍신염산염서방성과립/[M241643]벤라팍신염산염서방과립/[M242800]벤라팍신염산염펠렛
[M088546]메실산넬피나비어,단일,-,-,혈중농도저하로항레트로바이러스약물효과감소,-,Nelfinavir,D000003,D000314,리팜피신,Rifampicin,[M020042]리팜피신
[M085564]이오프로마이드,단일,-,-,기능적신부전에의해유산산성증촉진,-,Iopromide,D000761,D000718,메트포르민,Metformin,[M201260]염산메트포민/[M214651]염산메트포르민/[M223014]메트포르민염산염/[M244179]메트포르민염산염/[M255741]메트포르민아세트산염/[M263864]메트포르민/[M266682]메트포르민염산염콜로이드성이산화규소
[M223168]이미프라민염산염,단일,-,-,근독성|간질|세로토닌성증후군(고혈압|고열|간대성근경련|정신상태변화등),-,Imipramine,D000362,D000429,모클로베미드,Moclobemide,[M085249]모클로베미드
[M095435]타다라필,단일,-,-,혈압강하작용증가,-,Tadalafil,D000181,D000215,니트로글리세린,Nitroglycerin,[M088774]희석니트로글리세린/[M094010]5%니트로글리세린무수에탄올액/[M104103]희석된니트로글리세린/[M104323]희석된니트로글리세린(니트로글리세린2%유당)/[M214344]희석힌니트로글리세린용액/[M257143]묽은니트로글리세린
[M089193]타크로리무스수화물/[M227652]타크로리무스수화물,단일,-,-,고칼륨혈증,-,Tacrolimus,D000279,D000731,스피로노락톤,Spironolactone,[M099796]스피로노락톤
[M089193]타크로리무스수화물/[M227652]타크로리무스수화물,단일,-,-,고칼륨혈증,-,Tacrolimus,D000279,D000159,아미로라이드,Amiloride,[M080372]염산아미로라이드
[M089346]구연산실데나필/[M252789]실데나필시트르산염/[M253237]실데나필,단일,-,-,혈압강하작용증가,-,Sildenafil,D000246,D000787,니트로푸루시드,Nitroprusside,[M234430]니트로푸루시드나트륨
[M222864]셀레길린염산염,단일,-,-,세로토닌작용에의한증후군(중추흥분|설사|빈맥|땀|진전|혼동|혼수등)야기,-,SelegilineHydrochloride,D000139,D000773,트라마돌,Tramadol,[M080418]염산트라마돌/[M104509]염산트라마돌지속성제피과립/[M222893]트라마돌염산염/[M255410]트라마돌염산염
[M222864]셀레길린염산염,단일,-,-,동맥고혈압|관상동맥수축,-,SelegilineHydrochloride,D000139,D000650,수마트립탄,Sumatriptan,[M089467]호박산수마트립탄/[M246956]수마트립탄숙신산염
[M222864]셀레길린염산염,단일,-,-,경련|반사항진|이상고열|혼수등,-,SelegilineHydrochloride,D000139,D000006,모르핀,Morphine,[M040182]염산모르핀/[M040184]황산모르핀/[M103284]모르핀/[M208615]황산모르핀/[M223034]모르핀황산염수화물/[M230907]모르핀염산염수화물
[M088658]플루복사민말레이트,단일,-,-,세로토닌성증후군(고혈압|고열|간대성근경련|정신상태변화등),-,Fluvoxamine,D000800,D000429,모클로베미드,Moclobemide,[M085249]모클로베미드
[M040421]에피네프린/[M040581]중주석산에피네프린/[M094252]주석산에피네프린/[M098432]아티카인염산염/[M251244]에피네프린타르타르산염,복합,[D000560]Epinephrine(에피네프린),-,리듬장애를수반한발작성고혈압,-,Articaine,D000251,D000248,아목사핀,Amoxapine,[M088554]아목사핀
[M071691]피모짓,단일,-,-,QT연장및심실성부정맥유발가능,-,Pimozide,D000213,D000673,코비시스타트,Cobicistat,[A001163]테노포비르/[A005561]엘비테그라비르/[M250026]엠트리시타빈/[M256270]코비시스타트이산화규소
[M249412]드로네다론염산염,단일,-,-,Torsadedepointes위험증가,-,Dronedarone,D000201,D000842,토레미펜,Toremifene,[M089372]구연산토레미펜/[M246995]토레미펜시트르산염/[M255572]토레미펜구연산염
[M201260]염산메트포민/[M214651]염산메트포르민/[M223014]메트포르민염산염/[M244179]메트포르민염산염/[M251915]시타글립틴인산염수화물/[M255741]메트포르민아세트산염/[M262101]시타글립틴인산염/[M263864]메트포르민/[M266682]메트포르민염산염콜로이드성이산화규소/[M266925]시타글립틴염산염수화물,복합,[D000244]Sitagliptin(시타글립틴),-,기능적신부전에의해유산산성증촉진,48시간이내병용금기,Metformin,D000718,D000268,이옥사글린산,IoxaglicAcid,[M085561]이옥사글린산
[M081091]돔페리돈/[M085595]말레인산돔페리돈/[M222961]돔페리돈말레산염,단일,-,-,QTc연장효과증대로심각한위험(TorsadedePointes|심각한심실성부정맥포함)가능성,-,Domperidone,D000297,D000638,벤라팍신,Venlafaxine,[M088219]염산벤라팍신/[M091246]염산벤라팍신서방성과립/[M207949]염산벤라팍신펠렛/[M241528]벤라팍신염산염/[M241640]벤라팍신염산염서방성과립/[M241643]벤라팍신염산염서방과립/[M242800]벤라팍신염산염펠렛
[M040398]주석산에르고타민/[M223126]에르고타민타르타르산염/[M223183]카페인무수물,복합,[D001266]AnhydrousCaffeine(카페인무수물),-,맥각독성(혈관경련|말단및기타조직허혈),-,Ergotamine,D000747,D000762,이트라코나졸,Itraconazole,[M083733]이트라코나졸제피과립/[M083734]이트라코나졸/[M092870]이트라코나졸고체분산체/[M201487]이트라코나졸고체분산/[M201624]제피이트라코나졸과립
[M040398]주석산에르고타민/[M223126]에르고타민타르타르산염/[M223183]카페인무수물,복합,[D001266]AnhydrousCaffeine(카페인무수물),-,맥각독성(혈관경련|말단및기타조직허혈),-,Ergotamine,D000747,D000712,리토나비르,Ritonavir,[M259362]리토나비르
[M201260]염산메트포민/[M214651]염산메트포르민/[M221584]빌다글립틴/[M223014]메트포르민염산염/[M244179]메트포르민염산염/[M255741]메트포르민아세트산염/[M262420]빌다글립틴(미분화)/[M263864]메트포르민/[M266682]메트포르민염산염콜로이드성이산화규소,복합,[D000445]Vildagliptin(빌다글립틴),-,기능적신부전에의해유산산성증촉진,48시간이내병용금기,Metformin,D000718,D000832,이오트로란,Iotrolan,[M089396]이오트로란
[M089365]말레인산로시글리타존/[M201260]염산메트포민/[M214651]염산메트포르민/[M223014]메트포르민염산염/[M237507]로시글리타존말레산염/[M244179]메트포르민염산염/[M255741]메트포르민아세트산염/[M263864]메트포르민/[M266682]메트포르민염산염콜로이드성이산화규소,복합,[D000002]RosiglitazoneMaleate(로시글리타존말레산염),-,기능적신부전에의해유산산성증촉진,48시간이내병용금기,Metformin,D000718,D000831,이오딕사놀,Iodixanol,[M089870]요오딕사놀/[M201123]아이오딕사놀/[M222881]이오딕산올
[M089365]말레인산로시글리타존/[M201260]염산메트포민/[M214651]염산메트포르민/[M223014]메트포르민염산염/[M237507]로시글리타존말레산염/[M244179]메트포르민염산염/[M255741]메트포르민아세트산염/[M263864]메트포르민/[M266682]메트포르민염산염콜로이드성이산화규소,복합,[D000002]RosiglitazoneMaleate(로시글리타존말레산염),-,기능적신부전에의해유산산성증촉진,48시간이내병용금기,Metformin,D000718,D000832,이오트로란,Iotrolan,[M089396]이오트로란
[M251493]지프라시돈염산염일수화물,단일,-,-,QT간격연장,-,Ziprasidone,D000173,D000842,토레미펜,Toremifene,[M089372]구연산토레미펜/[M246995]토레미펜시트르산염/[M255572]토레미펜구연산염
[M252563]아바나필,단일,-,-,혈압강하증가,-,Avanafil,D000737,D000443,보리코나졸,Voriconazole,[I005813]보리코나졸/[M102252]보리코나졸
[M086240]디히드로에르고타민메실레이트,단일,-,-,맥각독성(혈관경련|말단및기타조직허혈등)위험증가,-,Dihydroergotamine,D000202,D000833,텔리트로마이신,Telithromycin,[M093984]텔리스로마이신/[M210450]텔리스로마이신과립/[M241046]텔리트로마이신과립
[M040717]프레드니솔론/[M104040]호박산프레드니솔론나트륨/[M223298]프레드니솔론아세테이트/[M256482]프레드니솔론헤미숙시네이트,단일,-,-,1.아킬레스건파열및손상<특히노인>2.심혈관계부작용증가,-,Prednisolone,D000406,D000830,스파플록사신,Sparfloxacin,[M083268]스파플록사신
[I004745]헥소프레날린황산염/[M021928]황산헥소프레날린,단일,-,-,부정맥또는심정지유도,소생등의위급상황제외,Hexoprenaline,D000841,D000560,에피네프린,Epinephrine,[M040421]에피네프린/[M040581]중주석산에피네프린/[M094252]주석산에피네프린/[M251244]에피네프린타르타르산염
[M040080]덱사메타손/[M050208]인산덱사메타손/[M082700]덱사메타손인산나트륨/[M085432]디나트륨인산덱사메타손/[M222954]덱사메타손디나트륨인산염/[M256848]덱사메타손포스페이트이나트륨/[M258481]덱사메타손팔미테이트/[M260226]덱사메타손시페실레이트/[M260415]덱사메타손시페실레이트(미분화),단일,-,-,1.아킬레스건파열및손상<특히노인>2.심혈관계부작용증가,-,Dexamethasone,D000199,D000830,스파플록사신,Sparfloxacin,[M083268]스파플록사신
[M084703]케토롤락트로메타민/[M222885]케토롤락트로메타민염,단일,-,-,중증의위장관계이상반응,-,Ketorolac,D000274,D000834,에토페나메이트,Etofenamate,[M081326]에토훼나메이트/[M097634]에토페나메이트
[M089396]이오트로란,단일,-,-,기능적신부전에의해유산산성증촉진,48시간이내병용금기,Iotrolan,D000832,D000718,메트포르민,Metformin,[M201260]염산메트포민/[M214651]염산메트포르민/[M223014]메트포르민염산염/[M244179]메트포르민염산염/[M255741]메트포르민아세트산염/[M263864]메트포르민/[M266682]메트포르민염산염콜로이드성이산화규소
[M040348]염산아미트리프틸린/[M089101]염산아미트리프틸린서방정과립/[M201277]염산아미트리프틸린서방과립/[M223101]아미트리프틸린염산염,단일,-,-,근독성|간질|세로토닌성증후군(고혈압|고열|간대성근경련|정신상태변화등),-,Amitriptyline,D000809,D000429,모클로베미드,Moclobemide,[M085249]모클로베미드
[M080372]염산아미로라이드,단일,-,-,고칼륨혈증위험증가,-,Amiloride,D000159,D000829,트리암테렌,Triamterene,[M040663]트리암테렌
[M081227]오라노핀,단일,-,-,금주사제병용시피부독성,-,Auranofin,D000827,D000417,히드록시클로로퀸,Hydroxychloroquine,[M084124]황산히드록시클로로퀸/[M087341]히드록시클로로퀸설페이트/[M222909]히드록시클로로퀸황산염
[M252563]아바나필,단일,-,-,혈압강하증가,-,Avanafil,D000737,D000673,코비시스타트,Cobicistat,[A001163]테노포비르/[A005561]엘비테그라비르/[M250026]엠트리시타빈/[M256270]코비시스타트이산화규소
[M089346]구연산실데나필/[M252789]실데나필시트르산염/[M253237]실데나필,단일,-,-,혈압강하증가,-,Sildenafil,D000246,D000626,로피나비르,Lopinavir,[M259361]로피나비르/[M259362]리토나비르
[M252563]아바나필,단일,-,-,동일계열병용투여금기,-,Avanafil,D000737,D000246,실데나필,Sildenafil,[M089346]구연산실데나필/[M252789]실데나필시트르산염/[M253237]실데나필
[M081091]돔페리돈/[M085595]말레인산돔페리돈/[M222961]돔페리돈말레산염,단일,-,-,QTc연장효과증대로심각한위험(TorsadedePointes|심각한심실성부정맥포함)가능성,-,Domperidone,D000297,D000173,지프라시돈,Ziprasidone,[M251493]지프라시돈염산염일수화물
[M252563]아바나필,단일,-,-,혈압강하증가,-,Avanafil,D000737,D000373,클래리트로마이신,Clarithromycin,[M085725]클래리스로마이신/[M087123]클래리스로마이신코팅입자/[M102127]클래리스로마이신제피과립/[M222887]클래리트로마이신/[M223198]클래리트로마이신/[M245961]클래리트로마이신제피과립/[M256483]클래리트로마이신제피과립(42%)
[M088487]칼시페디올,단일,-,-,고칼슘혈증,-,Calcifediol,D000175,D000581,칼시트리올,Calcitriol,[M082905]칼시트리올/[M200966]소듐알렌드로네이트/[M206239]알렌드론산나트륨/[M222873]알렌드론산나트륨수화물/[M253533]알렌드론산나트륨삼수화물
[I012292]아바카비르황산염/[M086332]라미부딘/[M262968]아바카비르황산염,복합,[D000654]Abacavir(아바카비르),-,세포내인산화방해|동일한역전사효소유전자(M184V)변이를통한바이러스내성-항바이러스효과감소,상품명:컴플레라정,Lamivudine,D000615,D000665,엠트리시타빈,Emtricitabine,[A001163]테노포비르/[A005225]릴피비린/[M250026]엠트리시타빈/[M253921]릴피비린염산염
[I012292]아바카비르황산염/[M086332]라미부딘/[M262968]아바카비르황산염,복합,[D000654]Abacavir(아바카비르),-,세포내인산화방해|동일한역전사효소유전자(M184V)변이를통한바이러스내성-항바이러스효과감소,상품명:트루바다정,Lamivudine,D000615,D000665,엠트리시타빈,Emtricitabine,[A001163]테노포비르/[M250026]엠트리시타빈
[M082858]지도부딘/[M086332]라미부딘,복합,[D000172]Zidovudine(지도부딘),-,세포내인산화방해|동일한역전사효소유전자(M184V)변이를통한바이러스내성-항바이러스효과감소,상픔명:스트리빌드정,Lamivudine,D000615,D000665,엠트리시타빈,Emtricitabine,[A001163]테노포비르/[A005561]엘비테그라비르/[M250026]엠트리시타빈/[M256270]코비시스타트이산화규소
[M082858]지도부딘/[M086332]라미부딘,복합,[D000172]Zidovudine(지도부딘),-,세포내인산화방해|동일한역전사효소유전자(M184V)변이를통한바이러스내성-항바이러스효과감소,상품명:컴플레라정,Lamivudine,D000615,D000665,엠트리시타빈,Emtricitabine,[A001163]테노포비르/[A005225]릴피비린/[M250026]엠트리시타빈/[M253921]릴피비린염산염
[M086332]라미부딘,단일,-,-,세포내인산화방해|동일한역전사효소유전자(M184V)변이를통한바이러스내성-항바이러스효과감소,상픔명:스트리빌드정,Lamivudine,D000615,D000665,엠트리시타빈,Emtricitabine,[A001163]테노포비르/[A005561]엘비테그라비르/[M250026]엠트리시타빈/[M256270]코비시스타트이산화규소
[M081091]돔페리돈/[M085595]말레인산돔페리돈/[M222961]돔페리돈말레산염,단일,-,-,QTc연장효과증대로심각한위험(TorsadedePointes|심각한심실성부정맥포함)가능성,-,Domperidone,D000297,D000842,토레미펜,Toremifene,[M089372]구연산토레미펜/[M246995]토레미펜시트르산염/[M255572]토레미펜구연산염
[M089346]구연산실데나필/[M252789]실데나필시트르산염/[M253237]실데나필,단일,-,-,혈압강하증가,-,Sildenafil,D000246,D000712,리토나비르,Ritonavir,[M259362]리토나비르
[M081091]돔페리돈/[M085595]말레인산돔페리돈/[M222961]돔페리돈말레산염,단일,-,-,QTc연장효과증대로심각한위험(TorsadedePointes|심각한심실성부정맥포함)가능성,-,Domperidone,D000297,D000470,온단세트론,Ondansetron,[M086743]염산온단세트론이수화물/[M088519]온단세트론/[M222878]온단세트론염산염수화물/[M257638]온단세트론염산염
[I012462]리바록사반(미세화)/[M254091]리바록사반(미세화)/[M264293]리바록사반(미분화),단일,-,-,리바록사반의혈중농도가상승하여출혈위험증가,-,Rivaroxaban,D000527,D000762,이트라코나졸,Itraconazole,[M083733]이트라코나졸제피과립/[M083734]이트라코나졸/[M092870]이트라코나졸고체분산체/[M201487]이트라코나졸고체분산/[M201624]제피이트라코나졸과립
[A005225]릴피비린/[M253921]릴피비린염산염,단일,-,-,위장pH의증가로릴피비린의흡수가저하되어릴피비린의치료효과감소,-,Rilpivirine,D000225,D000695,덱스란소프라졸,Dexlansoprazole,[M255434]덱스란소프라졸
[M245171]페북소스타트/[M245172]페북소스타트/[M245173]페북소스타트/[M245174]페북소스타트/[M245186]페북소스타트,단일,-,-,아자치오프린의혈중농도증가,-,Febuxostat,D000402,D000250,아자티오프린,Azathioprine,[M223108]아자티오프린
[M236272]에트라비린,단일,-,-,에트라비린의혈중농도가감소하여치료효과감소혹은내성발현,-,Etravirine,D000036,D000476,카르바마제핀,Carbamazepine,[M040569]카르바마제핀/[M201734]카바마제핀
[M089222]올란자핀/[M233301]미세올란자핀,단일,-,-,중증의혈압강하를일으킬수있음,-,Olanzapine,D000357,D000560,에피네프린,Epinephrine,[M040421]에피네프린/[M040581]중주석산에피네프린/[M094252]주석산에피네프린/[M251244]에피네프린타르타르산염
[A005749]에티닐에스트라디올/[M040405]에치닐에스트라디올/[M080323]초산시프로테론/[M222867]시프로테론아세테이트/[M223147]에티닐에스트라디올/[M259133]에티닐에스트라디올(EE-베타덱스포접체로서),복합,[D000749]Ethinylestradiol(에티닐에스트라디올),-,혈전색전증위험을높임,-,Cyproterone,D000733,D000617,레보노르게스트렐,Levonorgestrel,[A005749]에티닐에스트라디올/[M040405]에치닐에스트라디올/[M095487]레보노르게스트렐/[M223147]에티닐에스트라디올/[M259133]에티닐에스트라디올(EE-베타덱스포접체로서)
[M252262]바데나필염산염(미분화),단일,-,-,혈압강하증가,-,Vardenafil,D000434,D000003,넬피나비어,Nelfinavir,[M088546]메실산넬피나비어
[M252262]바데나필염산염(미분화),단일,-,-,혈압강하증가,-,Vardenafil,D000434,D000201,드로네다론,Dronedarone,[M249412]드로네다론염산염
[I005603]트리아졸람/[M088380]트리아졸람,단일,-,-,triazolam의약리학적효과및작용(수면유도)증가,-,Triazolam,D000592,D000825,조사마이신,Josamycin,[M020110]조사마이신
[A005563]벤세라지드/[M040122]레보도파,복합,[D000302]Levodopa(레보도파),-,혈압변동|빈맥·심실세동등의부정맥위험증가,-,Benserazide,D000563,D000824,할로탄,Halothane,[M040765]할로탄
[M040348]염산아미트리프틸린/[M089101]염산아미트리프틸린서방정과립/[M201277]염산아미트리프틸린서방과립/[M223101]아미트리프틸린염산염,단일,-,-,이상고열|전신경련|발한|불온|혼수등,-,Amitriptyline,D000809,D000139,셀레길린염산염,SelegilineHydrochloride,[M222864]셀레길린염산염
[A005385]티카그렐러/[M252585]티카그렐러,단일,-,-,티카그렐러의혈중농도증가,-,Ticagrelor,D000385,D000373,클래리트로마이신,Clarithromycin,[M085725]클래리스로마이신/[M087123]클래리스로마이신코팅입자/[M102127]클래리스로마이신제피과립/[M222887]클래리트로마이신/[M223198]클래리트로마이신/[M245961]클래리트로마이신제피과립/[M256483]클래리트로마이신제피과립(42%)
[M201260]염산메트포민/[M214651]염산메트포르민/[M221584]빌다글립틴/[M223014]메트포르민염산염/[M244179]메트포르민염산염/[M255741]메트포르민아세트산염/[M262420]빌다글립틴(미분화)/[M263864]메트포르민/[M266682]메트포르민염산염콜로이드성이산화규소,복합,[D000445]Vildagliptin(빌다글립틴),-,기능적신부전에의해유산산성증촉진,48시간이내병용금기,Metformin,D000718,D000268,이옥사글린산,IoxaglicAcid,[M085561]이옥사글린산
[M081091]돔페리돈/[M085595]말레인산돔페리돈/[M222961]돔페리돈말레산염,단일,-,-,QTc연장효과증대로심각한위험(TorsadedePointes|심각한심실성부정맥포함)가능성,-,Domperidone,D000297,D000425,메토클로프라미드,Metoclopramide,[M050465]메토클로프라미드/[M050466]염산메토클로프라미드/[M223013]메토클로프라미드염산염수화물
[M081091]돔페리돈/[M085595]말레인산돔페리돈/[M222961]돔페리돈말레산염,단일,-,-,강력한CYP억제제가돔페리돈의대사를감소시켜|돔페리돈의영향(이상반응포함)증대가능성,-,Domperidone,D000297,D000763,인디나빌,Indinavir,[M239870]인디나빌황산염
[M081091]돔페리돈/[M085595]말레인산돔페리돈/[M222961]돔페리돈말레산염,단일,-,-,QTc연장효과증대로심각한위험(TorsadedePointes|심각한심실성부정맥포함)가능성,-,Domperidone,D000297,D000319,돌라세트론,Dolasetron,[M102047]메실산돌라세트론
[M081091]돔페리돈/[M085595]말레인산돔페리돈/[M222961]돔페리돈말레산염,단일,-,-,강력한CYP억제제가돔페리돈의대사를감소시켜|돔페리돈의영향(이상반응포함)증대가능성,-,Domperidone,D000297,D000395,다루나비르,Darunavir,[M258751]다루나비르에탄올레이트
[M081091]돔페리돈/[M085595]말레인산돔페리돈/[M222961]돔페리돈말레산염,단일,-,-,QTc연장효과증대로심각한위험(TorsadedePointes|심각한심실성부정맥포함)가능성강력한CYP억제제가돔페리돈의대사를감소시켜|돔페리돈의영향(이상반응포함)증대가능성,-,Domperidone,D000297,D000373,클래리트로마이신,Clarithromycin,[M085725]클래리스로마이신/[M087123]클래리스로마이신코팅입자/[M102127]클래리스로마이신제피과립/[M222887]클래리트로마이신/[M223198]클래리트로마이신/[M245961]클래리트로마이신제피과립/[M256483]클래리트로마이신제피과립(42%)
[M081091]돔페리돈/[M085595]말레인산돔페리돈/[M222961]돔페리돈말레산염,단일,-,-,QTc연장효과증대로심각한위험(TorsadedePointes|심각한심실성부정맥포함)가능성,-,Domperidone,D000297,D000030,아미설프리드,Amisulpride,[M089148]아미설프리드
[A005385]티카그렐러/[M252585]티카그렐러,단일,-,-,티카그렐러의혈중농도증가,-,Ticagrelor,D000385,D000150,아타자나비르,Atazanavir,[M249264]아타자나비어황산염/[M263079]아타자나비르황산염
[A005225]릴피비린/[M253921]릴피비린염산염,단일,-,-,위장pH의증가로릴피비린의흡수가저하되어릴피비린의치료효과감소,-,Rilpivirine,D000225,D000301,레바프라잔,Revaprazan,[M102535]레바프라잔/[M261872]레바프라잔염산염
[I012292]아바카비르황산염/[M086332]라미부딘/[M262968]아바카비르황산염,복합,[D000654]Abacavir(아바카비르),-,세포내인산화방해|동일한역전사효소유전자(M184V)변이를통한바이러스내성-항바이러스효과감소,상픔명:스트리빌드정,Lamivudine,D000615,D000665,엠트리시타빈,Emtricitabine,[A001163]테노포비르/[A005561]엘비테그라비르/[M250026]엠트리시타빈/[M256270]코비시스타트이산화규소
[A005225]릴피비린/[M253921]릴피비린염산염,단일,-,-,위장pH의증가로릴피비린의흡수가저하되어릴피비린의치료효과감소,-,Rilpivirine,D000225,D000204,라베프라졸,Rabeprazole,[M089852]라베프라졸나트륨
[A005225]릴피비린/[M253921]릴피비린염산염,단일,-,-,위장pH의증가로릴피비린의흡수가저하되어릴피비린의치료효과감소,-,Rilpivirine,D000225,D000153,에스오메프라졸,Esomeprazole,[M092321]에스오메프라졸마그네슘삼수화물/[M100498]에스오메프라졸나트륨/[M221042]에스오메프라졸스트론튬사수화물/[M242227]에스오메프라졸마그네슘이수화물/[M249554]에스오메프라졸/[M259375]에스오메프라졸마그네슘이수화물/[M262063]에스오메프라졸마그네슘과립
[M020046]염산메타사이클린,단일,-,-,두개내고혈압,-,Methacycline,D000158,D000488,트레티노인,Tretinoin,[M051617]트레티노인
[M236272]에트라비린,단일,-,-,에트라비린의혈중농도가감소하여치료효과감소혹은내성발현,-,Etravirine,D000036,D000595,페니토인,Phenytoin,[M051706]페니토인/[M051707]페니토인나트륨
[M249413]도리페넴일수화물,단일,-,-,발프론산의혈중농도를감소시켜간질발작재발의위험증가,-,Doripenem,D000087,D000535,발프로산,Valproicacid,[M070676]발프로산나트륨/[M082087]디발프로엑스나트륨/[M083547]발프로산/[M085424]디발프로엑스나트륨입자/[M090172]발프로산마그네슘
[M251630]다비가트란에텍실레이트메실산염,단일,-,-,다비가트란의혈중농도가상승하여출혈위험증가,-,Dabigatranetexilate,D000396,D000334,사이클로스포린,Cyclosporine,[A005971]시클로스포린/[M040068]마이크로에멀젼용시클로스포린/[M085282]사이클로스포린/[M085565]시클로스포린
[A005749]에티닐에스트라디올/[M040405]에치닐에스트라디올/[M080323]초산시프로테론/[M222867]시프로테론아세테이트/[M223147]에티닐에스트라디올/[M259133]에티닐에스트라디올(EE-베타덱스포접체로서),복합,[D000749]Ethinylestradiol(에티닐에스트라디올),-,혈전색전증위험을높임,-,Cyproterone,D000733,D000121,메드록시프로게스테론,Medroxyprogesterone,[M040146]초산메드록시프로게스테론/[M200491]메드록시프로게스테론아세테이트
[A005749]에티닐에스트라디올/[M040405]에치닐에스트라디올/[M080323]초산시프로테론/[M222867]시프로테론아세테이트/[M223147]에티닐에스트라디올/[M259133]에티닐에스트라디올(EE-베타덱스포접체로서),복합,[D000749]Ethinylestradiol(에티닐에스트라디올),-,혈전색전증위험을높임,48시간이내병용금기,Cyproterone,D000733,D000389,게스토덴,Gestodene,[A005749]에티닐에스트라디올/[M040405]에치닐에스트라디올/[M082621]게스토덴/[M223147]에티닐에스트라디올/[M259133]에티닐에스트라디올(EE-베타덱스포접체로서)
[M081091]돔페리돈/[M085595]말레인산돔페리돈/[M222961]돔페리돈말레산염,단일,-,-,QTc연장효과증대로심각한위험(TorsadedePointes|심각한심실성부정맥포함)가능성강력한CYP억제제가돔페리돈의대사를감소시켜|돔페리돈의영향(이상반응포함)증대가능성,-,Domperidone,D000297,D000762,이트라코나졸,Itraconazole,[M083733]이트라코나졸제피과립/[M083734]이트라코나졸/[M092870]이트라코나졸고체분산체/[M201487]이트라코나졸고체분산/[M201624]제피이트라코나졸과립
[M081091]돔페리돈/[M085595]말레인산돔페리돈/[M222961]돔페리돈말레산염,단일,-,-,QTc연장효과증대로심각한위험(TorsadedePointes|심각한심실성부정맥포함)가능성,-,Domperidone,D000297,D000142,시프로플록사신,Ciprofloxacin,[M082454]염산시프로프록사신/[M091139]시프로플록사신/[M095543]염산시프로플록사신/[M223091]시프로플록사신염산염수화물/[M242850]시프로플록사신염산염
[M081091]돔페리돈/[M085595]말레인산돔페리돈/[M222961]돔페리돈말레산염,단일,-,-,QTc연장효과증대로심각한위험(TorsadedePointes|심각한심실성부정맥포함)가능성,-,Domperidone,D000297,D000259,아미오다론,Amiodarone,[A005259]아미오다론
[A005487]톨밥탄/[M252922]톨밥탄분무건조분말,단일,-,-,톨밥탄의혈중농도증가,-,Tolvaptan,D000487,D000712,리토나비르,Ritonavir,[M259362]리토나비르
[A005487]톨밥탄/[M252922]톨밥탄분무건조분말,단일,-,-,톨밥탄의혈중농도증가,-,Tolvaptan,D000487,D000762,이트라코나졸,Itraconazole,[M083733]이트라코나졸제피과립/[M083734]이트라코나졸/[M092870]이트라코나졸고체분산체/[M201487]이트라코나졸고체분산/[M201624]제피이트라코나졸과립
[A005487]톨밥탄/[M252922]톨밥탄분무건조분말,단일,-,-,톨밥탄의혈중농도증가,-,Tolvaptan,D000487,D000373,클래리트로마이신,Clarithromycin,[M085725]클래리스로마이신/[M087123]클래리스로마이신코팅입자/[M102127]클래리스로마이신제피과립/[M222887]클래리트로마이신/[M223198]클래리트로마이신/[M245961]클래리트로마이신제피과립/[M256483]클래리트로마이신제피과립(42%)
[A005225]릴피비린/[M253921]릴피비린염산염,단일,-,-,릴피비린의혈중농도가감소하여치료효과감소혹은내성발현,-,Rilpivirine,D000225,D000282,페노바르비탈,Phenobarbital,[M040685]페노바르비탈/[M217088]페노바르비탈나트륨
[A005225]릴피비린/[M253921]릴피비린염산염,단일,-,-,릴피비린의혈중농도가감소하여치료효과감소혹은내성발현,-,Rilpivirine,D000225,D000263,옥스카르바제핀,Oxcarbazepine,[M086765]옥스카르바제핀
[M257939]라사길린메실산염,단일,-,-,고혈압위기|세로토닌증후군발생위험증가,-,Rasagiline,D000698,D000429,모클로베미드,Moclobemide,[M085249]모클로베미드
[M251630]다비가트란에텍실레이트메실산염,단일,-,-,다비가트란의혈중농도가상승하여출혈위험증가,-,Dabigatranetexilate,D000396,D000762,이트라코나졸,Itraconazole,[M083733]이트라코나졸제피과립/[M083734]이트라코나졸/[M092870]이트라코나졸고체분산체/[M201487]이트라코나졸고체분산/[M201624]제피이트라코나졸과립
[M252262]바데나필염산염(미분화),단일,-,-,혈압강하증가,-,Vardenafil,D000434,D000712,리토나비르,Ritonavir,[M259362]리토나비르
[M089346]구연산실데나필/[M252789]실데나필시트르산염/[M253237]실데나필,단일,-,-,혈압강하증가,-,Sildenafil,D000246,D000763,인디나빌,Indinavir,[M239870]인디나빌황산염
[M252563]아바나필,단일,-,-,혈압강하증가,-,Avanafil,D000737,D000787,니트로푸루시드,Nitroprusside,[M234430]니트로푸루시드나트륨
[M252563]아바나필,단일,-,-,혈압강하증가,-,Avanafil,D000737,D000498,니코란딜,Nicorandil,[M081543]니코란딜
[M252563]아바나필,단일,-,-,혈압강하증가,-,Avanafil,D000737,D000626,로피나비르,Lopinavir,[M259361]로피나비르/[M259362]리토나비르
[M252563]아바나필,단일,-,-,혈압강하증가,-,Avanafil,D000737,D000395,다루나비르,Darunavir,[M258751]다루나비르에탄올레이트
[M252563]아바나필,단일,-,-,혈압강하증가,-,Avanafil,D000737,D000150,아타자나비르,Atazanavir,[M249264]아타자나비어황산염/[M263079]아타자나비르황산염
[M081303]알파칼시돌,단일,-,-,고칼슘혈증,-,Alfacalcidol,D000151,D000581,칼시트리올,Calcitriol,[M082905]칼시트리올/[M200966]소듐알렌드로네이트/[M206239]알렌드론산나트륨/[M222873]알렌드론산나트륨수화물/[M253533]알렌드론산나트륨삼수화물
[M252563]아바나필,단일,-,-,혈압강하증가,-,Avanafil,D000737,D000762,이트라코나졸,Itraconazole,[M083733]이트라코나졸제피과립/[M083734]이트라코나졸/[M092870]이트라코나졸고체분산체/[M201487]이트라코나졸고체분산/[M201624]제피이트라코나졸과립
[M252563]아바나필,단일,-,-,동일계열병용투여금기,-,Avanafil,D000737,D000181,타다라필,Tadalafil,[M095435]타다라필
[A005259]아미오다론,단일,-,-,Torsadedepointes위험증가,-,Amiodarone,D000259,D000213,피모짓,Pimozide,[M071691]피모짓
[M080409]티아프로펜산,단일,-,-,methotrexate≥15mg/주에한해금기,-,Tiaprofenicacid,D000837,D000716,메토트렉세이트,Methotrexate,[M040168]메토트렉세이트
[M081091]돔페리돈/[M085595]말레인산돔페리돈/[M222961]돔페리돈말레산염,단일,-,-,QTc연장효과증대로심각한위험(TorsadedePointes|심각한심실성부정맥포함)가능성,-,Domperidone,D000297,D000491,팔리페리돈,Paliperidone,[M220478]팔리페리돈/[M250479]팔리페리돈팔미테이트
[M070676]발프로산나트륨/[M082087]디발프로엑스나트륨/[M083547]발프로산/[M085424]디발프로엑스나트륨입자/[M090172]발프로산마그네슘,복합,[D000536]SodiumValproate(발프로산나트륨),-,간질발작재발,-,Valproicacid,D000535,D000779,파니페넴,Panipenem,[M095991]파니페넴
[M070676]발프로산나트륨/[M082087]디발프로엑스나트륨/[M083547]발프로산/[M085424]디발프로엑스나트륨입자/[M090172]발프로산마그네슘,복합,[D000536]SodiumValproate(발프로산나트륨),-,간질발작재발,-,Valproicacid,D000535,D000757,이미페넴,Imipenem,[M082600]이미페넴/[M089971]이미페넴/[M222879]이미페넴수화물/[M253549]이미페넴수화물|실라스타틴나트륨/[M253721]이미페넴ㆍ실라스타틴나트륨혼합물
[M256618]글리피지드,단일,-,-,저혈당또는혼수,-,Glipizide,D000079,D000324,미코나졸,Miconazole,[M050517]질산미코나졸/[M223037]미코나졸질산염
[M070676]발프로산나트륨/[M082087]디발프로엑스나트륨/[M083547]발프로산/[M085424]디발프로엑스나트륨입자/[M090172]발프로산마그네슘,단일,-,-,간질발작재발,-,Valproicacid,D000535,D000779,파니페넴,Panipenem,[M095991]파니페넴/[M095992]베타미프론
[M084703]케토롤락트로메타민/[M222885]케토롤락트로메타민염,단일,-,-,중증의위장관계이상반응,-,Ketorolac,D000274,D000982,나프록센,Naproxen,[M050116]나프록센/[M070724]나프록센나트륨/[M103210]소디움나프록센/[M200898]소듐나프록센
[M070676]발프로산나트륨/[M082087]디발프로엑스나트륨/[M083547]발프로산/[M085424]디발프로엑스나트륨입자/[M090172]발프로산마그네슘,단일,-,-,간질발작재발,-,Valproicacid,D000535,D000757,이미페넴,Imipenem,[M082600]이미페넴/[M089971]이미페넴/[M095530]실라스타틴나트륨/[M200960]소듐실라스타틴/[M222879]이미페넴수화물/[M253549]이미페넴수화물|실라스타틴나트륨/[M253721]이미페넴ㆍ실라스타틴나트륨혼합물
[M070676]발프로산나트륨/[M082087]디발프로엑스나트륨/[M083547]발프로산/[M085424]디발프로엑스나트륨입자/[M090172]발프로산마그네슘,복합,[D000536]SodiumValproate(발프로산나트륨),-,간질발작재발,-,Valproicacid,D000535,D000122,메로페넴,Meropenem,[M091303]메로페넴건조탄산나트륨/[M237403]메로페넴건조탄산나트륨/[M240683]메로페넴삼수화물/[M247956]메로페넴/[M249596]메로페넴수화물/[M252076]메로페넴수화물·건조탄산나트륨/[M252077]메로페넴수화물건조탄산나트륨/[M252323]메로페넴·건조탄산나트륨/[M254183]무균메로페넴건조탄산나트륨
[M050714]과립상구연산칼륨/[M080391]구연산칼륨/[M096666]시트르산/[M202384]구연산칼륨과립/[M223090]시트르산수화물/[M244335]시트르산칼륨/[M247036]시트르산칼륨수화물,복합,[D000979]Citricacid(시트르산),-,고칼륨혈증위험증가,-,Potassiumcitrate,D000978,D000159,아미로라이드,Amiloride,[M080372]염산아미로라이드
[M050714]과립상구연산칼륨/[M080391]구연산칼륨/[M202384]구연산칼륨과립/[M244335]시트르산칼륨/[M247036]시트르산칼륨수화물,단일,-,-,고칼륨혈증위험증가,-,Potassiumcitrate,D000978,D000159,아미로라이드,Amiloride,[M080372]염산아미로라이드
[A001163]테노포비르/[A005225]릴피비린/[M250026]엠트리시타빈/[M253921]릴피비린염산염,복합,[D000281]Tenofovir(테노포비르)/[D000225]Rilpivirine(릴피비린),-,-,-,Emtricitabine,D000665,D000386,판토프라졸,Pantoprazole,[A005386]판토프라졸
[M040351]아세타졸아미드,단일,-,-,신장결석형성위험증가,-,Acetazolamide,D000249,D000843,메타졸아마이드,Methazolamide,[M086409]메타졸아마이드/[M200527]메타졸아미드
[A005259]아미오다론,단일,-,-,Torsadedepointes위험증가,-,Amiodarone,D000259,D000842,토레미펜,Toremifene,[M089372]구연산토레미펜/[M246995]토레미펜시트르산염/[M255572]토레미펜구연산염
[M083392]로바스타틴,단일,-,-,횡문근융해증/근육병증및이에수반되는급격한신기능악화,-,Lovastatin,D000419,D000833,텔리트로마이신,Telithromycin,[M093984]텔리스로마이신/[M210450]텔리스로마이신과립/[M241046]텔리트로마이신과립
[M089710]심바스타틴/[M097492]에제티미브,복합,[D000027]Simvastatin(심바스타틴),-,근증/횡문근변성의위험성이증가,-,Ezetimibe,D000350,D000833,텔리트로마이신,Telithromycin,[M093984]텔리스로마이신/[M210450]텔리스로마이신과립/[M241046]텔리트로마이신과립
[M050926]염산아만타딘/[M081897]황산아만타딘/[M258880]아만타딘황산염/[M263832]아만타딘,단일,-,-,QT간격연장,-,Amantadine,D000343,D000842,토레미펜,Toremifene,[M089372]구연산토레미펜/[M246995]토레미펜시트르산염/[M255572]토레미펜구연산염
[I004745]헥소프레날린황산염/[M021928]황산헥소프레날린,단일,-,-,부정맥또는심정지,-,Hexoprenaline,D000841,D000082,노르에피네프린,Norepinephrine,[M091963]주석산수소노르에피네프린/[M252333]노르에피네프린타르타르산염수화물
[M040508]인도메타신,단일,-,-,질소혈증|크레아티닌청소율저하,-,Indometacin,D000575,D000829,트리암테렌,Triamterene,[M040663]트리암테렌
[M084703]케토롤락트로메타민/[M222885]케토롤락트로메타민염,단일,-,-,중증의위장관계이상반응,-,Ketorolac,D000274,D000837,티아프로펜산,Tiaprofenicacid,[M080409]티아프로펜산
[M081861]염산도치에핀,단일,-,-,근독성|간질|세로토닌성증후군(고혈압|고열|간대성근경련|정신상태변화등),-,Dothiepin,D000810,D000429,모클로베미드,Moclobemide,[M085249]모클로베미드
[A001163]테노포비르/[A005225]릴피비린/[M250026]엠트리시타빈/[M253921]릴피비린염산염,복합,[D000281]Tenofovir(테노포비르)/[D000225]Rilpivirine(릴피비린),-,-,-,Emtricitabine,D000665,D000209,포스페니토인,Fosphenytoin,[M235712]포스페니토인나트륨
[M214384]염산미로데나필/[M253534]미로데나필,단일,-,-,혈압강하증가,-,Mirodenafil,D000128,D000787,니트로푸루시드,Nitroprusside,[M234430]니트로푸루시드나트륨
[A001163]테노포비르/[A005225]릴피비린/[M250026]엠트리시타빈/[M253921]릴피비린염산염,복합,[D000281]Tenofovir(테노포비르)/[D000225]Rilpivirine(릴피비린),-,-,-,Emtricitabine,D000665,D000695,덱스란소프라졸,Dexlansoprazole,[M255434]덱스란소프라졸
[M040420]염산에페드린/[M223155]에페드린염산염,단일,-,-,혈관수축및혈압상승효과를증가시킴,-,Ephedrine,D000155,D000747,에르고타민,Ergotamine,[M040398]주석산에르고타민/[M040579]카페인(함수)/[M040580]무수카페인/[M090611]카페인/[M223126]에르고타민타르타르산염/[M223183]카페인무수물/[M223184]카페인수화물/[M241017]무수물카페인
[M040084]브롬화수소산덱스트로메토르판/[M202983]덱스트로메토르판브롬화수소산염/[M222957]덱스트로메토르판브롬화수소산염수화물,단일,-,-,경련|반사항진|이상고열|혼수등,-,Dextromethorphan,D000200,D000698,라사길린,Rasagiline,[M257939]라사길린메실산염
[M252262]바데나필염산염(미분화),단일,-,-,Guanylatecyclase자극제의혈압강하작용증가,-,Vardenafil,D000434,D001073,리오시구앗,Riociguat,[M259695]리오시구앗(미분화)
[M088774]희석니트로글리세린/[M094010]5%니트로글리세린무수에탄올액/[M104103]희석된니트로글리세린/[M104323]희석된니트로글리세린(니트로글리세린2%유당)/[M214344]희석힌니트로글리세린용액/[M257143]묽은니트로글리세린,단일,-,-,맥각독성(말초허혈|감각이상|구역|구토)위험증가,소생등의위급상황제외,Nitroglycerin,D000215,D000202,디히드로에르고타민,Dihydroergotamine,[M086240]디히드로에르고타민메실레이트
[A001163]테노포비르/[A005225]릴피비린/[M250026]엠트리시타빈/[M253921]릴피비린염산염,복합,[D000281]Tenofovir(테노포비르)/[D000225]Rilpivirine(릴피비린),-,-,-,Emtricitabine,D000665,D000153,에스오메프라졸,Esomeprazole,[M092321]에스오메프라졸마그네슘삼수화물/[M100498]에스오메프라졸나트륨/[M221042]에스오메프라졸스트론튬사수화물/[M242227]에스오메프라졸마그네슘이수화물/[M249554]에스오메프라졸/[M259375]에스오메프라졸마그네슘이수화물/[M262063]에스오메프라졸마그네슘과립
[A001163]테노포비르/[A005225]릴피비린/[M250026]엠트리시타빈/[M253921]릴피비린염산염,복합,[D000281]Tenofovir(테노포비르)/[D000225]Rilpivirine(릴피비린),-,-,-,Emtricitabine,D000665,D000476,카르바마제핀,Carbamazepine,[M040569]카르바마제핀/[M201734]카바마제핀
[M091777]푸마르산쿠에티아핀/[M220436]푸마르산쿠에티아핀/[M228429]쿠에티아핀푸마르산염/[M243782]쿠에티아핀푸마르산염,단일,-,-,-,-,Quetiapine,D000583,D000560,에피네프린,Epinephrine,[M040421]에피네프린/[M040581]중주석산에피네프린/[M094252]주석산에피네프린/[M251244]에피네프린타르타르산염
[A001163]테노포비르/[A005225]릴피비린/[M250026]엠트리시타빈/[M253921]릴피비린염산염,복합,[D000281]Tenofovir(테노포비르)/[D000225]Rilpivirine(릴피비린),-,-,-,Emtricitabine,D000665,D000699,란소프라졸,Lansoprazole,[M085578]란소프라졸/[M091244]란소프라졸과립
[A001163]테노포비르/[A005225]릴피비린/[M250026]엠트리시타빈/[M253921]릴피비린염산염,복합,[D000281]Tenofovir(테노포비르)/[D000225]Rilpivirine(릴피비린),-,-,-,Emtricitabine,D000665,D000204,라베프라졸,Rabeprazole,[M089852]라베프라졸나트륨
[A001163]테노포비르/[A005225]릴피비린/[M250026]엠트리시타빈/[M253921]릴피비린염산염,복합,[D000281]Tenofovir(테노포비르)/[D000225]Rilpivirine(릴피비린),-,-,-,Emtricitabine,D000665,D000314,리팜피신,Rifampicin,[M020042]리팜피신
[M252145]타펜타돌염산염,단일,-,-,-,-,Tapentadol,D001016,D000429,모클로베미드,Moclobemide,[M085249]모클로베미드
[M050288]디클로페낙나트륨/[M082141]미소프로스톨에취ㆍ피ㆍ엠ㆍ씨배산/[M082142]미소프로스톨/[M083248]디클로페낙/[M083349]디클로페낙베타디메칠아미노에탄올/[M084600]디클로페낙칼륨/[M086205]디클로페낙디에칠암모늄/[M098012]미소프로스톨에취ㆍ피ㆍ엠ㆍ씨배산(1:100)/[M102665]디클로페낙에폴아민/[M216471]미소프로스톨·히드록시프로필메칠셀룰로오스배산(1:100)/[M230206]디클로페낙β-디메칠아미노에탄올/[M249599]디클로페낙디에틸암모늄/[M251996]디클로페낙베타디메틸아미노에탄올/[M252249]디클로페낙β-디메틸아미노에탄올/[M254672]미소프로스톨히프로멜로오스배산(1:100)/[M255472]디클로페낙디에틸아민염/[M256097]미소프로스톨·히드록시프로필메틸셀룰로오스배산(1:100)/[M256203]디클로페낙디에틸아민/[M256598]미소프로스톨-히드록시프로필메틸셀룰로오스배산/[M257626]미소프로스톨100배산/[M258072]미소프로스톨에취.피.엠.씨배산,복합,[D000233]Misoprostol(미소프로스톨),-,-,-,Diclofenac,D000506,D000274,케토롤락,Ketorolac,[M084703]케토롤락트로메타민/[M222885]케토롤락트로메타민염
[M080266]염산딜티아젬/[M081095]딜티아젬아시딕폴리머콤플렉스/[M085036]염산딜티아젬60밀리그람서방형삼층정3정/[M088241]염산딜티아젬서방형입자/[M089288]염산딜티아젬서방성과립/[M222982]딜티아젬염산염,단일,-,-,-,-,Diltiazem,D000818,D000571,이바브라딘,Ivabradine,[M245775]이바브라딘염산염
[M080637]염산베라파밀/[M203207]베라파밀염산염,단일,-,-,-,-,Verapamil,D000329,D000571,이바브라딘,Ivabradine,[M245775]이바브라딘염산염
[I012655]돌루테그라비르나트륨(미분화),단일,-,-,-,-,Dolutegravir,D000986,D000111,필시카이니드,Pilsicainide,[M246835]필시카이니드염산염
[A001163]테노포비르/[A005225]릴피비린/[M250026]엠트리시타빈/[M253921]릴피비린염산염,복합,[D000281]Tenofovir(테노포비르)/[D000225]Rilpivirine(릴피비린),-,-,-,Emtricitabine,D000665,D000751,에스판토프라졸,S-Pantoprazole,[M115229]S-판토프라졸나트륨삼수화물
[A001163]테노포비르/[A005225]릴피비린/[M250026]엠트리시타빈/[M253921]릴피비린염산염,복합,[D000281]Tenofovir(테노포비르)/[D000225]Rilpivirine(릴피비린),-,-,-,Emtricitabine,D000665,D000282,페노바르비탈,Phenobarbital,[M040685]페노바르비탈/[M217088]페노바르비탈나트륨
[A001163]테노포비르/[A005225]릴피비린/[M250026]엠트리시타빈/[M253921]릴피비린염산염,복합,[D000281]Tenofovir(테노포비르)/[D000225]Rilpivirine(릴피비린),-,-,-,Emtricitabine,D000665,D000595,페니토인,Phenytoin,[M051706]페니토인/[M051707]페니토인나트륨
[M080372]염산아미로라이드,단일,-,-,고칼륨혈증위험증가,-,Amiloride,D000159,D000731,스피로노락톤,Spironolactone,[M099796]스피로노락톤
[M071691]피모짓,단일,-,-,QT연장,-,Pimozide,D000213,D000809,아미트리프틸린,Amitriptyline,[M040348]염산아미트리프틸린/[M089101]염산아미트리프틸린서방정과립/[M201277]염산아미트리프틸린서방과립/[M223101]아미트리프틸린염산염
[M085249]모클로베미드,단일,-,-,교감신경흥분제의작용증강또는연장,-,Moclobemide,D000429,D000448,슈도에페드린,Pseudoephedrine,[M050833]염산슈도에페드린/[M051642]염산트리프롤리딘/[M081720]황산슈도에페드린/[M203364]슈도에페드린염산염/[M222865]수도에페드린염산염/[M241782]트리프롤리딘염산염/[M243192]트리프롤리딘염산염/[M243987]트리프롤리딘염산염/[M244139]트리프롤리딘염산염/[M246366]트리프로리딘염산염/[M248579]수도에페드린황산염/[M250460]트리프롤리딘염산염수화물/[M256034]수도에페드린염산염과립/[M258826]수도에페드린
[M257939]라사길린메실산염,단일,-,-,고혈압위기|세로토닌증후군발생위험증가,-,Rasagiline,D000698,D000773,트라마돌,Tramadol,[M080418]염산트라마돌/[M104509]염산트라마돌지속성제피과립/[M222893]트라마돌염산염/[M255410]트라마돌염산염
[M092005]염산피오글리타존/[M201260]염산메트포민/[M214651]염산메트포르민/[M223014]메트포르민염산염/[M235069]피오글리타존염산염/[M244179]메트포르민염산염/[M255741]메트포르민아세트산염/[M260948]피오글리타존염/[M263864]메트포르민/[M266682]메트포르민염산염콜로이드성이산화규소,복합,[D000109]Pioglitazone(피오글리타존),-,기능적신부전에의해유산산성증촉진,48시간이내병용금기,Metformin,D000718,D000832,이오트로란,Iotrolan,[M089396]이오트로란
[M201260]염산메트포민/[M214651]염산메트포르민/[M223014]메트포르민염산염/[M244179]메트포르민염산염/[M255741]메트포르민아세트산염/[M263864]메트포르민/[M266682]메트포르민염산염콜로이드성이산화규소,단일,-,-,기능적신부전에의해유산산성증촉진,48시간이내병용금기,Metformin,D000718,D000831,이오딕사놀,Iodixanol,[M089870]요오딕사놀/[M201123]아이오딕사놀/[M222881]이오딕산올
[M099438]글리클라짓/[M201260]염산메트포민/[M214651]염산메트포르민/[M222831]글리클라지드/[M223014]메트포르민염산염/[M244179]메트포르민염산염/[M255741]메트포르민아세트산염/[M258015]글리크라짓/[M263864]메트포르민/[M266682]메트포르민염산염콜로이드성이산화규소,복합,[D000600]Gliclazide(글리클라지드),-,기능적신부전에의해유산산성증촉진,48시간이내병용금기,Metformin,D000718,D000832,이오트로란,Iotrolan,[M089396]이오트로란
[M084324]암리논/[M098799]인암리논,단일,-,-,근육수축작용증가,-,Amrinone,D000845,D000697,도부타민,Dobutamine,[M080779]염산도부타민/[M222834]도부타민염산염
[M050102]글리벤클라미드/[M201260]염산메트포민/[M214651]염산메트포르민/[M223014]메트포르민염산염/[M244179]메트포르민염산염/[M255741]메트포르민아세트산염/[M263864]메트포르민/[M266682]메트포르민염산염콜로이드성이산화규소,복합,[D000690]Glibenclamide(글리벤클라미드),-,기능적신부전에의해유산산성증촉진,48시간이내병용금기,Metformin,D000718,D000832,이오트로란,Iotrolan,[M089396]이오트로란
[M081683]푸마르산포르모테롤/[M088695]푸마르산포르모테롤이수화물/[M095424]포르모테롤푸마레이트이수화물/[M100632]포르모테롤/[M223288]포르모테롤푸마르산염수화물/[M257129]포르모테롤푸마르산염수화물/[M258126]포르모테롤푸마르산염수화물(미분화),단일,-,-,부정맥또는심정지유도,소생등의위급상황제외,Formoterol,D000838,D000560,에피네프린,Epinephrine,[M040421]에피네프린/[M040581]중주석산에피네프린/[M094252]주석산에피네프린/[M251244]에피네프린타르타르산염
[M071691]피모짓,단일,-,-,QT연장|심실성빈맥|심실세동및torsadesdepointes등심독성위험증가,-,Pimozide,D000213,D000833,텔리트로마이신,Telithromycin,[M093984]텔리스로마이신/[M210450]텔리스로마이신과립/[M241046]텔리트로마이신과립
[A005225]릴피비린/[M253921]릴피비린염산염,단일,-,-,릴피비린의혈중농도가감소하여치료효과감소혹은내성발현,-,Rilpivirine,D000225,D000314,리팜피신,Rifampicin,[M020042]리팜피신
[A005225]릴피비린/[M253921]릴피비린염산염,단일,-,-,릴피비린의혈중농도가감소하여치료효과감소혹은내성발현,-,Rilpivirine,D000225,D000595,페니토인,Phenytoin,[M051706]페니토인/[M051707]페니토인나트륨
[M245775]이바브라딘염산염,단일,-,-,이바브라딘의혈중농도증가,-,Ivabradine,D000571,D000373,클래리트로마이신,Clarithromycin,[M085725]클래리스로마이신/[M087123]클래리스로마이신코팅입자/[M102127]클래리스로마이신제피과립/[M222887]클래리트로마이신/[M223198]클래리트로마이신/[M245961]클래리트로마이신제피과립/[M256483]클래리트로마이신제피과립(42%)
[M051554]염산키실로메타졸린,단일,-,-,xylometazoline의전신작용(고혈압위험)증강또는연장,-,Xylometazoline,D000564,D000698,라사길린,Rasagiline,[M257939]라사길린메실산염
[M245775]이바브라딘염산염,단일,-,-,이바브라딘의혈중농도증가,-,Ivabradine,D000571,D000762,이트라코나졸,Itraconazole,[M083733]이트라코나졸제피과립/[M083734]이트라코나졸/[M092870]이트라코나졸고체분산체/[M201487]이트라코나졸고체분산/[M201624]제피이트라코나졸과립
[M251630]다비가트란에텍실레이트메실산염,단일,-,-,다비가트란의혈중농도가상승하여출혈위험증가,-,Dabigatranetexilate,D000396,D000201,드로네다론,Dronedarone,[M249412]드로네다론염산염
[M251166]아고멜라틴,단일,-,-,아고멜라틴혈중농도증가,-,Agomelatine,D000735,D000142,시프로플록사신,Ciprofloxacin,[M082454]염산시프로프록사신/[M091139]시프로플록사신/[M095543]염산시프로플록사신/[M223091]시프로플록사신염산염수화물/[M242850]시프로플록사신염산염
[M251166]아고멜라틴,단일,-,-,아고멜라틴혈중농도증가,-,Agomelatine,D000735,D000800,플루복사민,Fluvoxamine,[M088658]플루복사민말레이트
[M092321]에스오메프라졸마그네슘삼수화물/[M100498]에스오메프라졸나트륨/[M221042]에스오메프라졸스트론튬사수화물/[M242227]에스오메프라졸마그네슘이수화물/[M249554]에스오메프라졸/[M259375]에스오메프라졸마그네슘이수화물/[M262063]에스오메프라졸마그네슘과립,단일,-,-,Nelfinavir의치료효과감소및내성발현위험증가,-,Esomeprazole,D000153,D000003,넬피나비어,Nelfinavir,[M088546]메실산넬피나비어
[M252262]바데나필염산염(미분화),단일,-,-,혈압강하증가,-,Vardenafil,D000434,D000022,소타롤,Sotalol,[A005022]소타롤
[M252262]바데나필염산염(미분화),단일,-,-,혈압강하증가,-,Vardenafil,D000434,D000626,로피나비르,Lopinavir,[M259361]로피나비르/[M259362]리토나비르
[M252262]바데나필염산염(미분화),단일,-,-,혈압강하증가,-,Vardenafil,D000434,D000395,다루나비르,Darunavir,[M258751]다루나비르에탄올레이트
[M252262]바데나필염산염(미분화),단일,-,-,혈압강하증가,-,Vardenafil,D000434,D000259,아미오다론,Amiodarone,[A005259]아미오다론
[M051554]염산키실로메타졸린,단일,-,-,xylometazoline의전신작용(고혈압위험)증강또는연장,-,Xylometazoline,D000564,D000429,모클로베미드,Moclobemide,[M085249]모클로베미드
[M051554]염산키실로메타졸린,단일,-,-,xylometazoline의전신작용(고혈압위험)증강또는연장,-,Xylometazoline,D000564,D000139,셀레길린염산염,SelegilineHydrochloride,[M222864]셀레길린염산염
[M261497]펜타미딘이세티온산염,단일,-,-,췌장염유발,-,Pentamidin,D000513,D000839,잘시타빈,Zalcitabine,[M093771]잘시타빈
[M093984]텔리스로마이신/[M210450]텔리스로마이신과립/[M241046]텔리트로마이신과립,단일,-,-,맥각독성(혈관경련|말단및기타조직허혈등)위험증가,-,Telithromycin,D000833,D000747,에르고타민,Ergotamine,[M040398]주석산에르고타민/[M223126]에르고타민타르타르산염/[M223183]카페인무수물
[M081683]푸마르산포르모테롤/[M088695]푸마르산포르모테롤이수화물/[M095424]포르모테롤푸마레이트이수화물/[M100632]포르모테롤/[M223288]포르모테롤푸마르산염수화물/[M257129]포르모테롤푸마르산염수화물/[M258126]포르모테롤푸마르산염수화물(미분화),단일,-,-,부정맥또는심정지,-,Formoterol,D000838,D000082,노르에피네프린,Norepinephrine,[M091963]주석산수소노르에피네프린/[M252333]노르에피네프린타르타르산염수화물
[M089710]심바스타틴,단일,-,-,근병증및횡문근융해？,-,Simvastatin,D000027,D000833,텔리트로마이신,Telithromycin,[M093984]텔리스로마이신/[M210450]텔리스로마이신과립/[M241046]텔리트로마이신과립
[M099796]스피로노락톤,단일,-,-,고칼륨혈증위험증가,-,Spironolactone,D000731,D000829,트리암테렌,Triamterene,[M040663]트리암테렌
[M040398]주석산에르고타민/[M223126]에르고타민타르타르산염/[M223183]카페인무수물,복합,[D001266]AnhydrousCaffeine(카페인무수물),-,맥각독성(혈관경련|말단및기타조직허혈),-,Ergotamine,D000747,D000003,넬피나비어,Nelfinavir,[M088546]메실산넬피나비어
[M086024]글리메피리드/[M201260]염산메트포민/[M214651]염산메트포르민/[M223014]메트포르민염산염/[M244179]메트포르민염산염/[M255741]메트포르민아세트산염/[M263864]메트포르민/[M266682]메트포르민염산염콜로이드성이산화규소,복합,[D000392]Glimepiride(글리메피리드),-,기능적신부전에의해유산산성증촉진,48시간이내병용금기,Metformin,D000718,D000832,이오트로란,Iotrolan,[M089396]이오트로란
[M040818]히드로코르티손/[M101579]히드로코르티손/[M104049]호박산히드로코르티손나트륨/[M204310]하이드로코르티손/[M223350]히드로코르티손부티레이트/[M223352]히드로코르티손숙시네이트나트륨/[M223353]히드로코르티손아세테이트/[M257131]히드로코르티손발레레이트/[M261154]히드로코르티손프로부테이트,단일,-,-,1.아킬레스건파열및손상<특히노인>2.심혈관계부작용증가,-,Hydrocortisone,D000522,D000830,스파플록사신,Sparfloxacin,[M083268]스파플록사신
[M084703]케토롤락트로메타민/[M222885]케토롤락트로메타민염,단일,-,-,중증의위장관계이상반응,-,Ketorolac,D000274,D000835,플루페남산,Flufenamicacid,[M051841]플루페남산
[M081861]염산도치에핀,단일,-,-,근독성|간질|세로토닌성증후군(고혈압|고열|간대성근경련|정신상태변화등),-,Dothiepin,D000810,D000139,셀레길린염산염,SelegilineHydrochloride,[M222864]셀레길린염산염
[A005259]아미오다론,단일,-,-,QT연장|심실성빈맥|심실세동및torsadesdepointes등심독성위험증가,-,Amiodarone,D000259,D000830,스파플록사신,Sparfloxacin,[M083268]스파플록사신
[M040398]주석산에르고타민/[M223126]에르고타민타르타르산염/[M223183]카페인무수물,복합,[D001266]AnhydrousCaffeine(카페인무수물),-,맥각독성(혈관경련|말단및기타조직허혈),-,Ergotamine,D000747,D000443,보리코나졸,Voriconazole,[I005813]보리코나졸/[M102252]보리코나졸
[M040398]주석산에르고타민/[M223126]에르고타민타르타르산염/[M223183]카페인무수물,복합,[D001266]AnhydrousCaffeine(카페인무수물),-,맥각독성(혈관경련|말단및기타조직허혈),-,Ergotamine,D000747,D000763,인디나빌,Indinavir,[M239870]인디나빌황산염
[M071691]피모짓,단일,-,-,QT간격연장,-,Pimozide,D000213,D000842,토레미펜,Toremifene,[M089372]구연산토레미펜/[M246995]토레미펜시트르산염/[M255572]토레미펜구연산염
[M081151]클로펜틱솔,단일,-,-,혈압강하,-,Zuclopenthixol,D000840,D000560,에피네프린,Epinephrine,[M040421]에피네프린/[M040581]중주석산에피네프린/[M094252]주석산에피네프린/[M251244]에피네프린타르타르산염
[M093984]텔리스로마이신/[M210450]텔리스로마이신과립/[M241046]텔리트로마이신과립,단일,-,-,QT간격연장으로심실성부정맥위험증가가능,-,Telithromycin,D000833,D000259,아미오다론,Amiodarone,[A005259]아미오다론
[M040162]메칠프레드니솔론/[M040163]호박산메칠프레드니솔론나트륨/[M050439]초산메칠프레드니솔론/[M084969]아세폰산메칠프레드니솔론/[M222493]메칠프레드니솔론나트륨호박산염/[M222845]메틸프레드니솔론숙시네이트나트륨/[M223027]메틸프레드니솔론/[M241237]메틸프레드니솔론아세폰산염/[M250724]메틸프레드니솔론아세포네이트/[M259222]아세폰산메틸프레드니솔론/[M261985]메틸프레드니솔론숙시네이트나트륨ㆍ건조인산나트륨ㆍ무수인산이수소나트륨,단일,-,-,1.아킬레스건파열및손상<특히노인>2.심혈관계부작용증가,-,Methylprednisolone,D000005,D000830,스파플록사신,Sparfloxacin,[M083268]스파플록사신
[M252262]바데나필염산염(미분화),단일,-,-,혈압강하증가,-,Vardenafil,D000434,D000150,아타자나비르,Atazanavir,[M249264]아타자나비어황산염/[M263079]아타자나비르황산염
[M214384]염산미로데나필/[M253534]미로데나필,단일,-,-,혈압강하증가,-,Mirodenafil,D000128,D000215,니트로글리세린,Nitroglycerin,[M088774]희석니트로글리세린/[M094010]5%니트로글리세린무수에탄올액/[M104103]희석된니트로글리세린/[M104323]희석된니트로글리세린(니트로글리세린2%유당)/[M214344]희석힌니트로글리세린용액/[M257143]묽은니트로글리세린
[M252563]아바나필,단일,-,-,기절의효과감소,-,Avanafil,D000737,D000497,니카르디핀,Nicardipine,[M222948]니카르디핀염산염/[M228651]니카르디핀염산염위용성과립/[M228652]니카르디핀염산염장용성과립
[A005749]에티닐에스트라디올/[M040405]에치닐에스트라디올/[M080323]초산시프로테론/[M222867]시프로테론아세테이트/[M223147]에티닐에스트라디올/[M259133]에티닐에스트라디올(EE-베타덱스포접체로서),복합,[D000749]Ethinylestradiol(에티닐에스트라디올),-,혈전색전증위험을높임,-,Cyproterone,D000733,D000789,드로스피레논,Drospirenone,[A005749]에티닐에스트라디올/[M040405]에치닐에스트라디올/[M211129]드로스피레논/[M223147]에티닐에스트라디올/[M259133]에티닐에스트라디올(EE-베타덱스포접체로서)
[M230909]실로도신,단일,-,-,실로도신의혈중농도증가,-,Silodosin,D000342,D000373,클래리트로마이신,Clarithromycin,[M085725]클래리스로마이신/[M087123]클래리스로마이신코팅입자/[M102127]클래리스로마이신제피과립/[M222887]클래리트로마이신/[M223198]클래리트로마이신/[M245961]클래리트로마이신제피과립/[M256483]클래리트로마이신제피과립(42%)
[I012462]리바록사반(미세화)/[M254091]리바록사반(미세화)/[M264293]리바록사반(미분화),단일,-,-,리바록사반의혈중농도가상승하여출혈위험증가,-,Rivaroxaban,D000527,D000443,보리코나졸,Voriconazole,[I005813]보리코나졸/[M102252]보리코나졸
[A005225]릴피비린/[M253921]릴피비린염산염,단일,-,-,위장pH의증가로릴피비린의흡수가저하되어릴피비린의치료효과감소,-,Rilpivirine,D000225,D000469,오메프라졸,Omeprazole,[M083697]오메프라졸장용성과립/[M083698]오메프라졸/[M089720]오메프라졸나트륨/[M201348]오메프라졸장용과립
[A005225]릴피비린/[M253921]릴피비린염산염,단일,-,-,릴피비린의혈중농도가감소하여치료효과감소혹은내성발현,-,Rilpivirine,D000225,D000447,세인트존스워트,St.JohnsWort,[M220509]세인트존스워트/[M248295]세인트존스워트80%메탄올엑스/[M255952]세인트존스워트50%에탄올엑스/[M256845]세인트존스워트틴크D2/[M258013]세인트존스워트80%메탄올건조엑스
[A005225]릴피비린/[M253921]릴피비린염산염,단일,-,-,릴피비린의혈중농도가감소하여치료효과감소혹은내성발현,-,Rilpivirine,D000225,D000209,포스페니토인,Fosphenytoin,[M235712]포스페니토인나트륨
[A005225]릴피비린/[M253921]릴피비린염산염,단일,-,-,릴피비린의혈중농도가감소하여치료효과감소혹은내성발현,-,Rilpivirine,D000225,D000476,카르바마제핀,Carbamazepine,[M040569]카르바마제핀/[M201734]카바마제핀
[M252566]포스아프레피탄트디메글루민염,단일,-,-,피모짓의혈중농도증가,-,FosaprepitantDimeglumine,D000208,D000213,피모짓,Pimozide,[M071691]피모짓
[M245171]페북소스타트/[M245172]페북소스타트/[M245173]페북소스타트/[M245174]페북소스타트/[M245186]페북소스타트,단일,-,-,메르캅토푸린의혈중농도증가,-,Febuxostat,D000402,D000123,메르캅토푸린,Mercaptopurine,[M040148]메르캅토푸린/[M223006]메르캅토푸린수화물
[M255434]덱스란소프라졸,단일,-,-,Atazanavir의치료효과감소및내성발현위험증가,-,Dexlansoprazole,D000695,D000150,아타자나비르,Atazanavir,[M249264]아타자나비어황산염/[M263079]아타자나비르황산염
[M082858]지도부딘/[M086332]라미부딘,복합,[D000172]Zidovudine(지도부딘),-,세포내인산화방해|동일한역전사효소유전자(M184V)변이를통한바이러스내성-항바이러스효과감소,상품명:트루바다정,Lamivudine,D000615,D000665,엠트리시타빈,Emtricitabine,[A001163]테노포비르/[M250026]엠트리시타빈
[M086332]라미부딘,단일,-,-,세포내인산화방해|동일한역전사효소유전자(M184V)변이를통한바이러스내성-항바이러스효과감소,상품명:컴플레라정,Lamivudine,D000615,D000665,엠트리시타빈,Emtricitabine,[A001163]테노포비르/[A005225]릴피비린/[M250026]엠트리시타빈/[M253921]릴피비린염산염
[M086332]라미부딘,단일,-,-,세포내인산화방해|동일한역전사효소유전자(M184V)변이를통한바이러스내성-항바이러스효과감소,상품명:트루바다정,Lamivudine,D000615,D000665,엠트리시타빈,Emtricitabine,[A001163]테노포비르/[M250026]엠트리시타빈
[M081091]돔페리돈/[M085595]말레인산돔페리돈/[M222961]돔페리돈말레산염,단일,-,-,QTc연장효과증대로심각한위험(TorsadedePointes|심각한심실성부정맥포함)가능성강력한CYP억제제가돔페리돈의대사를감소시켜|돔페리돈의영향(이상반응포함)증대가능성,-,Domperidone,D000297,D000443,보리코나졸,Voriconazole,[I005813]보리코나졸/[M102252]보리코나졸
[M081091]돔페리돈/[M085595]말레인산돔페리돈/[M222961]돔페리돈말레산염,단일,-,-,QTc연장효과증대로심각한위험(TorsadedePointes|심각한심실성부정맥포함)가능성강력한CYP억제제가돔페리돈의대사를감소시켜|돔페리돈의영향(이상반응포함)증대가능성,-,Domperidone,D000297,D000833,텔리트로마이신,Telithromycin,[M093984]텔리스로마이신/[M210450]텔리스로마이신과립/[M241046]텔리트로마이신과립
[M081091]돔페리돈/[M085595]말레인산돔페리돈/[M222961]돔페리돈말레산염,단일,-,-,QTc연장효과증대로심각한위험(TorsadedePointes|심각한심실성부정맥포함)가능성강력한CYP억제제가돔페리돈의대사를감소시켜|돔페리돈의영향(이상반응포함)증대가능성,-,Domperidone,D000297,D000405,포사코나졸,Posaconazole,[M256381]포사코나졸(미분화)
[M081091]돔페리돈/[M085595]말레인산돔페리돈/[M222961]돔페리돈말레산염,단일,-,-,QTc연장효과증대로심각한위험(TorsadedePointes|심각한심실성부정맥포함)가능성,-,Domperidone,D000297,D000213,피모짓,Pimozide,[M071691]피모짓
[M081091]돔페리돈/[M085595]말레인산돔페리돈/[M222961]돔페리돈말레산염,단일,-,-,QTc연장효과증대로심각한위험(TorsadedePointes|심각한심실성부정맥포함)가능성,-,Domperidone,D000297,D000111,필시카이니드,Pilsicainide,[M246835]필시카이니드염산염
[M081091]돔페리돈/[M085595]말레인산돔페리돈/[M222961]돔페리돈말레산염,단일,-,-,강력한CYP억제제가돔페리돈의대사를감소시켜|돔페리돈의영향(이상반응포함)증대가능성,-,Domperidone,D000297,D000003,넬피나비어,Nelfinavir,[M088546]메실산넬피나비어
[M081091]돔페리돈/[M085595]말레인산돔페리돈/[M222961]돔페리돈말레산염,단일,-,-,QTc연장효과증대로심각한위험(TorsadedePointes|심각한심실성부정맥포함)가능성,-,Domperidone,D000297,D000425,메토클로프라미드,Metoclopramide,[M040678]판크레아틴/[M050465]메토클로프라미드/[M050466]염산메토클로프라미드/[M082071]판크레아틴장용과립/[M089689]판크레아틴I/[M089690]판크레아틴II/[M102500]판크레아틴장용성제피정/[M223013]메토클로프라미드염산염수화물/[M257265]판크레아틴장용성제피펠렛/[M261343]판크레아틴Ⅰ/[M262958]판크레아틴장용성제피미세정
[M230909]실로도신,단일,-,-,실로도신의혈중농도증가,-,Silodosin,D000342,D000762,이트라코나졸,Itraconazole,[M083733]이트라코나졸제피과립/[M083734]이트라코나졸/[M092870]이트라코나졸고체분산체/[M201487]이트라코나졸고체분산/[M201624]제피이트라코나졸과립
[M081091]돔페리돈/[M085595]말레인산돔페리돈/[M222961]돔페리돈말레산염,단일,-,-,QTc연장효과증대로심각한위험(TorsadedePointes|심각한심실성부정맥포함)가능성,-,Domperidone,D000297,D000348,에바스틴,Ebastine,[M085337]에바스틴/[M088967]에바스틴구형과립
[M252563]아바나필,단일,-,-,혈압강하증가,-,Avanafil,D000737,D000530,몰시도민,Molsidomine,[M070605]몰시도민
[M252563]아바나필,단일,-,-,혈압강하증가,-,Avanafil,D000737,D000763,인디나빌,Indinavir,[M239870]인디나빌황산염
[I012462]리바록사반(미세화)/[M254091]리바록사반(미세화)/[M264293]리바록사반(미분화),단일,-,-,리바록사반의혈중농도가상승하여출혈위험증가,-,Rivaroxaban,D000527,D000712,리토나비르,Ritonavir,[M259362]리토나비르
[I012462]리바록사반(미세화)/[M254091]리바록사반(미세화)/[M264293]리바록사반(미분화),단일,-,-,리바록사반의혈중농도가상승하여출혈위험증가,-,Rivaroxaban,D000527,D000150,아타자나비르,Atazanavir,[M249264]아타자나비어황산염/[M263079]아타자나비르황산염
[A005225]릴피비린/[M253921]릴피비린염산염,단일,-,-,위장pH의증가로릴피비린의흡수가저하되어릴피비린의치료효과감소,-,Rilpivirine,D000225,D000699,란소프라졸,Lansoprazole,[M085578]란소프라졸/[M091244]란소프라졸과립
[M257939]라사길린메실산염,단일,-,-,고혈압위기|세로토닌증후군발생위험증가,-,Rasagiline,D000698,D000700,페티딘,Pethidine,[M223282]페티딘염산염/[M225648]염산페치딘
[A005749]에티닐에스트라디올/[M040405]에치닐에스트라디올/[M080323]초산시프로테론/[M222867]시프로테론아세테이트/[M223147]에티닐에스트라디올/[M259133]에티닐에스트라디올(EE-베타덱스포접체로서),복합,[D000749]Ethinylestradiol(에티닐에스트라디올),-,혈전색전증위험을높임,48시간이내병용금기,Cyproterone,D000733,D000556,에토노게스트렐,Etonogestrel,[A005749]에티닐에스트라디올/[M040405]에치닐에스트라디올/[M093855]에토노게스트렐/[M223147]에티닐에스트라디올/[M259133]에티닐에스트라디올(EE-베타덱스포접체로서)
[M252262]바데나필염산염(미분화),단일,-,-,혈압강하증가,-,Vardenafil,D000434,D000763,인디나빌,Indinavir,[M239870]인디나빌황산염
[M252563]아바나필,단일,-,-,동일계열병용투여금기,-,Avanafil,D000737,D000569,유데나필,Udenafil,[M102602]유데나필
[M252563]아바나필,단일,-,-,혈압강하증가,-,Avanafil,D000737,D000712,리토나비르,Ritonavir,[M259362]리토나비르
[M081091]돔페리돈/[M085595]말레인산돔페리돈/[M222961]돔페리돈말레산염,단일,-,-,QTc연장효과증대로심각한위험(TorsadedePointes|심각한심실성부정맥포함)가능성,-,Domperidone,D000297,D000774,트라조돈염산염,TrazodoneHydrochloride,[M080557]염산트라조돈/[M246553]트라조돈염산염
[M081091]돔페리돈/[M085595]말레인산돔페리돈/[M222961]돔페리돈말레산염,단일,-,-,QTc연장효과증대로심각한위험(TorsadedePointes|심각한심실성부정맥포함)가능성,-,Domperidone,D000297,D000035,에스시탈로프람,Escitalopram,[M234885]에스시탈로프람옥살산염/[M256262]에스시탈로프람
[M081091]돔페리돈/[M085595]말레인산돔페리돈/[M222961]돔페리돈말레산염,단일,-,-,QTc연장효과증대로심각한위험(TorsadedePointes|심각한심실성부정맥포함)가능성,-,Domperidone,D000297,D000022,소타롤,Sotalol,[A005022]소타롤
[M081091]돔페리돈/[M085595]말레인산돔페리돈/[M222961]돔페리돈말레산염,단일,-,-,QTc연장효과증대로심각한위험(TorsadedePointes|심각한심실성부정맥포함)가능성,-,Domperidone,D000297,D000422,리스페리돈,Risperidone,[M086310]리스페리돈/[M098171]리스페리돈서방성미립구
[M081091]돔페리돈/[M085595]말레인산돔페리돈/[M222961]돔페리돈말레산염,단일,-,-,QTc연장효과증대로심각한위험(TorsadedePointes|심각한심실성부정맥포함)가능성,-,Domperidone,D000297,D000299,라도티닙,Radotinib,[M253750]라도티닙염산염
[M081091]돔페리돈/[M085595]말레인산돔페리돈/[M222961]돔페리돈말레산염,단일,-,-,QTc연장효과증대로심각한위험(TorsadedePointes|심각한심실성부정맥포함)가능성,-,Domperidone,D000297,D000513,펜타미딘,Pentamidin,[M261497]펜타미딘이세티온산염
[M081091]돔페리돈/[M085595]말레인산돔페리돈/[M222961]돔페리돈말레산염,단일,-,-,QTc연장효과증대로심각한위험(TorsadedePointes|심각한심실성부정맥포함)가능성,-,Domperidone,D000297,D000608,닐로티닙,Nilotinib,[M249741]닐로티닙염산염일수화물
[M081091]돔페리돈/[M085595]말레인산돔페리돈/[M222961]돔페리돈말레산염,단일,-,-,QTc연장효과증대로심각한위험(TorsadedePointes|심각한심실성부정맥포함)가능성,-,Domperidone,D000297,D000430,목시플록사신,Moxifloxacin,[M090822]염산목시플록사신/[M247915]목시플록사신염산염/[M247929]목시플록사신
[M081091]돔페리돈/[M085595]말레인산돔페리돈/[M222961]돔페리돈말레산염,단일,-,-,QTc연장효과증대로심각한위험(TorsadedePointes|심각한심실성부정맥포함)가능성,-,Domperidone,D000297,D000719,미졸라스틴,Mizolastine,[M089840]미졸라스틴
[M081091]돔페리돈/[M085595]말레인산돔페리돈/[M222961]돔페리돈말레산염,단일,-,-,QTc연장효과증대로심각한위험(TorsadedePointes|심각한심실성부정맥포함)가능성,-,Domperidone,D000297,D000226,메퀴타진,Mequitazine,[M050446]메퀴타진
[M081091]돔페리돈/[M085595]말레인산돔페리돈/[M222961]돔페리돈말레산염,단일,-,-,QTc연장효과증대로심각한위험(TorsadedePointes|심각한심실성부정맥포함)가능성,-,Domperidone,D000297,D000113,할로페리돌,Haloperidol,[M040766]할로페리돌/[M089302]할로페리돌데카노에이트
[M081091]돔페리돈/[M085595]말레인산돔페리돈/[M222961]돔페리돈말레산염,단일,-,-,QTc연장효과증대로심각한위험(TorsadedePointes|심각한심실성부정맥포함)가능성강력한CYP억제제가돔페리돈의대사를감소시켜|돔페리돈의영향(이상반응포함)증대가능성,-,Domperidone,D000297,D000769,케토코나졸,Ketoconazole,[M080618]케토코나졸
[M081091]돔페리돈/[M085595]말레인산돔페리돈/[M222961]돔페리돈말레산염,단일,-,-,QTc연장효과증대로심각한위험(TorsadedePointes|심각한심실성부정맥포함)가능성,-,Domperidone,D000297,D000517,플루코나졸,Fluconazole,[M084154]플루코나졸
[M081091]돔페리돈/[M085595]말레인산돔페리돈/[M222961]돔페리돈말레산염,단일,-,-,QTc연장효과증대로심각한위험(TorsadedePointes|심각한심실성부정맥포함)가능성,-,Domperidone,D000297,D000584,클로르프로마진,Chlorpromazine,[M040618]염산클로르프로마진/[M223216]클로르프로마진염산염
[M222988]레보메프로마진말레산염,단일,-,-,중추흥분상태증가,-,Levomepromazine,D000792,D000139,셀레길린염산염,SelegilineHydrochloride,[M222864]셀레길린염산염
[M050468]염산메톡시페나민/[M253687]메톡시페나민염산염,단일,-,-,부정맥또는심정지,소생등의응급상황제외,Methoxyphenamine,D000125,D000560,에피네프린,Epinephrine,[M040421]에피네프린/[M040581]중주석산에피네프린/[M094252]주석산에피네프린/[M251244]에피네프린타르타르산염
[M089852]라베프라졸나트륨,단일,-,-,아타자나비르의혈중농도감소,-,Rabeprazole,D000204,D000150,아타자나비르,Atazanavir,[M249264]아타자나비어황산염/[M263079]아타자나비르황산염
[M099629]염산펜터민/[M219108]염산펜터민/[M238557]펜터민염산염,단일,-,-,판막심장병위험,-,Phentermine,D000795,D000714,마진돌,Mazindol,[M092419]마진돌
[M088437]주석산펜디메트라진/[M214394]주석산펜디메트라진/[M230784]펜디메트라진타르타르산염,단일,-,-,판막심장병위험,-,Phendimetrazinetartrate,D000701,D000714,마진돌,Mazindol,[M092419]마진돌
[M088437]주석산펜디메트라진/[M214394]주석산펜디메트라진/[M230784]펜디메트라진타르타르산염,단일,-,-,판막심장병위험,-,Phendimetrazinetartrate,D000701,D000795,펜터민,Phentermine,[M099629]염산펜터민/[M219108]염산펜터민/[M238557]펜터민염산염
[M252241]알모트립탄말산염,단일,-,-,상가적인혈관수축반응|혈압상승,-,Almotriptan,D000745,D000650,수마트립탄,Sumatriptan,[M089467]호박산수마트립탄/[M246956]수마트립탄숙신산염
[M088437]주석산펜디메트라진/[M214394]주석산펜디메트라진/[M230784]펜디메트라진타르타르산염,단일,-,-,혈압상승위험,-,Phendimetrazinetartrate,D000701,D000429,모클로베미드,Moclobemide,[M085249]모클로베미드
[M212533]염산아토목세틴/[M246680]아토목세틴염산염,단일,-,-,고열|경직|간대성근경련|정신상태변화등,-,Atomoxetine,D000552,D000139,셀레길린염산염,SelegilineHydrochloride,[M222864]셀레길린염산염
[A005487]톨밥탄/[M252922]톨밥탄분무건조분말,단일,-,-,톨밥탄의혈중농도증가,-,Tolvaptan,D000487,D000763,인디나빌,Indinavir,[M239870]인디나빌황산염
[M089365]말레인산로시글리타존/[M201260]염산메트포민/[M214651]염산메트포르민/[M223014]메트포르민염산염/[M237507]로시글리타존말레산염/[M244179]메트포르민염산염/[M255741]메트포르민아세트산염/[M263864]메트포르민/[M266682]메트포르민염산염콜로이드성이산화규소,복합,[D000002]RosiglitazoneMaleate(로시글리타존말레산염),-,기능적신부전에의해유산산성증촉진,48시간이내병용금기,Metformin,D000718,D000761,이오프로마이드,Iopromide,[M085564]이오프로마이드
[M099438]글리클라짓/[M201260]염산메트포민/[M214651]염산메트포르민/[M222831]글리클라지드/[M223014]메트포르민염산염/[M244179]메트포르민염산염/[M255741]메트포르민아세트산염/[M258015]글리크라짓/[M263864]메트포르민/[M266682]메트포르민염산염콜로이드성이산화규소,복합,[D000600]Gliclazide(글리클라지드),-,기능적신부전에의해유산산성증촉진,48시간이내병용금기,Metformin,D000718,D000268,이옥사글린산,IoxaglicAcid,[M085561]이옥사글린산
[M249412]드로네다론염산염,단일,-,-,Torsadedepointes위험증가,-,Dronedarone,D000201,D000809,아미트리프틸린,Amitriptyline,[M040348]염산아미트리프틸린/[M089101]염산아미트리프틸린서방정과립/[M201277]염산아미트리프틸린서방과립/[M223101]아미트리프틸린염산염
[M050744]황산살부타몰/[M088646]황산살부타몰서방성과립/[M223069]살부타몰황산염/[M259051]살부타몰황산염(미분화),단일,-,-,부정맥또는심정지,소생등의응급상황제외,Salbutamol,D000137,D000082,노르에피네프린,Norepinephrine,[M091963]주석산수소노르에피네프린/[M252333]노르에피네프린타르타르산염수화물
[M020218]황산네틸마이신/[M222832]네틸마이신황산염,단일,-,-,신독성및청각독성증강,-,Netilmicin,D000604,D000798,푸로세미드,Furosemide,[M040715]푸로세미드
[M084154]플루코나졸,단일,-,-,맥각독성(혈관경련|말단및기타조직허혈등)위험증가,-,Fluconazole,D000517,D000747,에르고타민,Ergotamine,[M040398]주석산에르고타민/[M040579]카페인(함수)/[M040580]무수카페인/[M090611]카페인/[M223126]에르고타민타르타르산염/[M223183]카페인무수물/[M223184]카페인수화물/[M241017]무수물카페인
[M257939]라사길린메실산염,단일,-,-,고혈압위기|세로토닌증후군발생위험증가,-,Rasagiline,D000698,D000139,셀레길린염산염,SelegilineHydrochloride,[M222864]셀레길린염산염
[M257333]이그라티모드,단일,-,-,와파린작용증대,-,Iguratimod,D000472,D000567,와파린,Warfarin,[M081434]와파린나트륨
[M214384]염산미로데나필/[M253534]미로데나필,단일,-,-,혈압강하증가,-,Mirodenafil,D000128,D000530,몰시도민,Molsidomine,[M070605]몰시도민
[M086024]글리메피리드/[M201260]염산메트포민/[M214651]염산메트포르민/[M223014]메트포르민염산염/[M244179]메트포르민염산염/[M255741]메트포르민아세트산염/[M263864]메트포르민/[M266682]메트포르민염산염콜로이드성이산화규소,복합,[D000392]Glimepiride(글리메피리드),-,기능적신부전에의해유산산성증촉진,48시간이내병용금기,Metformin,D000718,D000268,이옥사글린산,IoxaglicAcid,[M085561]이옥사글린산
[M089365]말레인산로시글리타존/[M201260]염산메트포민/[M214651]염산메트포르민/[M223014]메트포르민염산염/[M237507]로시글리타존말레산염/[M244179]메트포르민염산염/[M255741]메트포르민아세트산염/[M263864]메트포르민/[M266682]메트포르민염산염콜로이드성이산화규소,복합,[D000002]RosiglitazoneMaleate(로시글리타존말레산염),-,기능적신부전에의해유산산성증촉진,48시간이내병용금기,Metformin,D000718,D000267,이오파미돌,Iopamidol,[M085529]이오파미돌
[M050102]글리벤클라미드/[M201260]염산메트포민/[M214651]염산메트포르민/[M223014]메트포르민염산염/[M244179]메트포르민염산염/[M255741]메트포르민아세트산염/[M263864]메트포르민/[M266682]메트포르민염산염콜로이드성이산화규소,복합,[D000690]Glibenclamide(글리벤클라미드),-,기능적신부전에의해유산산성증촉진,48시간이내병용금기,Metformin,D000718,D000268,이옥사글린산,IoxaglicAcid,[M085561]이옥사글린산
[M089710]심바스타틴/[M097492]에제티미브,복합,[D000027]Simvastatin(심바스타틴),-,근증/횡문근변성의위험성이증가,-,Ezetimibe,D000350,D000150,아타자나비르,Atazanavir,[M249264]아타자나비어황산염/[M263079]아타자나비르황산염
[M247117]블로난세린,단일,-,-,Blonanserin혈중약물농도증가로작용증대,-,Blonanserin,D000020,D000003,넬피나비어,Nelfinavir,[M088546]메실산넬피나비어
[M050926]염산아만타딘/[M081897]황산아만타딘/[M258880]아만타딘황산염/[M263832]아만타딘,단일,-,-,QT간격연장,-,Amantadine,D000343,D000201,드로네다론,Dronedarone,[M249412]드로네다론염산염
[I012462]리바록사반(미세화)/[M254091]리바록사반(미세화)/[M264293]리바록사반(미분화),단일,-,-,리바록사반의혈중농도가상승하여출혈위험증가,상품명:스트리빌드정,Rivaroxaban,D000527,D000673,코비시스타트,Cobicistat,[A001163]테노포비르/[A005561]엘비테그라비르/[M250026]엠트리시타빈/[M256270]코비시스타트이산화규소
[A005487]톨밥탄/[M252922]톨밥탄분무건조분말,단일,-,-,톨밥탄의혈중농도증가,-,Tolvaptan,D000487,D000003,넬피나비어,Nelfinavir,[M088546]메실산넬피나비어
[M081091]돔페리돈/[M085595]말레인산돔페리돈/[M222961]돔페리돈말레산염,단일,-,-,QTc연장효과증대로심각한위험(TorsadedePointes|심각한심실성부정맥포함)가능성강력한CYP억제제가돔페리돈의대사를감소시켜|돔페리돈의영향(이상반응포함)증대가능성,-,Domperidone,D000297,D000150,아타자나비르,Atazanavir,[M249264]아타자나비어황산염/[M263079]아타자나비르황산염
[M081091]돔페리돈/[M085595]말레인산돔페리돈/[M222961]돔페리돈말레산염,단일,-,-,QTc연장효과증대로심각한위험(TorsadedePointes|심각한심실성부정맥포함)가능성,-,Domperidone,D000297,D000742,아지트로마이신,Azithromycin,[M085338]아지스로마이신/[M222871]아지트로마이신/[M250781]아지트로마이신수화물
[M252563]아바나필,단일,-,-,혈압강하증가,-,Avanafil,D000737,D000128,미로데나필,Mirodenafil,[M214384]염산미로데나필/[M253534]미로데나필
[M252563]아바나필,단일,-,-,혈압강하증가,-,Avanafil,D000737,D000770,클로람페니콜,Chloramphenicol,[M020122]클로람페니콜/[M223202]클로람페니콜나트륨숙시네이트
[M095446]파리칼시톨,단일,-,-,고칼슘혈증,-,Paricalcitol,D000188,D000581,칼시트리올,Calcitriol,[M082905]칼시트리올/[M200966]소듐알렌드로네이트/[M206239]알렌드론산나트륨/[M222873]알렌드론산나트륨수화물/[M253533]알렌드론산나트륨삼수화물
[M081091]돔페리돈/[M085595]말레인산돔페리돈/[M222961]돔페리돈말레산염,단일,-,-,QTc연장효과증대로심각한위험(TorsadedePointes|심각한심실성부정맥포함)가능성,-,Domperidone,D000297,D000693,데가렐릭스,Degarelix,[M256795]데가렐릭스
[M081091]돔페리돈/[M085595]말레인산돔페리돈/[M222961]돔페리돈말레산염,단일,-,-,QTc연장효과증대로심각한위험(TorsadedePointes|심각한심실성부정맥포함)가능성,-,Domperidone,D000297,D000332,시탈로프람,Citalopram,[M085304]브롬화수소산시탈로프람
[M081091]돔페리돈/[M085595]말레인산돔페리돈/[M222961]돔페리돈말레산염,단일,-,-,QTc연장효과증대로심각한위험(TorsadedePointes|심각한심실성부정맥포함)가능성,-,Domperidone,D000297,D000724,비칼루타미드,Bicalutamide,[M089188]비칼루타마이드/[M259016]비칼루타미드
[A005385]티카그렐러/[M252585]티카그렐러,단일,-,-,티카그렐러의혈중농도증가,-,Ticagrelor,D000385,D000712,리토나비르,Ritonavir,[M259362]리토나비르
[M101796]아데포비어디피복실,단일,-,-,신장청소율을감소시켜양쪽약물모두혈장농도상승,-,Adefovirdipivoxil,D000028,D000281,테노포비르,Tenofovir,[A001163]테노포비르
[A005225]릴피비린/[M253921]릴피비린염산염,단일,-,-,위장pH의증가로릴피비린의흡수가저하되어릴피비린의치료효과감소,-,Rilpivirine,D000225,D000168,일라프라졸,Ilaprazole,[M243753]일라프라졸/[M245218]일라프라졸
[A005225]릴피비린/[M253921]릴피비린염산염,단일,-,-,위장pH의증가로릴피비린의흡수가저하되어릴피비린의치료효과감소,-,Rilpivirine,D000225,D000386,판토프라졸,Pantoprazole,[A005386]판토프라졸
[M201260]염산메트포민/[M214651]염산메트포르민/[M223014]메트포르민염산염/[M244179]메트포르민염산염/[M255741]메트포르민아세트산염/[M263864]메트포르민/[M266682]메트포르민염산염콜로이드성이산화규소,단일,-,-,기능적신부전에의해유산산성증촉진,48시간이내병용금기,Metformin,D000718,D000032,아이오다이즈드오일,IodisedOil,[M259322]아이오다이즈드오일(양귀비종자유래요오드화지방산에틸에스테르)
[A005259]아미오다론,단일,-,-,Torsadedepointes위험증가,-,Amiodarone,D000259,D000809,아미트리프틸린,Amitriptyline,[M040348]염산아미트리프틸린/[M089101]염산아미트리프틸린서방정과립/[M201277]염산아미트리프틸린서방과립/[M223101]아미트리프틸린염산염
[M089710]심바스타틴/[M097492]에제티미브,복합,[D000027]Simvastatin(심바스타틴),-,근증/횡문근변성의위험성이증가,-,Ezetimibe,D000350,D000626,로피나비르,Lopinavir,[M259361]로피나비르/[M259362]리토나비르
[M089710]심바스타틴/[M097492]에제티미브,복합,[D000027]Simvastatin(심바스타틴),-,근증/횡문근변성의위험성이증가,-,Ezetimibe,D000350,D000762,이트라코나졸,Itraconazole,[M083733]이트라코나졸제피과립/[M083734]이트라코나졸/[M092870]이트라코나졸고체분산체/[M201487]이트라코나졸고체분산/[M201624]제피이트라코나졸과립
[M083733]이트라코나졸제피과립/[M083734]이트라코나졸/[M092870]이트라코나졸고체분산체/[M201487]이트라코나졸고체분산/[M201624]제피이트라코나졸과립,단일,-,-,Vardenafil의혈중농도증가,75세이상남성,Itraconazole,D000762,D000434,바데나필,Vardenafil,[M252262]바데나필염산염(미분화)
[M080670]아세메타신,단일,-,-,신세뇨관에서Methotrexate배설이지연되어Methotrexate의혈액학적독성증가,1주에15mg이상투여시,Acemetacin,D000031,D000716,메토트렉세이트,Methotrexate,[M040168]메토트렉세이트
[M040398]주석산에르고타민/[M223126]에르고타민타르타르산염/[M223183]카페인무수물,복합,[D001266]AnhydrousCaffeine(카페인무수물),-,맥각독성(혈관경련|말단및기타조직허혈),-,Ergotamine,D000747,D000150,아타자나비르,Atazanavir,[M249264]아타자나비어황산염/[M263079]아타자나비르황산염
[M252563]아바나필,단일,-,-,혈압강하증가,-,Avanafil,D000737,D000003,넬피나비어,Nelfinavir,[M088546]메실산넬피나비어
[M252563]아바나필,단일,-,-,혈압강하증가,-,Avanafil,D000737,D000215,니트로글리세린,Nitroglycerin,[M088774]희석니트로글리세린/[M094010]5%니트로글리세린무수에탄올액/[M104103]희석된니트로글리세린/[M104323]희석된니트로글리세린(니트로글리세린2%유당)/[M214344]희석힌니트로글리세린용액/[M257143]묽은니트로글리세린
[M252563]아바나필,단일,-,-,혈압강하증가,-,Avanafil,D000737,D000405,포사코나졸,Posaconazole,[M256381]포사코나졸(미분화)
[M252563]아바나필,단일,-,-,동일계열병용투여금기,-,Avanafil,D000737,D000434,바데나필,Vardenafil,[M252262]바데나필염산염(미분화)
[M081091]돔페리돈/[M085595]말레인산돔페리돈/[M222961]돔페리돈말레산염,단일,-,-,QTc연장효과증대로심각한위험(TorsadedePointes|심각한심실성부정맥포함)가능성,-,Domperidone,D000297,D000078,그라니세트론,Granisetron,[M093643]염산그라니세트론/[M245313]그라니세트론/[M246726]그라니세트론염산염/[M254683]그라니세트론염산염
[M081091]돔페리돈/[M085595]말레인산돔페리돈/[M222961]돔페리돈말레산염,단일,-,-,QTc연장효과증대로심각한위험(TorsadedePointes|심각한심실성부정맥포함)가능성,-,Domperidone,D000297,D000519,핀골리모드,Fingolimod,[M252321]핀골리모드염산염
[M081091]돔페리돈/[M085595]말레인산돔페리돈/[M222961]돔페리돈말레산염,단일,-,-,QTc연장효과증대로심각한위험(TorsadedePointes|심각한심실성부정맥포함)가능성,-,Domperidone,D000297,D000328,베다퀼린,Bedaquiline,[M259110]베다퀼린푸마르산염
[M081091]돔페리돈/[M085595]말레인산돔페리돈/[M222961]돔페리돈말레산염,단일,-,-,QTc연장효과증대로심각한위험(TorsadedePointes|심각한심실성부정맥포함)가능성,-,Domperidone,D000297,D000643,삼산화비소,Arsenictrioxide,[M250326]삼산화비소
[M081091]돔페리돈/[M085595]말레인산돔페리돈/[M222961]돔페리돈말레산염,단일,-,-,QTc연장효과증대로심각한위험(TorsadedePointes|심각한심실성부정맥포함)가능성,-,Domperidone,D000297,D000143,아나그렐리드,Anagrelide,[M246870]아나그렐리드염산염
[I012462]리바록사반(미세화)/[M254091]리바록사반(미세화)/[M264293]리바록사반(미분화),단일,-,-,리바록사반의혈중농도가상승하여출혈위험증가,-,Rivaroxaban,D000527,D000763,인디나빌,Indinavir,[M239870]인디나빌황산염
[A005225]릴피비린/[M253921]릴피비린염산염,단일,-,-,위장pH의증가로릴피비린의흡수가저하되어릴피비린의치료효과감소,-,Rilpivirine,D000225,D000751,에스판토프라졸,S-Pantoprazole,[M115229]S-판토프라졸나트륨삼수화물
[M257939]라사길린메실산염,단일,-,-,고혈압위기|세로토닌증후군발생위험증가,-,Rasagiline,D000698,D000447,세인트존스워트,St.JohnsWort,[M220509]세인트존스워트/[M248295]세인트존스워트80%메탄올엑스/[M255952]세인트존스워트50%에탄올엑스/[M256845]세인트존스워트틴크D2/[M258013]세인트존스워트80%메탄올건조엑스
[M245775]이바브라딘염산염,단일,-,-,이바브라딘의혈중농도증가,-,Ivabradine,D000571,D000003,넬피나비어,Nelfinavir,[M088546]메실산넬피나비어
[M245775]이바브라딘염산염,단일,-,-,이바브라딘의혈중농도증가,-,Ivabradine,D000571,D000256,에리트로마이신,Erythromycin,[M020095]에리스로마이신/[M020096]락토비온산에리스로마이신/[M020099]에리스로마이신에스톨레이트/[M020201]프로피온산에리스로마이신/[M223129]에리트로마이신/[M223130]에리트로마이신스테아르산염/[M223131]에리트로마이신에스톨산염/[M223132]에리트로마이신에틸숙시네이트/[M251863]에리트로마이신락토비온산염/[M256206]에리트로마이신장용피입자/[M257644]에리트로마이신스티노프레이트
[M236272]에트라비린,단일,-,-,에트라비린의혈중농도가감소하여치료효과감소혹은내성발현,-,Etravirine,D000036,D000447,세인트존스워트,St.JohnsWort,[M220509]세인트존스워트/[M248295]세인트존스워트80%메탄올엑스/[M255952]세인트존스워트50%에탄올엑스/[M256845]세인트존스워트틴크D2/[M258013]세인트존스워트80%메탄올건조엑스
[M236272]에트라비린,단일,-,-,에트라비린의혈중농도가감소하여치료효과감소혹은내성발현,-,Etravirine,D000036,D000282,페노바르비탈,Phenobarbital,[M040685]페노바르비탈/[M217088]페노바르비탈나트륨
[M083697]오메프라졸장용성과립/[M083698]오메프라졸/[M089720]오메프라졸나트륨/[M201348]오메프라졸장용과립,단일,-,-,Nelfinavir의치료효과감소및내성발현위험증가,-,Omeprazole,D000469,D000003,넬피나비어,Nelfinavir,[M088546]메실산넬피나비어
[A005749]에티닐에스트라디올/[M040405]에치닐에스트라디올/[M080323]초산시프로테론/[M222867]시프로테론아세테이트/[M223147]에티닐에스트라디올/[M259133]에티닐에스트라디올(EE-베타덱스포접체로서),복합,[D000749]Ethinylestradiol(에티닐에스트라디올),-,혈전색전증위험을높임,-,Cyproterone,D000733,D000617,레보노르게스트렐,Levonorgestrel,[M095487]레보노르게스트렐
[A005749]에티닐에스트라디올/[M040405]에치닐에스트라디올/[M080323]초산시프로테론/[M222867]시프로테론아세테이트/[M223147]에티닐에스트라디올/[M259133]에티닐에스트라디올(EE-베타덱스포접체로서),복합,[D000749]Ethinylestradiol(에티닐에스트라디올),-,혈전색전증위험을높임,48시간이내병용금기,Cyproterone,D000733,D000556,에토노게스트렐,Etonogestrel,[M093855]에토노게스트렐
[A005749]에티닐에스트라디올/[M040405]에치닐에스트라디올/[M080323]초산시프로테론/[M222867]시프로테론아세테이트/[M223147]에티닐에스트라디올/[M259133]에티닐에스트라디올(EE-베타덱스포접체로서),복합,[D000749]Ethinylestradiol(에티닐에스트라디올),-,혈전색전증위험을높임,48시간이내병용금기,Cyproterone,D000733,D000694,데소게스트렐,Desogestrel,[A005749]에티닐에스트라디올/[M040405]에치닐에스트라디올/[M083365]데소게스트렐/[M223147]에티닐에스트라디올/[M259133]에티닐에스트라디올(EE-베타덱스포접체로서)
[M252262]바데나필염산염(미분화),단일,-,-,혈압강하증가,-,Vardenafil,D000434,D000673,코비시스타트,Cobicistat,[A001163]테노포비르/[A005561]엘비테그라비르/[M250026]엠트리시타빈/[M256270]코비시스타트이산화규소
[M040398]주석산에르고타민/[M040579]카페인(함수)/[M040580]무수카페인/[M090611]카페인/[M223126]에르고타민타르타르산염/[M223183]카페인무수물/[M223184]카페인수화물/[M241017]무수물카페인,복합,[D000852]Caffeine(카페인),-,맥각독성(혈관경련|말단및기타조직허혈),24시간이내병용금기,Ergotamine,D000747,D000407,프로바트립탄,Frovatriptan,[M246494]프로바트립탄숙신산염일수화물
[M081091]돔페리돈/[M085595]말레인산돔페리돈/[M222961]돔페리돈말레산염,단일,-,-,QTc연장효과증대로심각한위험(TorsadedePointes|심각한심실성부정맥포함)가능성,-,Domperidone,D000297,D000201,드로네다론,Dronedarone,[M249412]드로네다론염산염
[M082061]퀴누프라민,단일,-,-,혈압변동의위험,-,Quinupramine,D000811,D000139,셀레길린염산염,SelegilineHydrochloride,[M222864]셀레길린염산염
[A005259]아미오다론,단일,-,-,Torsadedepointes위험증가,-,Amiodarone,D000259,D000343,아만타딘,Amantadine,[M050926]염산아만타딘/[M081897]황산아만타딘/[M258880]아만타딘황산염/[M263832]아만타딘
[M089710]심바스타틴/[M097492]에제티미브,복합,[D000027]Simvastatin(심바스타틴),-,근증/횡문근변성의위험성이증가,-,Ezetimibe,D000350,D000003,넬피나비어,Nelfinavir,[M088546]메실산넬피나비어
[M020046]염산메타사이클린,단일,-,-,두개내고혈압,-,Methacycline,D000158,D000758,이소트레티노인,Isotretinoin,[M088250]이소트레티노인
[M215226]염산디에칠프로피온/[M230781]디에틸프로피온염산염,단일,-,-,판막심장병위험,-,Diethylpropion,D000505,D000795,펜터민,Phentermine,[M099629]염산펜터민/[M219108]염산펜터민/[M238557]펜터민염산염
[M092419]마진돌,단일,-,-,혈압상승위험유발,-,Mazindol,D000714,D000139,셀레길린염산염,SelegilineHydrochloride,[M222864]셀레길린염산염
[M223223]클로미프라민염산염,단일,-,-,고혈압위기|이상고열증|근간대경련|격월성발작|정신착란|혼수등,-,Clomipramine,D000277,D000139,셀레길린염산염,SelegilineHydrochloride,[M222864]셀레길린염산염
[M081091]돔페리돈/[M085595]말레인산돔페리돈/[M222961]돔페리돈말레산염,단일,-,-,QTc연장효과증대로심각한위험(TorsadedePointes|심각한심실성부정맥포함)가능성,-,Domperidone,D000297,D000635,반데타닙,Vandetanib,[M257061]반데타닙
[M081091]돔페리돈/[M085595]말레인산돔페리돈/[M222961]돔페리돈말레산염,단일,-,-,QTc연장효과증대로심각한위험(TorsadedePointes|심각한심실성부정맥포함)가능성강력한CYP억제제가돔페리돈의대사를감소시켜|돔페리돈의영향(이상반응포함)증대가능성,-,Domperidone,D000297,D000712,리토나비르,Ritonavir,[M259361]로피나비르/[M259362]리토나비르
[M081091]돔페리돈/[M085595]말레인산돔페리돈/[M222961]돔페리돈말레산염,단일,-,-,QTc연장효과증대로심각한위험(TorsadedePointes|심각한심실성부정맥포함)가능성강력한CYP억제제가돔페리돈의대사를감소시켜|돔페리돈의영향(이상반응포함)증대가능성,-,Domperidone,D000297,D000712,리토나비르,Ritonavir,[M259362]리토나비르
[M081091]돔페리돈/[M085595]말레인산돔페리돈/[M222961]돔페리돈말레산염,단일,-,-,QTc연장효과증대로심각한위험(TorsadedePointes|심각한심실성부정맥포함)가능성,-,Domperidone,D000297,D000102,프루칼로프라이드,Prucalopride,[M255643]프루칼로프라이드숙신산염
[M081091]돔페리돈/[M085595]말레인산돔페리돈/[M222961]돔페리돈말레산염,단일,-,-,QTc연장효과증대로심각한위험(TorsadedePointes|심각한심실성부정맥포함)가능성,-,Domperidone,D000297,D000261,옥사토마이드,Oxatomide,[M083726]옥사토마이드
[M081091]돔페리돈/[M085595]말레인산돔페리돈/[M222961]돔페리돈말레산염,단일,-,-,QTc연장효과증대로심각한위험(TorsadedePointes|심각한심실성부정맥포함)가능성,-,Domperidone,D000297,D000793,레보플록사신,Levofloxacin,[M085584]레보플록사신/[M088567]레보플록사신수화물/[M251128]레보플록사신수화물
[M081091]돔페리돈/[M085595]말레인산돔페리돈/[M222961]돔페리돈말레산염,단일,-,-,QTc연장효과증대로심각한위험(TorsadedePointes|심각한심실성부정맥포함)가능성,-,Domperidone,D000297,D000256,에리트로마이신,Erythromycin,[M020095]에리스로마이신/[M020096]락토비온산에리스로마이신/[M020099]에리스로마이신에스톨레이트/[M020201]프로피온산에리스로마이신/[M223129]에리트로마이신/[M223130]에리트로마이신스테아르산염/[M223131]에리트로마이신에스톨산염/[M223132]에리트로마이신에틸숙시네이트/[M251863]에리트로마이신락토비온산염/[M256206]에리트로마이신장용피입자/[M257644]에리트로마이신스티노프레이트
[M081091]돔페리돈/[M085595]말레인산돔페리돈/[M222961]돔페리돈말레산염,단일,-,-,QTc연장효과증대로심각한위험(TorsadedePointes|심각한심실성부정맥포함)가능성,-,Domperidone,D000297,D000348,에바스틴,Ebastine,[M050833]염산슈도에페드린/[M081720]황산슈도에페드린/[M085337]에바스틴/[M088967]에바스틴구형과립/[M203364]슈도에페드린염산염/[M222865]수도에페드린염산염/[M248579]수도에페드린황산염/[M256034]수도에페드린염산염과립/[M258826]수도에페드린
[M245211]다폭세틴염산염/[M245237]다폭세틴염산염,단일,-,-,세로토닌성증후군(고혈압|고열|간대성근경련|정신상태변화등),-,Dapoxetine,D000084,D000429,모클로베미드,Moclobemide,[M085249]모클로베미드
[M040420]염산에페드린/[M223155]에페드린염산염,단일,-,-,부정맥또는심정지,소생등의응급상황제외,Ephedrine,D000155,D000082,노르에피네프린,Norepinephrine,[M091963]주석산수소노르에피네프린/[M252333]노르에피네프린타르타르산염수화물
[M051568]황산테르부탈린,단일,-,-,부정맥도는심정지,소생등의응급상황제외,TerbutalineSulfate,D000521,D000082,노르에피네프린,Norepinephrine,[M091963]주석산수소노르에피네프린/[M252333]노르에피네프린타르타르산염수화물
[M243753]일라프라졸/[M245218]일라프라졸,단일,-,-,아타자나비르의혈중농도감소,-,Ilaprazole,D000168,D000150,아타자나비르,Atazanavir,[M249264]아타자나비어황산염/[M263079]아타자나비르황산염
[M085578]란소프라졸/[M091244]란소프라졸과립,단일,-,-,아타자나비르의혈중농도감소,-,Lansoprazole,D000699,D000150,아타자나비르,Atazanavir,[M249264]아타자나비어황산염/[M263079]아타자나비르황산염
[M090949]졸미트립탄,단일,-,-,졸미트립탄의혈중농도증가,-,Zolmitriptan,D000171,D000429,모클로베미드,Moclobemide,[M085249]모클로베미드
[M222988]레보메프로마진말레산염,단일,-,-,중추흥분상태증가,-,Levomepromazine,D000792,D000429,모클로베미드,Moclobemide,[M085249]모클로베미드
[M215226]염산디에칠프로피온/[M230781]디에틸프로피온염산염,단일,-,-,고혈압위기유발,-,Diethylpropion,D000505,D000139,셀레길린염산염,SelegilineHydrochloride,[M222864]셀레길린염산염
[M212533]염산아토목세틴/[M246680]아토목세틴염산염,단일,-,-,고열|경직|간대성근경련|정신상태변화등,-,Atomoxetine,D000552,D000429,모클로베미드,Moclobemide,[M085249]모클로베미드
[M089365]말레인산로시글리타존/[M201260]염산메트포민/[M214651]염산메트포르민/[M223014]메트포르민염산염/[M237507]로시글리타존말레산염/[M244179]메트포르민염산염/[M255741]메트포르민아세트산염/[M263864]메트포르민/[M266682]메트포르민염산염콜로이드성이산화규소,복합,[D000002]RosiglitazoneMaleate(로시글리타존말레산염),-,기능적신부전에의해유산산성증촉진,48시간이내병용금기,Metformin,D000718,D000165,이오베르솔,Ioversol,[A000953]이오베르솔/[M088691]이오버솔/[M257716]이오베르솔/[M274167]조이오베르솔
[M089365]말레인산로시글리타존/[M201260]염산메트포민/[M214651]염산메트포르민/[M223014]메트포르민염산염/[M237507]로시글리타존말레산염/[M244179]메트포르민염산염/[M255741]메트포르민아세트산염/[M263864]메트포르민/[M266682]메트포르민염산염콜로이드성이산화규소,복합,[D000002]RosiglitazoneMaleate(로시글리타존말레산염),-,기능적신부전에의해유산산성증촉진,48시간이내병용금기,Metformin,D000718,D000268,이옥사글린산,IoxaglicAcid,[M085561]이옥사글린산
[A110673]카보테그라비르,단일,-,-,Cabotegravir의혈중농도를감소시켜치료효과를감소시킬수있음.,-,Cabotegravir,D001748,D000314,리팜피신,Rifampicin,[M020042]리팜피신
